{
"type": "FeatureCollection",
"name": "major_roads",
"crs": { "type": "name", "properties": { "name": "urn:ogc:def:crs:OGC:1.3:CRS84" } },
"features": [
{ "type": "Feature", "properties": { "highway": "tertiary" }, "geometry": { "type": "LineString", "coordinates": [ [ 82.9454954, 25.3587697 ], [ 82.9455321, 25.3587901 ], [ 82.9475819, 25.3600042 ], [ 82.9479545, 25.3602012 ], [ 82.948285, 25.3603892 ], [ 82.9486747, 25.3606378 ], [ 82.9498224, 25.3614358 ], [ 82.9500413, 25.3615919 ], [ 82.9507998, 25.362049 ], [ 82.9508582, 25.3620809 ], [ 82.9519985, 25.3627866 ], [ 82.9521165, 25.3628621 ], [ 82.9531795, 25.363385 ], [ 82.9538335, 25.3637036 ], [ 82.9540789, 25.3638231 ], [ 82.9545176, 25.3640241 ], [ 82.9551758, 25.3642358 ], [ 82.9556086, 25.3643729 ], [ 82.956252, 25.3645198 ], [ 82.9565011, 25.3645538 ], [ 82.9568549, 25.3646439 ], [ 82.9569605, 25.364666 ], [ 82.9582752, 25.3649405 ], [ 82.9590512, 25.3651362 ], [ 82.9593514, 25.3652002 ], [ 82.9598182, 25.3652976 ], [ 82.959945, 25.3653277 ], [ 82.960439, 25.365449 ], [ 82.9607066, 25.365512 ], [ 82.9608662, 25.365565 ], [ 82.961027, 25.3656363 ], [ 82.9613678, 25.3658458 ], [ 82.9615158, 25.3659604 ], [ 82.9619601, 25.3662725 ], [ 82.96211, 25.3664048 ], [ 82.9623412, 25.3665831 ], [ 82.9627714, 25.3668999 ], [ 82.9630906, 25.3672535 ], [ 82.963244, 25.3673707 ], [ 82.9634746, 25.3676111 ], [ 82.9638124, 25.3678887 ], [ 82.9639026, 25.3679845 ], [ 82.9642195, 25.3683701 ], [ 82.9644395, 25.3686042 ], [ 82.9646331, 25.3688656 ], [ 82.9648114, 25.3690737 ], [ 82.9649666, 25.3692878 ], [ 82.965079, 25.3694531 ], [ 82.9651603, 25.3695861 ], [ 82.9652986, 25.3697581 ], [ 82.9654157, 25.3699103 ], [ 82.9655315, 25.3700151 ], [ 82.9656455, 25.3701001 ], [ 82.965779, 25.3701288 ], [ 82.9660293, 25.3702628 ], [ 82.966455, 25.3704008 ], [ 82.9668846, 25.3705239 ], [ 82.9670765, 25.3705752 ], [ 82.9672986, 25.3706182 ], [ 82.9676727, 25.3706173 ], [ 82.9680027, 25.3706158 ], [ 82.9682493, 25.3706268 ], [ 82.968457, 25.3706351 ], [ 82.9686141, 25.3706471 ], [ 82.9687508, 25.3706583 ], [ 82.9691047, 25.3706973 ], [ 82.9694034, 25.3707593 ], [ 82.9695057, 25.3707656 ], [ 82.9699676, 25.3708216 ], [ 82.970108, 25.3708556 ], [ 82.970191, 25.3708728 ], [ 82.9704841, 25.370971 ], [ 82.9707685, 25.371109 ], [ 82.9711295, 25.3713056 ], [ 82.9714274, 25.3714979 ], [ 82.9716028, 25.3716114 ], [ 82.9718475, 25.3717311 ] ] } },
{ "type": "Feature", "properties": { "highway": "trunk" }, "geometry": { "type": "LineString", "coordinates": [ [ 82.996417, 25.3341694 ], [ 82.9964398, 25.3332602 ], [ 82.9964727, 25.3330218 ], [ 82.9964703, 25.3328188 ] ] } },
{ "type": "Feature", "properties": { "highway": "trunk" }, "geometry": { "type": "LineString", "coordinates": [ [ 82.9942636, 25.3474286 ], [ 82.9943047, 25.3472876 ], [ 82.9943182, 25.3471797 ], [ 82.9943316, 25.3469991 ], [ 82.9943335, 25.346875 ], [ 82.9943342, 25.3468282 ], [ 82.9943074, 25.3466476 ], [ 82.9941358, 25.3458319 ], [ 82.9940768, 25.3454411 ], [ 82.9940701, 25.3453005 ], [ 82.9940794, 25.3451853 ], [ 82.9940996, 25.3450981 ], [ 82.9941364, 25.3450235 ], [ 82.9942042, 25.344946 ], [ 82.9942887, 25.3448623 ], [ 82.9945549, 25.3446642 ], [ 82.9947419, 25.3445424 ], [ 82.9949793, 25.3443666 ], [ 82.9951221, 25.3442533 ], [ 82.9952556, 25.3441169 ], [ 82.9953796, 25.3439909 ], [ 82.9954923, 25.3438666 ], [ 82.9956412, 25.3436927 ], [ 82.9958765, 25.3434037 ], [ 82.9962507, 25.3429728 ], [ 82.996423, 25.3427831 ], [ 82.9964948, 25.3426964 ], [ 82.9965444, 25.3425498 ] ] } },
{ "type": "Feature", "properties": { "highway": "tertiary" }, "geometry": { "type": "LineString", "coordinates": [ [ 82.9888397, 25.3434758 ], [ 82.988965, 25.3440562 ], [ 82.9890306, 25.3441189 ], [ 82.989349, 25.3444233 ], [ 82.989739, 25.3447579 ], [ 82.9900993, 25.3450225 ], [ 82.9909461, 25.3458027 ], [ 82.9909859, 25.3458394 ], [ 82.9912504, 25.3464605 ], [ 82.9913008, 25.3465788 ], [ 82.9913274, 25.3466227 ], [ 82.9913393, 25.3466424 ], [ 82.9915122, 25.346928 ], [ 82.9919471, 25.3476464 ], [ 82.9920279, 25.3477579 ], [ 82.9922853, 25.3480717 ], [ 82.9928262, 25.3483631 ], [ 82.9928899, 25.3484159 ], [ 82.9930978, 25.3485879 ], [ 82.9933683, 25.3491256 ], [ 82.9935037, 25.3493466 ] ] } },
{ "type": "Feature", "properties": { "highway": "tertiary" }, "geometry": { "type": "LineString", "coordinates": [ [ 82.9946963, 25.3499079 ], [ 82.9948441, 25.3498162 ], [ 82.9950206, 25.3497439 ], [ 82.9953571, 25.3496479 ], [ 82.9961727, 25.3495141 ], [ 82.9963519, 25.3495137 ], [ 82.9971119, 25.3495353 ], [ 82.9976377, 25.3495747 ], [ 82.9980825, 25.3495978 ], [ 82.9981858, 25.3496032 ], [ 82.9984003, 25.3496067 ], [ 82.9987283, 25.349612 ], [ 82.9991613, 25.3496218 ], [ 82.9996311, 25.3496325 ], [ 82.9998143, 25.3496367 ], [ 83.0005664, 25.3496538 ], [ 83.0007562, 25.3496429 ], [ 83.0007663, 25.3496424 ], [ 83.0011273, 25.3496217 ], [ 83.001365, 25.3495944 ], [ 83.0021131, 25.3495085 ], [ 83.0021513, 25.3495061 ], [ 83.002587, 25.3494783 ], [ 83.0032619, 25.3494445 ], [ 83.00372, 25.3493993 ], [ 83.0038539, 25.349384 ], [ 83.004326, 25.3493632 ], [ 83.0049585, 25.3493354 ], [ 83.0052604, 25.3493183 ], [ 83.0057987, 25.3492878 ], [ 83.0061905, 25.3492656 ] ] } },
{ "type": "Feature", "properties": { "highway": "trunk" }, "geometry": { "type": "LineString", "coordinates": [ [ 83.0339882, 25.3257595 ], [ 83.0338934, 25.3256773 ], [ 83.0338035, 25.3256057 ], [ 83.0336995, 25.3255339 ], [ 83.0336022, 25.3254773 ], [ 83.0330907, 25.3252255 ], [ 83.0330344, 25.3251874 ], [ 83.0329949, 25.3251457 ], [ 83.0329644, 25.3250927 ], [ 83.0329532, 25.3250351 ], [ 83.0329603, 25.3249734 ], [ 83.0329812, 25.324923 ], [ 83.0369621, 25.3185076 ] ] } },
{ "type": "Feature", "properties": { "highway": "secondary" }, "geometry": { "type": "LineString", "coordinates": [ [ 83.031149, 25.2804002 ], [ 83.0317177, 25.2803848 ], [ 83.0325916, 25.2803842 ], [ 83.0332836, 25.2803837 ], [ 83.0349415, 25.2803346 ], [ 83.0367794, 25.2802801 ], [ 83.0369171, 25.2802992 ], [ 83.0370696, 25.2803634 ] ] } },
{ "type": "Feature", "properties": { "highway": "secondary" }, "geometry": { "type": "LineString", "coordinates": [ [ 83.0370696, 25.2803634 ], [ 83.0371374, 25.2804349 ], [ 83.0371713, 25.2805575 ], [ 83.0371795, 25.2814513 ], [ 83.037296, 25.2828052 ], [ 83.0373225, 25.2829231 ], [ 83.037387, 25.2830253 ], [ 83.0374961, 25.2831272 ], [ 83.0376519, 25.2831764 ], [ 83.0378526, 25.2831791 ], [ 83.0392849, 25.2831263 ], [ 83.0394448, 25.2830478 ], [ 83.0395377, 25.2829464 ], [ 83.0395743, 25.282793 ], [ 83.0396149, 25.2809752 ], [ 83.0396607, 25.2803263 ], [ 83.0397364, 25.2792536 ], [ 83.039756, 25.2790633 ], [ 83.0397866, 25.2787943 ], [ 83.0399067, 25.277451 ], [ 83.0399359, 25.2772948 ], [ 83.0400282, 25.276489 ], [ 83.0400531, 25.2761883 ], [ 83.0401656, 25.2756075 ], [ 83.0402308, 25.2753063 ], [ 83.0402539, 25.2751994 ], [ 83.0402764, 25.275129 ], [ 83.0403504, 25.2749648 ], [ 83.0405071, 25.2745883 ], [ 83.0407594, 25.2740848 ], [ 83.0409665, 25.2736325 ], [ 83.0410054, 25.2735476 ], [ 83.0411701, 25.2731533 ], [ 83.0414763, 25.2723048 ], [ 83.0417048, 25.2716605 ], [ 83.0417478, 25.2715397 ], [ 83.0418738, 25.271186 ], [ 83.0419065, 25.2711265 ], [ 83.041921, 25.2711001 ], [ 83.0424302, 25.270311 ], [ 83.0425346, 25.2701598 ], [ 83.0427985, 25.2697776 ], [ 83.0429305, 25.269585 ], [ 83.0429472, 25.2695607 ], [ 83.043033, 25.2694724 ], [ 83.0430812, 25.2694315 ], [ 83.0431578, 25.2693905 ], [ 83.043712, 25.2691492 ], [ 83.0438797, 25.2690609 ], [ 83.0439434, 25.2690011 ], [ 83.0439898, 25.2689303 ], [ 83.0440108, 25.2688656 ], [ 83.0440089, 25.2688096 ], [ 83.0439665, 25.2685802 ], [ 83.0437075, 25.2676525 ], [ 83.0436532, 25.2675115 ], [ 83.0436367, 25.2674711 ], [ 83.0436053, 25.2674176 ], [ 83.0435695, 25.2673676 ], [ 83.0435246, 25.2673256 ], [ 83.0434826, 25.2672882 ], [ 83.0434154, 25.2672491 ], [ 83.0433684, 25.267231 ], [ 83.0432236, 25.267176 ], [ 83.0431017, 25.2671446 ], [ 83.0429208, 25.267109 ], [ 83.0428017, 25.2670917 ], [ 83.0427413, 25.2670847 ], [ 83.0426997, 25.2670903 ], [ 83.0426262, 25.2671 ], [ 83.0424831, 25.2671384 ], [ 83.042321, 25.2671992 ], [ 83.0420381, 25.2673056 ], [ 83.0419518, 25.2673285 ], [ 83.0416204, 25.2674163 ], [ 83.0408156, 25.2675979 ], [ 83.0406673, 25.2676313 ], [ 83.0401944, 25.267729 ], [ 83.0398318, 25.2677673 ], [ 83.0396242, 25.2677807 ], [ 83.0392554, 25.2677948 ], [ 83.0391977, 25.2677924 ], [ 83.0391096, 25.2677943 ], [ 83.0388652, 25.2678273 ], [ 83.0386791, 25.2678524 ], [ 83.03861, 25.2678571 ], [ 83.0382691, 25.2679048 ], [ 83.038191, 25.2679211 ], [ 83.0379779, 25.2679657 ], [ 83.0377871, 25.268006 ], [ 83.0374112, 25.2680648 ], [ 83.0369059, 25.2681632 ], [ 83.0366003, 25.2682228 ], [ 83.036375, 25.2682608 ], [ 83.0361866, 25.2683188 ], [ 83.0360548, 25.2683743 ], [ 83.0356164, 25.2686104 ], [ 83.0354632, 25.2686917 ], [ 83.0354152, 25.2687172 ], [ 83.0347223, 25.269085 ], [ 83.0344059, 25.2692352 ], [ 83.0341547, 25.2693051 ], [ 83.0339942, 25.2693461 ], [ 83.0338849, 25.269361 ], [ 83.0329086, 25.2694761 ], [ 83.0327517, 25.2695065 ], [ 83.0325688, 25.2695383 ], [ 83.0322243, 25.2695981 ], [ 83.0320818, 25.2696141 ], [ 83.0316533, 25.2696623 ], [ 83.0310462, 25.2697326 ], [ 83.030301, 25.2698218 ], [ 83.0285206, 25.2700057 ], [ 83.028254, 25.2700131 ], [ 83.0275956, 25.27007 ], [ 83.0270425, 25.2701275 ], [ 83.0268528, 25.2701319 ], [ 83.0263288, 25.2702059 ], [ 83.0258762, 25.2702615 ], [ 83.0256625, 25.2702898 ], [ 83.0255887, 25.2703053 ], [ 83.0255418, 25.2703247 ] ] } },
{ "type": "Feature", "properties": { "highway": "tertiary" }, "geometry": { "type": "LineString", "coordinates": [ [ 82.9846243, 25.2750742 ], [ 82.9849462, 25.2752649 ], [ 82.9855245, 25.2758523 ], [ 82.9856311, 25.2759773 ], [ 82.9859501, 25.2763512 ], [ 82.98625, 25.276636 ], [ 82.9864433, 25.2767524 ], [ 82.987097, 25.2770662 ], [ 82.9877235, 25.2773974 ], [ 82.987786, 25.2774304 ], [ 82.9882152, 25.2778728 ], [ 82.9882965, 25.2779452 ], [ 82.988374, 25.2780141 ], [ 82.9886631, 25.2781847 ], [ 82.9888376, 25.2782527 ], [ 82.9890918, 25.2782665 ], [ 82.989209, 25.2782886 ], [ 82.9895926, 25.2783362 ], [ 82.9899616, 25.278342 ], [ 82.9907507, 25.2783062 ], [ 82.990994, 25.2782258 ], [ 82.9922858, 25.2781045 ], [ 82.9927418, 25.278089 ], [ 82.9930143, 25.2781147 ], [ 82.9932439, 25.2781991 ], [ 82.9936457, 25.2784029 ], [ 82.9939978, 25.2785498 ], [ 82.9943492, 25.278654 ], [ 82.9944418, 25.2786941 ], [ 82.994515, 25.2787312 ] ] } },
{ "type": "Feature", "properties": { "highway": "primary" }, "geometry": { "type": "LineString", "coordinates": [ [ 82.9687494, 25.2841634 ], [ 82.9685738, 25.2841968 ], [ 82.9684912, 25.284211 ] ] } },
{ "type": "Feature", "properties": { "highway": "primary" }, "geometry": { "type": "LineString", "coordinates": [ [ 82.9685006, 25.3019128 ], [ 82.9683369, 25.3018753 ], [ 82.9681921, 25.3018534 ], [ 82.9679038, 25.3018268 ], [ 82.967425, 25.3017989 ], [ 82.9669851, 25.3017819 ], [ 82.96645, 25.3017722 ], [ 82.9662864, 25.3017722 ], [ 82.9661201, 25.3017673 ], [ 82.9658814, 25.3017358 ], [ 82.9655434, 25.3016946 ], [ 82.9653543, 25.3016655 ], [ 82.9650325, 25.3016012 ], [ 82.9646489, 25.3015212 ], [ 82.9644155, 25.3014691 ], [ 82.9641098, 25.3014254 ], [ 82.9637772, 25.301383 ], [ 82.9623395, 25.301223 ], [ 82.9614933, 25.3011466 ], [ 82.9604217, 25.3010544 ], [ 82.9596936, 25.3010054 ], [ 82.9594146, 25.3009914 ], [ 82.9590994, 25.300978 ], [ 82.958453, 25.3009489 ], [ 82.9575317, 25.3009113 ], [ 82.9568933, 25.300892 ], [ 82.9558513, 25.300841 ], [ 82.9548655, 25.300784 ], [ 82.954085, 25.3007089 ], [ 82.9537189, 25.3006604 ], [ 82.9532616, 25.3005888 ], [ 82.9528874, 25.3005343 ], [ 82.9526407, 25.300504 ], [ 82.9524556, 25.3004773 ], [ 82.9520103, 25.300413 ], [ 82.9511856, 25.3003003 ], [ 82.9509267, 25.300276 ], [ 82.9506169, 25.3002469 ], [ 82.9502293, 25.3002166 ], [ 82.9500724, 25.3002324 ], [ 82.9498587, 25.3002879 ], [ 82.9497707, 25.300316 ] ] } },
{ "type": "Feature", "properties": { "highway": "primary" }, "geometry": { "type": "LineString", "coordinates": [ [ 83.002371, 25.2928392 ], [ 83.0022396, 25.292236 ], [ 83.0020863, 25.2917054 ], [ 83.0019173, 25.2911534 ], [ 83.0017881, 25.2906846 ], [ 83.0016438, 25.290198 ], [ 83.0016241, 25.2900765 ], [ 83.001607, 25.2899259 ], [ 83.0015936, 25.2896949 ], [ 83.0016234, 25.2894116 ], [ 83.0016276, 25.2893467 ], [ 83.0016337, 25.2890189 ], [ 83.0016343, 25.2889893 ], [ 83.0016616, 25.2886196 ], [ 83.0016632, 25.288524 ], [ 83.0016305, 25.2883039 ], [ 83.0016184, 25.2881721 ], [ 83.0016041, 25.2880353 ], [ 83.0016029, 25.2879587 ], [ 83.0016017, 25.2878815 ], [ 83.0016097, 25.2877389 ], [ 83.0016297, 25.2875976 ], [ 83.0016729, 25.2874357 ], [ 83.0017285, 25.2872538 ], [ 83.0018846, 25.286809 ], [ 83.0019353, 25.2866774 ], [ 83.0021618, 25.2860931 ], [ 83.0023449, 25.2856255 ] ] } },
{ "type": "Feature", "properties": { "highway": "tertiary" }, "geometry": { "type": "LineString", "coordinates": [ [ 83.0056256, 25.2772239 ], [ 83.005631, 25.2773097 ], [ 83.0056706, 25.2778506 ], [ 83.00568, 25.2782083 ], [ 83.005676, 25.2783381 ], [ 83.0056532, 25.2785285 ], [ 83.0056009, 25.2786776 ], [ 83.0054802, 25.278885 ], [ 83.0053045, 25.2791906 ], [ 83.0051368, 25.2793871 ], [ 83.0050029, 25.2795341 ], [ 83.0048304, 25.2797236 ], [ 83.0046567, 25.2799097 ], [ 83.0045736, 25.2800231 ], [ 83.0044703, 25.2802026 ], [ 83.0042913, 25.2804354 ], [ 83.0041129, 25.2806494 ], [ 83.0039232, 25.2808249 ], [ 83.0035424, 25.2813089 ], [ 83.0031028, 25.2818828 ] ] } },
{ "type": "Feature", "properties": { "highway": "primary" }, "geometry": { "type": "LineString", "coordinates": [ [ 83.0014113, 25.2970889 ], [ 83.0015802, 25.2970678 ], [ 83.0016889, 25.2970375 ], [ 83.0022159, 25.296932 ], [ 83.0025992, 25.2968437 ], [ 83.0026927, 25.2968222 ] ] } },
{ "type": "Feature", "properties": { "highway": "tertiary" }, "geometry": { "type": "LineString", "coordinates": [ [ 82.9964276, 25.3016207 ], [ 82.9965833, 25.3015564 ], [ 82.9969051, 25.3014497 ], [ 82.9972204, 25.301347 ], [ 82.997399, 25.3012838 ], [ 82.9975274, 25.3012314 ], [ 82.9977371, 25.3011043 ], [ 82.998055, 25.3008482 ], [ 82.9980762, 25.3008302 ], [ 82.9983721, 25.3005787 ], [ 82.9986397, 25.3003811 ], [ 82.9988881, 25.3002097 ], [ 82.9990538, 25.3001073 ] ] } },
{ "type": "Feature", "properties": { "highway": "tertiary" }, "geometry": { "type": "LineString", "coordinates": [ [ 82.9998324, 25.2926029 ], [ 82.9996977, 25.2925963 ], [ 82.9995311, 25.2926214 ], [ 82.9993136, 25.2926623 ], [ 82.9991014, 25.2926941 ], [ 82.9988502, 25.2927327 ], [ 82.9986598, 25.2927563 ], [ 82.9983496, 25.2927926 ], [ 82.9981602, 25.2928075 ], [ 82.9976676, 25.2928431 ], [ 82.9975117, 25.2929125 ] ] } },
{ "type": "Feature", "properties": { "highway": "tertiary" }, "geometry": { "type": "LineString", "coordinates": [ [ 82.9926512, 25.2912907 ], [ 82.9928682, 25.2912433 ], [ 82.9930739, 25.2911846 ], [ 82.9934801, 25.291006 ], [ 82.9936752, 25.290959 ], [ 82.994157, 25.2908803 ], [ 82.9943723, 25.290843 ], [ 82.9951736, 25.2907468 ], [ 82.9952422, 25.2907331 ], [ 82.9952971, 25.2907076 ], [ 82.9953263, 25.2906771 ], [ 82.9953378, 25.2906345 ], [ 82.9953325, 25.2905841 ], [ 82.9952719, 25.2903451 ], [ 82.995222, 25.2901432 ], [ 82.9950956, 25.289715 ], [ 82.9950512, 25.2895794 ], [ 82.9949975, 25.2893897 ], [ 82.9948963, 25.2891275 ], [ 82.9948586, 25.2888789 ], [ 82.9948392, 25.2887962 ], [ 82.9948488, 25.2887151 ], [ 82.9949164, 25.2886586 ], [ 82.9950161, 25.2886225 ] ] } },
{ "type": "Feature", "properties": { "highway": "tertiary" }, "geometry": { "type": "LineString", "coordinates": [ [ 82.9302916, 25.2902358 ], [ 82.9303367, 25.2901794 ], [ 82.9305973, 25.2900067 ], [ 82.9308401, 25.2898487 ], [ 82.9312434, 25.2896027 ], [ 82.9313105, 25.2895823 ], [ 82.9313831, 25.2895729 ], [ 82.9323799, 25.2895335 ], [ 82.932481, 25.2895268 ], [ 82.9330539, 25.2894888 ], [ 82.933781, 25.2894265 ], [ 82.9339934, 25.2894028 ], [ 82.9341973, 25.28938 ], [ 82.9345539, 25.2893402 ], [ 82.9352312, 25.2892602 ], [ 82.9357476, 25.2891702 ], [ 82.935878, 25.2891475 ], [ 82.9360221, 25.2891254 ], [ 82.9363761, 25.289071 ], [ 82.9371506, 25.2889521 ], [ 82.9373557, 25.2889106 ], [ 82.9376947, 25.2888492 ], [ 82.9378831, 25.2888181 ], [ 82.9383129, 25.2887484 ], [ 82.9387963, 25.2886512 ], [ 82.9388515, 25.28864 ], [ 82.9389949, 25.2885973 ], [ 82.9394632, 25.2884301 ], [ 82.9398182, 25.2883023 ], [ 82.9404363, 25.2881095 ], [ 82.9405276, 25.288086 ], [ 82.9405718, 25.2880746 ], [ 82.9412973, 25.2878931 ], [ 82.9414723, 25.2878582 ], [ 82.9415196, 25.2878428 ], [ 82.9425064, 25.2876313 ], [ 82.9426207, 25.2876099 ], [ 82.9429377, 25.2875597 ], [ 82.9436352, 25.2874461 ], [ 82.9443916, 25.287337 ], [ 82.9449552, 25.2872538 ], [ 82.9456393, 25.2871594 ], [ 82.9457349, 25.2871482 ], [ 82.9461514, 25.2870797 ], [ 82.9467028, 25.2869397 ], [ 82.9471592, 25.2868158 ], [ 82.9472133, 25.2868011 ], [ 82.9475081, 25.2867165 ], [ 82.9477382, 25.2866505 ], [ 82.94779, 25.2866356 ], [ 82.9478625, 25.2866168 ], [ 82.9482305, 25.2865596 ], [ 82.9483105, 25.2865514 ], [ 82.9486808, 25.2865369 ], [ 82.9487644, 25.2865271 ], [ 82.9492555, 25.2864432 ], [ 82.9494114, 25.2864166 ], [ 82.9494974, 25.2863941 ], [ 82.9497705, 25.286307 ], [ 82.9500547, 25.2862163 ], [ 82.9501446, 25.2861443 ], [ 82.9501791, 25.2861147 ], [ 82.9503174, 25.2860641 ], [ 82.9504108, 25.2860226 ], [ 82.9505243, 25.2859595 ], [ 82.9507029, 25.2859079 ], [ 82.950862, 25.2858541 ], [ 82.9511008, 25.2858202 ], [ 82.951296, 25.2857925 ], [ 82.951528, 25.2857439 ], [ 82.9518091, 25.2856851 ], [ 82.9518742, 25.2856731 ], [ 82.9519782, 25.285651 ], [ 82.952019, 25.2856331 ] ] } },
{ "type": "Feature", "properties": { "highway": "tertiary" }, "geometry": { "type": "LineString", "coordinates": [ [ 82.9703137, 25.2929452 ], [ 82.9704145, 25.2931313 ], [ 82.970529, 25.2933426 ], [ 82.9707283, 25.2937105 ], [ 82.970896, 25.2940752 ], [ 82.9709958, 25.294431 ], [ 82.9711186, 25.2949727 ], [ 82.9711642, 25.2954649 ], [ 82.9712042, 25.2956904 ], [ 82.9713222, 25.296059 ], [ 82.9714316, 25.2963045 ], [ 82.9715308, 25.2965075 ], [ 82.9720373, 25.2973152 ], [ 82.9721298, 25.2974831 ], [ 82.9722031, 25.2976488 ], [ 82.9722389, 25.2977794 ], [ 82.972348, 25.2981769 ], [ 82.9724987, 25.298871 ], [ 82.9728172, 25.3002149 ], [ 82.9731738, 25.3017194 ], [ 82.9733316, 25.3026773 ] ] } },
{ "type": "Feature", "properties": { "highway": "secondary" }, "geometry": { "type": "LineString", "coordinates": [ [ 83.0129986, 25.3189163 ], [ 83.0138902, 25.3191175 ], [ 83.0142389, 25.319206 ], [ 83.0157544, 25.3196448 ], [ 83.0161217, 25.3197125 ], [ 83.0163652, 25.3197477 ], [ 83.0168289, 25.3198409 ], [ 83.0169009, 25.3198546 ], [ 83.0172256, 25.319903 ], [ 83.0173959, 25.3199152 ], [ 83.0176882, 25.3199067 ], [ 83.0181147, 25.3198837 ], [ 83.0186189, 25.3198308 ], [ 83.0186927, 25.319823 ], [ 83.0189569, 25.319817 ], [ 83.0190817, 25.3198303 ], [ 83.0191997, 25.3198461 ], [ 83.0193767, 25.3199043 ], [ 83.01972, 25.32004 ], [ 83.0198514, 25.320097 ], [ 83.0199265, 25.3201394 ], [ 83.0200151, 25.3202255 ], [ 83.0200993, 25.3203489 ], [ 83.0201706, 25.3205261 ], [ 83.0202497, 25.3206744 ], [ 83.0203228, 25.3207623 ], [ 83.0203839, 25.3208175 ], [ 83.0204627, 25.320866 ], [ 83.0208964, 25.3210463 ], [ 83.0212819, 25.3211989 ], [ 83.0214955, 25.3212565 ], [ 83.0216239, 25.3212707 ], [ 83.0217382, 25.3212647 ], [ 83.0220415, 25.3211825 ], [ 83.0221939, 25.3211341 ], [ 83.0223388, 25.3210875 ], [ 83.0224752, 25.3210392 ] ] } },
{ "type": "Feature", "properties": { "highway": "tertiary" }, "geometry": { "type": "LineString", "coordinates": [ [ 83.0304636, 25.3251812 ], [ 83.0301726, 25.3250466 ], [ 83.0296314, 25.3247724 ], [ 83.0293424, 25.324626 ], [ 83.0291775, 25.324529 ], [ 83.0289575, 25.3243508 ], [ 83.0284452, 25.3239604 ], [ 83.0281287, 25.3237792 ], [ 83.0279701, 25.3235865 ] ] } },
{ "type": "Feature", "properties": { "highway": "secondary" }, "geometry": { "type": "LineString", "coordinates": [ [ 83.0055777, 25.3216409 ], [ 83.0056594, 25.3215962 ], [ 83.0057455, 25.3215434 ], [ 83.0058107, 25.321502 ], [ 83.0058941, 25.3214309 ], [ 83.0059758, 25.3213378 ], [ 83.0060662, 25.3212376 ], [ 83.006236, 25.3210025 ], [ 83.0064356, 25.3207148 ], [ 83.0065012, 25.3206428 ], [ 83.0065701, 25.3205758 ], [ 83.0066571, 25.3204994 ], [ 83.0067696, 25.3204145 ], [ 83.0068353, 25.3203711 ], [ 83.0069618, 25.3202874 ], [ 83.007226, 25.3201074 ], [ 83.0075664, 25.3198923 ], [ 83.0077357, 25.3197957 ], [ 83.0078332, 25.3197543 ], [ 83.0080162, 25.3197109 ], [ 83.0082012, 25.3196891 ], [ 83.0084275, 25.3196701 ], [ 83.0088332, 25.3196514 ], [ 83.0093223, 25.3196716 ], [ 83.0097175, 25.3196879 ], [ 83.0101278, 25.3197049 ], [ 83.0103965, 25.3197108 ], [ 83.0105019, 25.3197032 ], [ 83.0105603, 25.3196943 ], [ 83.0106631, 25.3196424 ], [ 83.0107188, 25.3196064 ], [ 83.0108415, 25.3195071 ], [ 83.0110126, 25.3193506 ], [ 83.0112139, 25.3191851 ], [ 83.0113851, 25.3190444 ], [ 83.0114926, 25.3189642 ], [ 83.0116, 25.3189037 ], [ 83.0117199, 25.3188805 ], [ 83.0118832, 25.3188615 ], [ 83.0124609, 25.3188322 ], [ 83.0125894, 25.3188293 ], [ 83.0127137, 25.318836 ], [ 83.0128253, 25.318842 ] ] } },
{ "type": "Feature", "properties": { "highway": "secondary" }, "geometry": { "type": "LineString", "coordinates": [ [ 83.0004644, 25.3233257 ], [ 83.0002505, 25.3233849 ] ] } },
{ "type": "Feature", "properties": { "highway": "primary" }, "geometry": { "type": "LineString", "coordinates": [ [ 82.9999736, 25.3232161 ], [ 82.9999548, 25.3231689 ], [ 82.9999495, 25.3231143 ], [ 82.9999749, 25.3227567 ], [ 82.9999888, 25.3225866 ], [ 83.0000111, 25.322313 ], [ 83.0000232, 25.3219227 ], [ 83.000038, 25.3218075 ], [ 83.0000742, 25.3216584 ], [ 83.0001372, 25.3214766 ], [ 83.0002029, 25.3213081 ], [ 83.0002955, 25.3210717 ], [ 83.0003381, 25.3209671 ], [ 83.000388, 25.320845 ], [ 83.0004832, 25.3206522 ], [ 83.0005892, 25.3204377 ], [ 83.0007622, 25.3201758 ], [ 83.0009606, 25.3198546 ], [ 83.0011162, 25.3196182 ], [ 83.0011672, 25.3195503 ], [ 83.0012101, 25.3194872 ], [ 83.0013201, 25.3193127 ], [ 83.0013777, 25.3192121 ], [ 83.0014327, 25.3191502 ], [ 83.0015078, 25.3190848 ], [ 83.0016258, 25.3189841 ], [ 83.0016969, 25.318909 ], [ 83.0017573, 25.3188532 ], [ 83.0018578, 25.3187502 ], [ 83.0019356, 25.3186496 ], [ 83.0019678, 25.3186156 ], [ 83.0020711, 25.3184459 ], [ 83.0022065, 25.3182034 ], [ 83.0023219, 25.3179876 ], [ 83.0025217, 25.3175706 ], [ 83.0025904, 25.3174133 ], [ 83.0026384, 25.31731 ], [ 83.0027725, 25.316836 ], [ 83.0028436, 25.3166505 ], [ 83.0029428, 25.3163995 ], [ 83.0029804, 25.316311 ], [ 83.0030179, 25.3162007 ], [ 83.0030836, 25.3159595 ], [ 83.0031386, 25.3156309 ], [ 83.003148, 25.3155752 ], [ 83.003156, 25.3155291 ], [ 83.0031949, 25.3153436 ], [ 83.0032352, 25.315163 ], [ 83.0032606, 25.3150478 ], [ 83.0033036, 25.3149593 ], [ 83.0033773, 25.3148369 ], [ 83.0034538, 25.3146805 ], [ 83.0035543, 25.314518 ], [ 83.0036978, 25.314284 ], [ 83.0037568, 25.3141616 ], [ 83.0039523, 25.3138001 ], [ 83.0040402, 25.3136611 ], [ 83.0042115, 25.3133857 ] ] } },
{ "type": "Feature", "properties": { "highway": "primary" }, "geometry": { "type": "LineString", "coordinates": [ [ 82.9998347, 25.3231569 ], [ 82.9998111, 25.3234261 ], [ 82.9997854, 25.3235347 ], [ 82.9997838, 25.323663 ], [ 82.9998011, 25.3237573 ], [ 82.9998283, 25.3238757 ], [ 82.9998393, 25.3241164 ] ] } },
{ "type": "Feature", "properties": { "highway": "tertiary" }, "geometry": { "type": "LineString", "coordinates": [ [ 82.9934277, 25.3240441 ], [ 82.9935926, 25.3240392 ], [ 82.9938796, 25.3240041 ], [ 82.9941404, 25.3239284 ], [ 82.9942377, 25.3239229 ], [ 82.9943678, 25.3238998 ], [ 82.9947245, 25.3238259 ], [ 82.9948158, 25.323814 ], [ 82.9949324, 25.323815 ], [ 82.9958108, 25.3238084 ], [ 82.9961891, 25.3238063 ], [ 82.9962292, 25.3238066 ], [ 82.9972362, 25.323814 ], [ 82.9974198, 25.323812 ], [ 82.9980867, 25.3238094 ] ] } },
{ "type": "Feature", "properties": { "highway": "tertiary" }, "geometry": { "type": "LineString", "coordinates": [ [ 82.9980867, 25.3238094 ], [ 82.9982208, 25.3238263 ], [ 82.9984032, 25.3238239 ], [ 82.9984662, 25.3238263 ], [ 82.9986969, 25.3238154 ], [ 82.9989503, 25.3237985 ], [ 82.9991086, 25.32379 ], [ 82.9993218, 25.3237863 ], [ 82.9994291, 25.3237854 ], [ 82.9995914, 25.3237839 ], [ 82.9996946, 25.3237815 ], [ 82.9998011, 25.3237573 ] ] } },
{ "type": "Feature", "properties": { "highway": "secondary" }, "geometry": { "type": "LineString", "coordinates": [ [ 82.9998011, 25.3237573 ], [ 83.0000567, 25.3236562 ] ] } },
{ "type": "Feature", "properties": { "highway": "secondary" }, "geometry": { "type": "LineString", "coordinates": [ [ 83.0002505, 25.3233849 ], [ 83.0000675, 25.3234283 ], [ 82.9997854, 25.3235347 ] ] } },
{ "type": "Feature", "properties": { "highway": "primary" }, "geometry": { "type": "LineString", "coordinates": [ [ 82.9810669, 25.3423317 ], [ 82.9810784, 25.342292 ], [ 82.9810814, 25.3422512 ], [ 82.9810752, 25.3422074 ], [ 82.9810592, 25.3421656 ], [ 82.9810343, 25.3421276 ], [ 82.9810014, 25.3420949 ], [ 82.9809619, 25.3420689 ], [ 82.9809173, 25.3420506 ], [ 82.9808696, 25.3420409 ], [ 82.9807965, 25.342043 ], [ 82.9807273, 25.3420648 ], [ 82.9806657, 25.3421072 ], [ 82.9806222, 25.342165 ], [ 82.9806012, 25.3422324 ], [ 82.9806048, 25.3423023 ], [ 82.9806247, 25.3423539 ], [ 82.9806582, 25.3423995 ], [ 82.9807123, 25.3424415 ], [ 82.9807777, 25.3424673 ], [ 82.9808485, 25.3424747 ], [ 82.9809187, 25.3424631 ], [ 82.980982, 25.3424334 ], [ 82.9810329, 25.3423883 ], [ 82.9810669, 25.3423317 ] ] } },
{ "type": "Feature", "properties": { "highway": "primary" }, "geometry": { "type": "LineString", "coordinates": [ [ 82.981429, 25.3417159 ], [ 82.9812202, 25.3418739 ], [ 82.9808696, 25.3420409 ] ] } },
{ "type": "Feature", "properties": { "highway": "primary" }, "geometry": { "type": "LineString", "coordinates": [ [ 82.9808015, 25.3407039 ], [ 82.9806417, 25.3409781 ], [ 82.980583, 25.3411298 ], [ 82.9805721, 25.3411581 ], [ 82.9805141, 25.3413268 ], [ 82.9804521, 25.3415073 ], [ 82.9804365, 25.3415778 ], [ 82.9804176, 25.3416666 ], [ 82.9804235, 25.3420234 ], [ 82.9804181, 25.3420736 ], [ 82.9804879, 25.3422146 ] ] } },
{ "type": "Feature", "properties": { "highway": "tertiary" }, "geometry": { "type": "LineString", "coordinates": [ [ 82.9676705, 25.3184593 ], [ 82.9674567, 25.318327 ], [ 82.967247, 25.3181376 ], [ 82.9666638, 25.3176108 ], [ 82.9664711, 25.3175806 ], [ 82.9659644, 25.3171442 ], [ 82.9655742, 25.316808 ], [ 82.9653785, 25.316622 ], [ 82.965192, 25.3165063 ], [ 82.9645505, 25.3159325 ], [ 82.9643136, 25.3157368 ], [ 82.9642345, 25.3156746 ] ] } },
{ "type": "Feature", "properties": { "highway": "primary" }, "geometry": { "type": "LineString", "coordinates": [ [ 82.9916266, 25.3069735 ], [ 82.9913914, 25.307595 ], [ 82.9913076, 25.3077913 ], [ 82.9912168, 25.3079831 ], [ 82.9910779, 25.308213 ], [ 82.9909323, 25.3084652 ], [ 82.9907928, 25.3086705 ], [ 82.9907018, 25.3087586 ], [ 82.990615, 25.3088176 ], [ 82.9901055, 25.3090801 ], [ 82.9899988, 25.3091574 ], [ 82.9899442, 25.3092101 ], [ 82.989927, 25.3092411 ], [ 82.9898829, 25.3093205 ], [ 82.9898401, 25.3094528 ], [ 82.98982, 25.3095643 ], [ 82.9897876, 25.3097436 ], [ 82.9897538, 25.3098685 ], [ 82.9896823, 25.3099888 ], [ 82.9896, 25.3101028 ], [ 82.9893685, 25.3103819 ], [ 82.9892501, 25.3105694 ], [ 82.989171, 25.3107137 ], [ 82.9890785, 25.3108919 ], [ 82.9889175, 25.3111611 ], [ 82.988829, 25.311355 ], [ 82.9887727, 25.3114957 ], [ 82.9887566, 25.3115636 ], [ 82.9887351, 25.3116581 ], [ 82.988719, 25.3117284 ], [ 82.9886949, 25.3119103 ], [ 82.9886574, 25.312371 ], [ 82.9886788, 25.313176 ], [ 82.9886895, 25.3134184 ], [ 82.9887083, 25.3137312 ], [ 82.9887378, 25.3142525 ], [ 82.9887593, 25.314478 ], [ 82.9887807, 25.3146599 ], [ 82.9888049, 25.3149508 ], [ 82.9888397, 25.3153582 ], [ 82.9888558, 25.3156273 ], [ 82.9888719, 25.3158091 ], [ 82.9888666, 25.3159789 ], [ 82.9888424, 25.3161389 ], [ 82.9888289, 25.3162095 ], [ 82.9888049, 25.3163353 ], [ 82.9886627, 25.3168832 ], [ 82.9884857, 25.3175524 ], [ 82.9883328, 25.3181683 ], [ 82.9883006, 25.3182701 ], [ 82.9880572, 25.3192642 ], [ 82.9879546, 25.3196812 ], [ 82.9878876, 25.3200037 ], [ 82.9877427, 25.3207213 ], [ 82.9877159, 25.3208737 ], [ 82.9876971, 25.3209808 ], [ 82.9876274, 25.3213178 ], [ 82.9875818, 25.3215845 ], [ 82.9875067, 25.3219772 ], [ 82.9873498, 25.3226617 ], [ 82.987335, 25.3227264 ], [ 82.9871944, 25.3232643 ], [ 82.9871781, 25.3233265 ], [ 82.9871277, 25.3235117 ], [ 82.9870778, 25.3237068 ], [ 82.9870588, 25.323781 ], [ 82.98704, 25.3238441 ], [ 82.9869474, 25.3244041 ], [ 82.9869193, 25.3245617 ], [ 82.9868965, 25.324632 ], [ 82.9868375, 25.3247678 ] ] } },
{ "type": "Feature", "properties": { "highway": "tertiary" }, "geometry": { "type": "LineString", "coordinates": [ [ 83.0006, 25.2960395 ], [ 83.0005168, 25.2960508 ], [ 82.9992925, 25.2963125 ], [ 82.9981704, 25.2965821 ], [ 82.9975782, 25.2966834 ], [ 82.9974619, 25.2968326 ] ] } },
{ "type": "Feature", "properties": { "highway": "tertiary" }, "geometry": { "type": "LineString", "coordinates": [ [ 82.9917213, 25.324019 ], [ 82.9916614, 25.3237047 ], [ 82.9915555, 25.3232513 ], [ 82.9915313, 25.3231289 ], [ 82.9914817, 25.3228028 ], [ 82.9914697, 25.3226234 ], [ 82.9914528, 25.3222943 ], [ 82.9914244, 25.321965 ], [ 82.9914127, 25.321895 ], [ 82.9913965, 25.3214902 ], [ 82.9913905, 25.3209104 ], [ 82.9913664, 25.320428 ], [ 82.9913476, 25.3200376 ], [ 82.9913476, 25.3199115 ], [ 82.9913262, 25.3197952 ], [ 82.9912671, 25.319606 ], [ 82.9911679, 25.3193951 ], [ 82.9910874, 25.3191939 ], [ 82.9909909, 25.3188447 ], [ 82.9909641, 25.3187235 ], [ 82.9909466, 25.3186168 ] ] } },
{ "type": "Feature", "properties": { "highway": "tertiary" }, "geometry": { "type": "LineString", "coordinates": [ [ 83.0043125, 25.3129658 ], [ 83.0039714, 25.3129614 ], [ 83.0037579, 25.3129683 ], [ 83.0037421, 25.3129695 ], [ 83.0037297, 25.3129709 ], [ 83.0036522, 25.3129796 ], [ 83.0035785, 25.3129941 ], [ 83.0034122, 25.3130463 ], [ 83.0032794, 25.3130887 ], [ 83.0031671, 25.3131114 ], [ 83.0031118, 25.3131226 ], [ 83.0029347, 25.3131433 ], [ 83.0026102, 25.3131578 ], [ 83.0024817, 25.3131675 ], [ 83.0023334, 25.3131786 ], [ 83.002315, 25.31318 ], [ 83.0021918, 25.3131893 ], [ 83.0015212, 25.3132717 ], [ 83.0013466, 25.31329 ], [ 83.0008314, 25.3133329 ], [ 83.0008239, 25.3133336 ], [ 83.0005251, 25.3133491 ], [ 83.0001474, 25.3133671 ], [ 82.9999253, 25.3133655 ], [ 82.9995498, 25.3133627 ], [ 82.9990482, 25.3133396 ], [ 82.9988513, 25.313319 ], [ 82.9988283, 25.3133166 ], [ 82.9986526, 25.3132875 ], [ 82.9984568, 25.313256 ], [ 82.9982275, 25.3132196 ], [ 82.998096, 25.3131942 ], [ 82.9980012, 25.3131699 ], [ 82.9979727, 25.3131626 ], [ 82.9977638, 25.3131075 ], [ 82.9976119, 25.3130754 ], [ 82.9974389, 25.3130305 ], [ 82.9972361, 25.3129593 ], [ 82.9970042, 25.3128537 ], [ 82.9968326, 25.3127788 ], [ 82.9965392, 25.3126272 ], [ 82.9963124, 25.3125043 ], [ 82.9962212, 25.3124583 ], [ 82.9961005, 25.3124158 ], [ 82.9959114, 25.3123625 ], [ 82.995831, 25.3123483 ], [ 82.995757, 25.3123409 ], [ 82.9952902, 25.3122906 ], [ 82.9951251, 25.3122799 ], [ 82.9949002, 25.3122611 ], [ 82.9945286, 25.3122366 ], [ 82.9943544, 25.3122173 ], [ 82.9941633, 25.3121936 ], [ 82.9937401, 25.3121503 ], [ 82.9933807, 25.3120958 ], [ 82.9932469, 25.3120715 ], [ 82.9931004, 25.3120449 ], [ 82.9928278, 25.311978 ], [ 82.9926119, 25.3118988 ], [ 82.9923791, 25.3118165 ], [ 82.9921972, 25.3117402 ], [ 82.9918015, 25.3115656 ], [ 82.991679, 25.3115135 ], [ 82.9914787, 25.3114284 ], [ 82.9912561, 25.3113202 ], [ 82.9911605, 25.3112658 ], [ 82.9908198, 25.3110836 ], [ 82.9900174, 25.3106926 ], [ 82.9896636, 25.3105331 ], [ 82.9894486, 25.3104229 ], [ 82.9893685, 25.3103819 ] ] } },
{ "type": "Feature", "properties": { "highway": "tertiary" }, "geometry": { "type": "LineString", "coordinates": [ [ 83.0178599, 25.3310506 ], [ 83.017838, 25.3310025 ], [ 83.017822, 25.3309535 ], [ 83.0178048, 25.3308605 ], [ 83.0177943, 25.3307493 ], [ 83.0177882, 25.3306186 ], [ 83.0177934, 25.3301621 ], [ 83.017812, 25.3295977 ], [ 83.017816, 25.3291965 ], [ 83.0178168, 25.3289478 ], [ 83.0178171, 25.3286328 ], [ 83.0178167, 25.3284606 ], [ 83.0178007, 25.328026 ], [ 83.017764, 25.3275144 ], [ 83.0177225, 25.3270455 ], [ 83.0176647, 25.3262936 ], [ 83.0176569, 25.3262302 ], [ 83.0176498, 25.3261937 ], [ 83.0176276, 25.326142 ], [ 83.0175924, 25.3260908 ], [ 83.0174999, 25.3259616 ], [ 83.0173632, 25.3257402 ], [ 83.0173111, 25.3256294 ], [ 83.0172573, 25.3254469 ], [ 83.0171784, 25.325119 ], [ 83.017037, 25.3244396 ], [ 83.0170192, 25.3243605 ], [ 83.0169184, 25.323914 ], [ 83.0168021, 25.3233777 ], [ 83.0167851, 25.3232969 ], [ 83.0167879, 25.3231998 ], [ 83.0167993, 25.3231111 ], [ 83.0168291, 25.3225957 ], [ 83.0168291, 25.3225713 ], [ 83.0168291, 25.3224567 ], [ 83.0168493, 25.3219885 ], [ 83.0168585, 25.3217771 ], [ 83.0168717, 25.3215219 ], [ 83.0168412, 25.3213461 ] ] } },
{ "type": "Feature", "properties": { "highway": "trunk" }, "geometry": { "type": "LineString", "coordinates": [ [ 82.984775, 25.3462566 ], [ 82.9850801, 25.3465231 ], [ 82.9851288, 25.3465618 ], [ 82.985267, 25.3466731 ], [ 82.9854535, 25.3467979 ], [ 82.9856144, 25.3468924 ], [ 82.985778, 25.3469724 ], [ 82.9859805, 25.3470452 ], [ 82.9862045, 25.3470985 ], [ 82.9865384, 25.3471409 ], [ 82.9869287, 25.3471724 ], [ 82.9872049, 25.3472233 ], [ 82.9873444, 25.3472609 ], [ 82.9874758, 25.3473021 ], [ 82.9876837, 25.3473978 ], [ 82.9878661, 25.3474972 ], [ 82.9884607, 25.347835 ], [ 82.9885957, 25.3479067 ] ] } },
{ "type": "Feature", "properties": { "highway": "tertiary" }, "geometry": { "type": "LineString", "coordinates": [ [ 82.9751023, 25.3637134 ], [ 82.9752361, 25.3627723 ], [ 82.9752556, 25.3626354 ], [ 82.9753871, 25.361731 ], [ 82.9754325, 25.3614274 ], [ 82.9756682, 25.3599954 ], [ 82.9757435, 25.3595433 ], [ 82.9759488, 25.3584833 ], [ 82.9761298, 25.3576455 ], [ 82.9761882, 25.3573212 ], [ 82.9762367, 25.3569022 ], [ 82.9762532, 25.3567991 ], [ 82.9763222, 25.3563674 ], [ 82.9763757, 25.3560288 ], [ 82.9763767, 25.3558606 ], [ 82.9763389, 25.3556521 ], [ 82.9763044, 25.3554497 ], [ 82.9762761, 25.3553124 ], [ 82.976205, 25.3549666 ], [ 82.9760498, 25.3542793 ], [ 82.9759371, 25.35378 ], [ 82.9759014, 25.353614 ], [ 82.9757962, 25.3531127 ], [ 82.975745, 25.3528071 ], [ 82.9757068, 25.3526956 ] ] } },
{ "type": "Feature", "properties": { "highway": "tertiary" }, "geometry": { "type": "LineString", "coordinates": [ [ 82.9628208, 25.3544798 ], [ 82.9628156, 25.3544171 ], [ 82.9628028, 25.3539539 ], [ 82.9627963, 25.3532998 ], [ 82.9627925, 25.3529221 ], [ 82.9627922, 25.3529012 ], [ 82.9627559, 25.3522921 ], [ 82.9627527, 25.3521928 ], [ 82.9627578, 25.3519185 ], [ 82.9627609, 25.3518725 ] ] } },
{ "type": "Feature", "properties": { "highway": "primary" }, "geometry": { "type": "LineString", "coordinates": [ [ 82.9796519, 25.3422159 ], [ 82.9797861, 25.3422247 ], [ 82.979986, 25.3421952 ], [ 82.9801463, 25.3421729 ], [ 82.9803029, 25.3421754 ], [ 82.9804879, 25.3422146 ], [ 82.9806048, 25.3423023 ] ] } },
{ "type": "Feature", "properties": { "highway": "trunk" }, "geometry": { "type": "LineString", "coordinates": [ [ 83.0247854, 25.3305912 ], [ 83.0247572, 25.3306883 ], [ 83.0247236, 25.3307793 ], [ 83.0246526, 25.330918 ], [ 83.0246349, 25.3309591 ], [ 83.024586, 25.331025 ], [ 83.0243745, 25.3313101 ], [ 83.024329, 25.3313715 ], [ 83.0240907, 25.3316653 ], [ 83.0237347, 25.3320151 ], [ 83.0236489, 25.3321021 ], [ 83.0236413, 25.3322397 ], [ 83.0236579, 25.3328692 ], [ 83.0236391, 25.3332476 ], [ 83.0236671, 25.3335101 ], [ 83.0237271, 25.3336298 ], [ 83.0237404, 25.3336563 ], [ 83.0239271, 25.3338667 ], [ 83.0241111, 25.3341246 ], [ 83.024129, 25.3341497 ], [ 83.0241403, 25.3341831 ], [ 83.0242632, 25.3345466 ], [ 83.024334, 25.3347561 ], [ 83.0244115, 25.3349854 ], [ 83.0244365, 25.335126 ], [ 83.0245011, 25.3354894 ], [ 83.0246172, 25.3360943 ], [ 83.0246177, 25.3363112 ], [ 83.024607, 25.3364276 ], [ 83.0245815, 25.3365524 ], [ 83.0245272, 25.3366809 ], [ 83.0244776, 25.3367724 ], [ 83.0244045, 25.3368967 ], [ 83.0242234, 25.3371718 ], [ 83.023778, 25.3379195 ], [ 83.023385, 25.3385899 ], [ 83.0232721, 25.3387982 ], [ 83.0231311, 25.33908 ], [ 83.0230983, 25.3391667 ], [ 83.0230924, 25.3392111 ], [ 83.0230834, 25.3392782 ], [ 83.0230382, 25.3396166 ], [ 83.0230205, 25.3399063 ], [ 83.0230057, 25.3402311 ], [ 83.022995, 25.3405256 ], [ 83.0229843, 25.3407887 ], [ 83.0229941, 25.3410004 ], [ 83.0230103, 25.341123 ], [ 83.0230247, 25.341235 ] ] } },
{ "type": "Feature", "properties": { "highway": "trunk" }, "geometry": { "type": "LineString", "coordinates": [ [ 83.0257586, 25.3607283 ], [ 83.0257593, 25.36085 ], [ 83.0257416, 25.3610033 ] ] } },
{ "type": "Feature", "properties": { "highway": "tertiary" }, "geometry": { "type": "LineString", "coordinates": [ [ 82.952019, 25.2856331 ], [ 82.9520439, 25.2856057 ], [ 82.9525206, 25.2839287 ], [ 82.9525853, 25.2836631 ], [ 82.9526002, 25.2836205 ], [ 82.9528492, 25.282705 ], [ 82.9531854, 25.2814693 ], [ 82.9531818, 25.2814322 ], [ 82.9531483, 25.2814049 ], [ 82.9522888, 25.2812103 ], [ 82.9512083, 25.2809838 ], [ 82.9504722, 25.2808295 ], [ 82.9504374, 25.2808089 ], [ 82.9504235, 25.2807859 ], [ 82.9504296, 25.2807606 ], [ 82.9505032, 25.2805144 ], [ 82.9508883, 25.2789901 ], [ 82.9509765, 25.2786582 ], [ 82.9512737, 25.2778779 ], [ 82.9513198, 25.2777154 ], [ 82.9514181, 25.2773691 ], [ 82.95145, 25.2772565 ], [ 82.9516678, 25.2764201 ], [ 82.9519192, 25.2754545 ], [ 82.9520918, 25.2747914 ], [ 82.9521052, 25.2747399 ], [ 82.9521277, 25.2746389 ], [ 82.9521709, 25.2746089 ], [ 82.9522248, 25.2746045 ], [ 82.9525923, 25.274693 ], [ 82.9530888, 25.2747987 ], [ 82.9552291, 25.2752545 ], [ 82.9555989, 25.2753332 ], [ 82.9559681, 25.275414 ], [ 82.9567303, 25.2755878 ], [ 82.9568951, 25.275625 ], [ 82.9591337, 25.2761202 ], [ 82.9600251, 25.2763194 ], [ 82.9608173, 25.2764964 ], [ 82.9612174, 25.2765858 ], [ 82.9632084, 25.277032 ], [ 82.9634371, 25.2770832 ], [ 82.9647807, 25.2773843 ], [ 82.9659859, 25.2776544 ], [ 82.9672909, 25.2779658 ], [ 82.9673754, 25.2779913 ] ] } },
{ "type": "Feature", "properties": { "highway": "tertiary" }, "geometry": { "type": "LineString", "coordinates": [ [ 82.9819088, 25.2829713 ], [ 82.9819379, 25.2830632 ], [ 82.9821106, 25.2836937 ], [ 82.9822293, 25.2840628 ], [ 82.9824043, 25.2845625 ], [ 82.9825136, 25.2849196 ], [ 82.9825279, 25.2850022 ], [ 82.9825319, 25.2851435 ], [ 82.9825382, 25.2852305 ], [ 82.9825591, 25.2853225 ], [ 82.9827939, 25.28598 ], [ 82.9828165, 25.2860737 ], [ 82.9828995, 25.2864177 ], [ 82.9829125, 25.2864448 ], [ 82.9829426, 25.2864583 ], [ 82.9829767, 25.2864572 ], [ 82.9832092, 25.2864236 ], [ 82.9832408, 25.286429 ], [ 82.9832664, 25.2864395 ], [ 82.9832924, 25.2864618 ], [ 82.9833011, 25.2864931 ], [ 82.9833462, 25.2868248 ], [ 82.9833433, 25.2868854 ], [ 82.9833261, 25.2869346 ], [ 82.9832353, 25.2872217 ], [ 82.9831748, 25.2875107 ], [ 82.9831544, 25.287633 ], [ 82.9831468, 25.2877985 ], [ 82.9831373, 25.2880055 ], [ 82.9831466, 25.2884372 ], [ 82.9831402, 25.2885132 ], [ 82.9831233, 25.2885647 ], [ 82.9830186, 25.2887527 ], [ 82.982989, 25.2888203 ], [ 82.9829805, 25.2888942 ], [ 82.9829975, 25.2895846 ], [ 82.9830014, 25.2897319 ], [ 82.9830154, 25.2898246 ], [ 82.9830522, 25.2899697 ], [ 82.9830926, 25.2901046 ], [ 82.9831814, 25.2905063 ], [ 82.9832371, 25.2907353 ], [ 82.9832645, 25.2908059 ], [ 82.983296, 25.2908524 ], [ 82.98335, 25.2909142 ], [ 82.9835071, 25.2910708 ], [ 82.9835907, 25.291171 ], [ 82.983679, 25.2913064 ], [ 82.9837202, 25.2914021 ], [ 82.9837484, 25.2915059 ], [ 82.9837517, 25.2915578 ], [ 82.9837588, 25.2916706 ], [ 82.983767, 25.292132 ], [ 82.9837684, 25.2921977 ], [ 82.9837707, 25.292311 ], [ 82.983795, 25.2924507 ], [ 82.9838468, 25.2925891 ], [ 82.9839225, 25.2927485 ], [ 82.9840574, 25.2929974 ], [ 82.9840848, 25.2930392 ], [ 82.9841212, 25.2930662 ], [ 82.9841792, 25.2930738 ], [ 82.9844594, 25.2930531 ], [ 82.9844973, 25.293062 ], [ 82.9845332, 25.2930816 ], [ 82.9845606, 25.2931235 ], [ 82.9846219, 25.2932361 ], [ 82.9847128, 25.2934179 ], [ 82.9847312, 25.2934584 ], [ 82.9847701, 25.2935439 ], [ 82.9848195, 25.2936524 ], [ 82.9848462, 25.2937048 ], [ 82.9848683, 25.2937363 ], [ 82.9849094, 25.2937624 ], [ 82.9849554, 25.2937842 ], [ 82.9849911, 25.2938126 ], [ 82.9850158, 25.2938514 ], [ 82.9850424, 25.2939093 ], [ 82.9850847, 25.2940665 ], [ 82.9851458, 25.2942825 ], [ 82.9851816, 25.2944083 ], [ 82.9852341, 25.2945928 ], [ 82.9852814, 25.2947288 ], [ 82.985322, 25.2948087 ], [ 82.9853555, 25.2948549 ], [ 82.9854039, 25.2949131 ], [ 82.9854551, 25.2949644 ], [ 82.9855893, 25.295079 ], [ 82.9856796, 25.2951609 ], [ 82.9857443, 25.2952371 ], [ 82.9857925, 25.2952934 ], [ 82.9858286, 25.2953431 ], [ 82.9858648, 25.295382 ], [ 82.9858997, 25.2954101 ], [ 82.9859393, 25.2954361 ], [ 82.9859681, 25.2954487 ], [ 82.9859963, 25.2954611 ], [ 82.9861496, 25.2955155 ], [ 82.9862755, 25.2955545 ], [ 82.9863402, 25.2955882 ], [ 82.9864032, 25.2956385 ], [ 82.9864469, 25.2956747 ], [ 82.9865296, 25.2957552 ], [ 82.986622, 25.2958604 ], [ 82.9867645, 25.2960332 ], [ 82.9868872, 25.2962076 ], [ 82.9869973, 25.2963844 ], [ 82.9870217, 25.2964179 ], [ 82.9870581, 25.2964677 ], [ 82.987128, 25.2965355 ], [ 82.9872181, 25.2965821 ], [ 82.9873413, 25.2966279 ], [ 82.9875631, 25.2966942 ], [ 82.9877012, 25.2967466 ], [ 82.9878404, 25.296817 ], [ 82.9879944, 25.2969247 ], [ 82.988196, 25.2970681 ], [ 82.9882168, 25.297086 ], [ 82.9883789, 25.2972257 ], [ 82.9886726, 25.2974741 ], [ 82.9888668, 25.297662 ], [ 82.9889924, 25.2978067 ], [ 82.9891263, 25.2979982 ], [ 82.9892301, 25.298158 ], [ 82.9892626, 25.2982091 ] ] } },
{ "type": "Feature", "properties": { "highway": "tertiary" }, "geometry": { "type": "LineString", "coordinates": [ [ 82.9899647, 25.2902123 ], [ 82.9898141, 25.2902041 ], [ 82.989741, 25.2902072 ], [ 82.9896667, 25.2902103 ], [ 82.9895485, 25.2902039 ], [ 82.989432, 25.2901818 ], [ 82.9893523, 25.2901493 ], [ 82.9893045, 25.2901067 ], [ 82.9891522, 25.2898511 ], [ 82.9891251, 25.2898034 ], [ 82.9890933, 25.2897221 ], [ 82.9890087, 25.2894762 ], [ 82.9889815, 25.2894393 ], [ 82.9889399, 25.289423 ], [ 82.9887442, 25.2894277 ], [ 82.9885445, 25.2894636 ], [ 82.9883137, 25.2894926 ], [ 82.988143, 25.2895074 ], [ 82.9879376, 25.289489 ], [ 82.9874182, 25.2895171 ], [ 82.9871849, 25.2895243 ], [ 82.986904, 25.2895208 ], [ 82.9867329, 25.2895175 ], [ 82.9866515, 25.2895159 ], [ 82.9864533, 25.2895161 ], [ 82.9861419, 25.2895178 ], [ 82.9860544, 25.2895171 ], [ 82.9860162, 25.2895129 ], [ 82.9859812, 25.2895029 ], [ 82.9859502, 25.2894796 ], [ 82.9859198, 25.2894471 ], [ 82.9857811, 25.2892991 ], [ 82.9857392, 25.2892813 ], [ 82.9856967, 25.2892745 ], [ 82.9854897, 25.2892879 ], [ 82.9852297, 25.2893134 ], [ 82.9849449, 25.2893361 ], [ 82.9847307, 25.2893553 ], [ 82.9846065, 25.289364 ], [ 82.9843831, 25.2893868 ], [ 82.9840809, 25.2894176 ], [ 82.98398, 25.2894392 ], [ 82.9838836, 25.2894786 ], [ 82.9838096, 25.2895144 ], [ 82.9836832, 25.2895979 ], [ 82.9835892, 25.2896375 ], [ 82.9834365, 25.2896633 ], [ 82.9832757, 25.2896965 ], [ 82.9831716, 25.2897214 ], [ 82.9830014, 25.2897319 ] ] } },
{ "type": "Feature", "properties": { "highway": "tertiary" }, "geometry": { "type": "LineString", "coordinates": [ [ 82.9962958, 25.3016467 ], [ 82.9959499, 25.3012634 ], [ 82.9957794, 25.3010647 ], [ 82.9956193, 25.3008696 ], [ 82.9954852, 25.3007197 ], [ 82.995338, 25.3005781 ], [ 82.9951505, 25.3003876 ], [ 82.9949696, 25.3002575 ], [ 82.994739, 25.3001237 ], [ 82.9945773, 25.3000352 ], [ 82.9944188, 25.2999496 ], [ 82.9942624, 25.2998878 ], [ 82.9941481, 25.2998165 ], [ 82.9940379, 25.299738 ], [ 82.993865, 25.2995428 ], [ 82.9936372, 25.2992466 ], [ 82.9935275, 25.2991192 ], [ 82.9934847, 25.2990523 ], [ 82.9934471, 25.2989854 ], [ 82.9933984, 25.2988909 ], [ 82.9933692, 25.2987963 ], [ 82.9933084, 25.2983574 ], [ 82.9932771, 25.2980719 ], [ 82.993253, 25.2978543 ], [ 82.9932307, 25.2976477 ], [ 82.9932246, 25.2976067 ], [ 82.9932375, 25.2975498 ], [ 82.9933797, 25.2974926 ], [ 82.9935035, 25.2974359 ], [ 82.9937592, 25.2973075 ], [ 82.9942787, 25.2971609 ], [ 82.9945911, 25.2970575 ], [ 82.9952231, 25.2968834 ], [ 82.9957482, 25.2966858 ], [ 82.9959539, 25.2965925 ], [ 82.9962893, 25.2964403 ], [ 82.9965346, 25.2963323 ], [ 82.996651, 25.2962956 ], [ 82.9967419, 25.2962828 ], [ 82.9968226, 25.2962899 ], [ 82.9969075, 25.2963219 ], [ 82.9969741, 25.2963663 ], [ 82.9970005, 25.2963897 ], [ 82.997175, 25.2965615 ], [ 82.9973263, 25.2967157 ], [ 82.9974619, 25.2968326 ] ] } },
{ "type": "Feature", "properties": { "highway": "tertiary" }, "geometry": { "type": "LineString", "coordinates": [ [ 83.0007278, 25.2959977 ], [ 83.0008293, 25.2959502 ], [ 83.0009032, 25.2959272 ], [ 83.0011228, 25.2958461 ], [ 83.0013121, 25.2957703 ], [ 83.001429, 25.295695 ], [ 83.0015391, 25.2955978 ], [ 83.0016247, 25.2955129 ], [ 83.0016989, 25.2954596 ], [ 83.0017732, 25.2954064 ], [ 83.0018934, 25.2953628 ], [ 83.0020247, 25.2953441 ], [ 83.0024693, 25.2953315 ], [ 83.0025378, 25.2953296 ] ] } },
{ "type": "Feature", "properties": { "highway": "tertiary" }, "geometry": { "type": "LineString", "coordinates": [ [ 83.0033421, 25.2831743 ], [ 83.0033632, 25.2833078 ], [ 83.0033886, 25.2834461 ], [ 83.0034904, 25.283955 ], [ 83.0034946, 25.2840333 ], [ 83.0035161, 25.2844362 ], [ 83.0035103, 25.284641 ], [ 83.0034966, 25.2851206 ] ] } },
{ "type": "Feature", "properties": { "highway": "tertiary" }, "geometry": { "type": "LineString", "coordinates": [ [ 82.9921218, 25.2913074 ], [ 82.9924086, 25.2914817 ], [ 82.9926266, 25.2916106 ], [ 82.9927222, 25.2916933 ] ] } },
{ "type": "Feature", "properties": { "highway": "tertiary" }, "geometry": { "type": "LineString", "coordinates": [ [ 82.9773043, 25.2737937 ], [ 82.9776604, 25.273797 ], [ 82.9780256, 25.2737966 ], [ 82.9782303, 25.2737671 ], [ 82.9784276, 25.2737241 ], [ 82.9786867, 25.2736735 ], [ 82.9790844, 25.2735958 ], [ 82.979401, 25.2735637 ], [ 82.9795251, 25.2735522 ], [ 82.9797874, 25.2735291 ], [ 82.9803945, 25.273413 ], [ 82.9804532, 25.2734018 ], [ 82.9806692, 25.2733642 ], [ 82.9809168, 25.273321 ], [ 82.9809967, 25.2733293 ], [ 82.9810652, 25.2733512 ], [ 82.9810852, 25.2733636 ], [ 82.9812713, 25.2734791 ], [ 82.9813093, 25.2735027 ], [ 82.9816994, 25.2737182 ], [ 82.9817705, 25.2737421 ], [ 82.9818448, 25.2737503 ], [ 82.9819967, 25.2737365 ], [ 82.9824163, 25.2736856 ], [ 82.9825451, 25.2736826 ], [ 82.9826532, 25.2736953 ], [ 82.9828178, 25.2737177 ], [ 82.9829661, 25.2737404 ], [ 82.9830564, 25.2737717 ], [ 82.9831283, 25.2738029 ], [ 82.9832022, 25.2738554 ], [ 82.9836798, 25.2743059 ], [ 82.983843, 25.2744862 ], [ 82.9839769, 25.274615 ], [ 82.9843774, 25.274922 ], [ 82.9846243, 25.2750742 ] ] } },
{ "type": "Feature", "properties": { "highway": "primary" }, "geometry": { "type": "LineString", "coordinates": [ [ 83.0041405, 25.3072938 ], [ 83.0038348, 25.3070101 ], [ 83.0037085, 25.3069066 ], [ 83.0036263, 25.306868 ], [ 83.0035545, 25.306852 ], [ 83.0034988, 25.3068395 ], [ 83.0033272, 25.3068229 ], [ 83.0032488, 25.3067851 ], [ 83.003192, 25.3067169 ], [ 83.0030743, 25.3065059 ], [ 83.0028182, 25.306108 ], [ 83.002805, 25.3060879 ], [ 83.002492, 25.3056114 ], [ 83.0023604, 25.3054143 ], [ 83.0021916, 25.3051614 ], [ 83.0018054, 25.3044941 ], [ 83.0017931, 25.30447 ], [ 83.0017367, 25.3042923 ], [ 83.0016337, 25.3037724 ], [ 83.0015307, 25.3032913 ], [ 83.0014982, 25.3030937 ], [ 83.0014852, 25.3030146 ], [ 83.0014795, 25.3029802 ], [ 83.0014363, 25.3027171 ], [ 83.0014572, 25.3023201 ], [ 83.001483, 25.3020541 ], [ 83.0015435, 25.3016489 ], [ 83.0015565, 25.3015619 ], [ 83.0015565, 25.3015252 ], [ 83.0015565, 25.301236 ], [ 83.0014879, 25.3007084 ], [ 83.0014841, 25.3006478 ], [ 83.0014284, 25.3002727 ], [ 83.0013833, 25.2999391 ], [ 83.0013416, 25.2996954 ], [ 83.0012508, 25.2994099 ], [ 83.0012786, 25.2992708 ], [ 83.0013265, 25.2991862 ], [ 83.0013941, 25.2991219 ], [ 83.0015009, 25.2990277 ], [ 83.0016198, 25.2989368 ], [ 83.0017781, 25.2987653 ], [ 83.0019031, 25.2985242 ], [ 83.0019567, 25.2983452 ], [ 83.0019385, 25.2981594 ], [ 83.0019168, 25.2980065 ], [ 83.0018841, 25.2978868 ], [ 83.0017994, 25.2977333 ], [ 83.0016779, 25.2975769 ], [ 83.0015687, 25.2974574 ], [ 83.0014256, 25.2973166 ] ] } },
{ "type": "Feature", "properties": { "highway": "tertiary" }, "geometry": { "type": "LineString", "coordinates": [ [ 83.0094406, 25.3364988 ], [ 83.0095536, 25.3368958 ], [ 83.0096536, 25.337283 ], [ 83.0096633, 25.3373205 ], [ 83.0096881, 25.3374232 ], [ 83.0097885, 25.3375767 ], [ 83.0098475, 25.3376227 ], [ 83.0099668, 25.3376421 ], [ 83.0102465, 25.3376264 ], [ 83.0108728, 25.3375827 ], [ 83.0115326, 25.3376021 ], [ 83.0118263, 25.3375888 ], [ 83.0121508, 25.3375585 ], [ 83.0122574, 25.3375527 ], [ 83.012858, 25.3374677 ], [ 83.0132406, 25.3373782 ], [ 83.0136329, 25.337227 ], [ 83.0138916, 25.3371342 ], [ 83.0141343, 25.337013 ], [ 83.0144066, 25.3368785 ], [ 83.0149173, 25.3366502 ], [ 83.015703, 25.3362991 ], [ 83.0164853, 25.3359664 ], [ 83.0173607, 25.3355677 ], [ 83.0175501, 25.3354809 ], [ 83.0176668, 25.3354236 ], [ 83.0181429, 25.33519 ], [ 83.0185962, 25.33495 ], [ 83.0189905, 25.3347391 ], [ 83.019307, 25.3345743 ], [ 83.0201526, 25.3340646 ], [ 83.0202591, 25.3340021 ], [ 83.0208475, 25.3336625 ], [ 83.0210593, 25.3335402 ], [ 83.0212963, 25.3333955 ], [ 83.0216079, 25.3332354 ], [ 83.022033, 25.3330463 ], [ 83.0220696, 25.33303 ], [ 83.0226527, 25.3327131 ], [ 83.022808, 25.3326287 ], [ 83.0230433, 25.3325024 ], [ 83.0235055, 25.3321839 ], [ 83.0235879, 25.3321423 ], [ 83.0236489, 25.3321021 ] ] } },
{ "type": "Feature", "properties": { "highway": "primary" }, "geometry": { "type": "LineString", "coordinates": [ [ 83.0127288, 25.3577442 ], [ 83.0127898, 25.357685 ], [ 83.012821, 25.3576534 ], [ 83.0128682, 25.3576354 ], [ 83.013256, 25.3575934 ], [ 83.0146558, 25.3574417 ], [ 83.0164979, 25.3572531 ], [ 83.0169903, 25.3572155 ], [ 83.0175885, 25.3571698 ], [ 83.018459, 25.3570565 ], [ 83.0197955, 25.35692 ], [ 83.0201144, 25.3568715 ], [ 83.0211859, 25.3567488 ], [ 83.0220374, 25.3566534 ], [ 83.0233711, 25.3565131 ], [ 83.0233981, 25.3565102 ], [ 83.0239053, 25.356447 ], [ 83.0253956, 25.3562863 ], [ 83.0254776, 25.3562774 ], [ 83.0270588, 25.3561063 ], [ 83.0271067, 25.356104 ], [ 83.0276107, 25.3560804 ], [ 83.0278203, 25.356056 ], [ 83.0282319, 25.3560081 ], [ 83.0288956, 25.3559113 ], [ 83.0292967, 25.3558867 ], [ 83.0297812, 25.355814 ], [ 83.0304363, 25.3557157 ], [ 83.0308169, 25.3556457 ], [ 83.0310403, 25.3556545 ], [ 83.0312617, 25.3557046 ], [ 83.031485, 25.3557397 ], [ 83.0317072, 25.3557747 ], [ 83.0319302, 25.3558124 ], [ 83.0325705, 25.3559039 ], [ 83.0328011, 25.3559455 ], [ 83.0329766, 25.3559771 ], [ 83.0334785, 25.3560676 ], [ 83.0340057, 25.3561595 ], [ 83.0350389, 25.3563211 ], [ 83.0351855, 25.3563514 ], [ 83.0359168, 25.3564868 ], [ 83.0365949, 25.3565611 ], [ 83.0372881, 25.3566371 ], [ 83.0386548, 25.3568336 ], [ 83.0393846, 25.3569129 ], [ 83.0396194, 25.3569384 ], [ 83.0399901, 25.3569786 ], [ 83.0405115, 25.3570658 ], [ 83.0406325, 25.357086 ], [ 83.040659, 25.3570904 ], [ 83.0425859, 25.3573126 ], [ 83.0427393, 25.3573261 ], [ 83.0429224, 25.3573593 ], [ 83.0431055, 25.3573851 ], [ 83.0447005, 25.3576102 ], [ 83.04487, 25.3576314 ], [ 83.045787, 25.3577464 ], [ 83.0460831, 25.3577835 ], [ 83.0463783, 25.3578205 ], [ 83.0468158, 25.3578677 ], [ 83.047203, 25.3579089 ], [ 83.0473607, 25.3579308 ], [ 83.0477333, 25.3579826 ], [ 83.0478426, 25.3579924 ], [ 83.048559, 25.358057 ], [ 83.0491411, 25.3581094 ], [ 83.04919, 25.3581138 ], [ 83.0497902, 25.3581949 ], [ 83.050055, 25.3582401 ], [ 83.0505755, 25.3583021 ], [ 83.0509117, 25.3583622 ], [ 83.0511594, 25.3584065 ], [ 83.0515432, 25.3584388 ], [ 83.0522256, 25.358527 ], [ 83.0557031, 25.358933 ], [ 83.0557656, 25.3589403 ], [ 83.0572581, 25.3590697 ], [ 83.0573326, 25.3590773 ], [ 83.0578511, 25.3591299 ], [ 83.0584704, 25.3591626 ], [ 83.0589458, 25.3591846 ], [ 83.0597475, 25.3591746 ], [ 83.0602547, 25.3591683 ], [ 83.060518, 25.3591736 ], [ 83.0608417, 25.3591809 ], [ 83.0614672, 25.3591942 ], [ 83.0616549, 25.3591936 ], [ 83.0619648, 25.3591927 ], [ 83.0621492, 25.3591922 ], [ 83.0624185, 25.3592207 ], [ 83.0627996, 25.3592719 ], [ 83.063076, 25.3593294 ], [ 83.0632112, 25.3593575 ], [ 83.0636025, 25.3594806 ], [ 83.0636408, 25.3594927 ], [ 83.0639928, 25.3595941 ], [ 83.064453, 25.3597274 ], [ 83.0647441, 25.3597964 ], [ 83.0652357, 25.3598505 ], [ 83.0658175, 25.3599145 ], [ 83.065955, 25.3599287 ], [ 83.0661306, 25.3599468 ], [ 83.0672749, 25.3601539 ], [ 83.0676386, 25.3602197 ], [ 83.0681176, 25.3603262 ], [ 83.0683146, 25.3603531 ], [ 83.068405, 25.3603655 ], [ 83.0688343, 25.3604173 ], [ 83.0695317, 25.3605015 ], [ 83.0698291, 25.3605463 ], [ 83.0700859, 25.3605849 ], [ 83.0704253, 25.3606551 ], [ 83.0707174, 25.3607334 ], [ 83.0712907, 25.3609005 ], [ 83.0717549, 25.3610358 ], [ 83.0724169, 25.3614242 ], [ 83.0729788, 25.361783 ], [ 83.0730423, 25.3618236 ], [ 83.0739281, 25.3623269 ], [ 83.0740112, 25.3623917 ], [ 83.0745519, 25.3627182 ], [ 83.0757659, 25.3634707 ], [ 83.0763611, 25.3638011 ], [ 83.0766091, 25.3639388 ], [ 83.0771188, 25.3641952 ], [ 83.0773413, 25.3643061 ], [ 83.0775947, 25.3644198 ], [ 83.0781631, 25.3646472 ], [ 83.079086, 25.3650094 ], [ 83.0799172, 25.3653477 ], [ 83.0806189, 25.3656154 ], [ 83.0812067, 25.3658354 ], [ 83.0816123, 25.3659986 ], [ 83.0819508, 25.3661163 ], [ 83.082854, 25.3664303 ], [ 83.0837042, 25.3668186 ], [ 83.083849, 25.3669017 ], [ 83.0838836, 25.3669216 ], [ 83.0852134, 25.3676846 ], [ 83.0856661, 25.3679459 ], [ 83.0876073, 25.3690069 ], [ 83.0876301, 25.3690194 ], [ 83.0879852, 25.3692144 ], [ 83.0884129, 25.3694492 ], [ 83.088435, 25.3694613 ], [ 83.0903106, 25.3704912 ], [ 83.0907808, 25.3707378 ], [ 83.0908713, 25.3707884 ], [ 83.0917716, 25.3712682 ], [ 83.0925762, 25.3717295 ], [ 83.092736, 25.3718191 ], [ 83.0928813, 25.3719005 ], [ 83.0935326, 25.3722514 ], [ 83.0940864, 25.3725512 ], [ 83.0947148, 25.3728986 ], [ 83.0956843, 25.3734248 ], [ 83.0960617, 25.3736279 ], [ 83.0965265, 25.3738731 ], [ 83.0972263, 25.3742424 ], [ 83.097689, 25.3745122 ], [ 83.0984711, 25.3749445 ], [ 83.0990616, 25.3752708 ], [ 83.0991887, 25.375341 ], [ 83.0993759, 25.3754445 ], [ 83.0997603, 25.3756569 ], [ 83.10024, 25.3759144 ], [ 83.1010505, 25.3763515 ], [ 83.1016532, 25.3766856 ], [ 83.1026454, 25.3772356 ], [ 83.1032913, 25.3775857 ], [ 83.1042397, 25.3780998 ], [ 83.1043146, 25.3781404 ], [ 83.1053401, 25.3786834 ], [ 83.1060356, 25.3790712 ], [ 83.1063154, 25.3792271 ], [ 83.1072434, 25.3797483 ], [ 83.1077215, 25.3800168 ], [ 83.1079769, 25.3801567 ], [ 83.1084991, 25.3804274 ], [ 83.1087556, 25.3805661 ], [ 83.1099314, 25.381206 ], [ 83.1113591, 25.3819857 ], [ 83.1119756, 25.3823093 ], [ 83.1131845, 25.3829211 ], [ 83.1137211, 25.3832016 ], [ 83.1137555, 25.3832193 ], [ 83.1141692, 25.3834319 ], [ 83.1142999, 25.3834991 ], [ 83.1143795, 25.38354 ], [ 83.1148379, 25.3837914 ], [ 83.1155973, 25.3841887 ], [ 83.1160222, 25.3844103 ], [ 83.1163347, 25.3845326 ], [ 83.1165383, 25.3846114 ], [ 83.117228, 25.3848537 ], [ 83.1173431, 25.3848933 ], [ 83.1185144, 25.3853288 ], [ 83.1188286, 25.3854512 ], [ 83.1194092, 25.3856715 ], [ 83.1194891, 25.3856984 ], [ 83.1195513, 25.3857194 ], [ 83.1196658, 25.3857579 ], [ 83.1198464, 25.385812 ], [ 83.1200366, 25.3858728 ], [ 83.1201644, 25.3859364 ], [ 83.120306, 25.3860218 ], [ 83.1205599, 25.3861873 ], [ 83.1207813, 25.3863317 ], [ 83.1209134, 25.3864178 ], [ 83.1210711, 25.3865206 ], [ 83.1217307, 25.3869205 ], [ 83.1218288, 25.3869819 ] ] } },
{ "type": "Feature", "properties": { "highway": "primary" }, "geometry": { "type": "LineString", "coordinates": [ [ 82.9960112, 25.3278887 ], [ 82.9961206, 25.3277256 ] ] } },
{ "type": "Feature", "properties": { "highway": "trunk" }, "geometry": { "type": "LineString", "coordinates": [ [ 82.9963586, 25.3352931 ], [ 82.996417, 25.3341694 ] ] } },
{ "type": "Feature", "properties": { "highway": "trunk" }, "geometry": { "type": "LineString", "coordinates": [ [ 82.9962628, 25.3367136 ], [ 82.9963191, 25.3360288 ], [ 82.9963586, 25.3352931 ] ] } },
{ "type": "Feature", "properties": { "highway": "tertiary" }, "geometry": { "type": "LineString", "coordinates": [ [ 82.9769093, 25.3195236 ], [ 82.9767282, 25.3194351 ], [ 82.9765996, 25.3193691 ], [ 82.9765297, 25.3193333 ], [ 82.9763822, 25.3192448 ], [ 82.9762937, 25.3191648 ], [ 82.9762508, 25.3190739 ], [ 82.9761811, 25.318812 ], [ 82.9760738, 25.3182677 ], [ 82.9759049, 25.3174871 ] ] } },
{ "type": "Feature", "properties": { "highway": "tertiary" }, "geometry": { "type": "LineString", "coordinates": [ [ 82.973087, 25.3045588 ], [ 82.9730724, 25.3046335 ], [ 82.9730723, 25.3047184 ], [ 82.9732795, 25.3057782 ], [ 82.9734827, 25.3066455 ], [ 82.9735389, 25.3068856 ], [ 82.9737584, 25.307848 ], [ 82.9738275, 25.3081509 ], [ 82.9741642, 25.3096152 ], [ 82.9742409, 25.3098255 ], [ 82.9743125, 25.310018 ], [ 82.9743681, 25.3102548 ], [ 82.97474, 25.3115833 ], [ 82.9747929, 25.3118161 ], [ 82.9750292, 25.3134467 ], [ 82.9751124, 25.3137319 ], [ 82.9751176, 25.3138318 ], [ 82.9750927, 25.3139152 ], [ 82.9750411, 25.3140173 ], [ 82.9750237, 25.3140973 ], [ 82.9750319, 25.314176 ], [ 82.9752123, 25.3150107 ], [ 82.975345, 25.3156196 ], [ 82.9756381, 25.3169682 ], [ 82.9757247, 25.3173552 ], [ 82.9758019, 25.3174328 ], [ 82.9759049, 25.3174871 ], [ 82.9762548, 25.3175282 ], [ 82.9766942, 25.3175878 ], [ 82.9770595, 25.3176373 ], [ 82.9772808, 25.3176614 ], [ 82.9777515, 25.3177125 ], [ 82.9779154, 25.3177339 ], [ 82.9782869, 25.317755 ], [ 82.978571, 25.3178015 ], [ 82.9787309, 25.3178174 ], [ 82.9789845, 25.3178386 ], [ 82.9792441, 25.3179385 ], [ 82.9794264, 25.318019 ], [ 82.9798487, 25.3181769 ], [ 82.9801077, 25.3182337 ], [ 82.9804603, 25.3182293 ], [ 82.9807655, 25.3182138 ], [ 82.9811223, 25.3182296 ], [ 82.9812358, 25.3182389 ], [ 82.9814572, 25.3182379 ], [ 82.9817107, 25.3182379 ], [ 82.982258, 25.3181872 ], [ 82.9827795, 25.3181513 ], [ 82.9830155, 25.3181142 ], [ 82.9830503, 25.3181092 ], [ 82.9830963, 25.3180965 ], [ 82.9831256, 25.3180901 ], [ 82.9831829, 25.3180804 ], [ 82.9834594, 25.3180335 ], [ 82.9835606, 25.3180258 ], [ 82.9836764, 25.3180324 ], [ 82.9838162, 25.3180356 ], [ 82.9838441, 25.3180397 ], [ 82.9841071, 25.3180783 ], [ 82.9842534, 25.3181005 ], [ 82.9846024, 25.3181509 ], [ 82.9849965, 25.3182151 ], [ 82.985459, 25.3182787 ], [ 82.9858724, 25.3184029 ], [ 82.9859629, 25.3184233 ], [ 82.9862197, 25.3184813 ], [ 82.9864847, 25.3185324 ], [ 82.986736, 25.3185195 ], [ 82.9869048, 25.3184822 ], [ 82.9870351, 25.3184297 ], [ 82.9872147, 25.3183381 ], [ 82.9874214, 25.3182518 ], [ 82.9876093, 25.3181979 ], [ 82.9878177, 25.3181721 ], [ 82.988082, 25.3181561 ], [ 82.9883328, 25.3181683 ] ] } },
{ "type": "Feature", "properties": { "highway": "trunk" }, "geometry": { "type": "LineString", "coordinates": [ [ 82.9839003, 25.345558 ], [ 82.984048, 25.3454599 ], [ 82.9843202, 25.3452865 ], [ 82.9846555, 25.345089 ], [ 82.9848392, 25.3450053 ], [ 82.9850085, 25.3449519 ], [ 82.9855634, 25.3448757 ], [ 82.9858249, 25.3447993 ], [ 82.9861656, 25.3446514 ], [ 82.9863708, 25.3445569 ], [ 82.9870453, 25.344266 ], [ 82.9872639, 25.3441739 ], [ 82.987563, 25.3440418 ], [ 82.9879895, 25.3438491 ], [ 82.988608, 25.3435694 ], [ 82.9888397, 25.3434758 ], [ 82.9891978, 25.343317 ], [ 82.9893957, 25.3432167 ], [ 82.9894183, 25.3432041 ], [ 82.9903187, 25.3427029 ], [ 82.9903622, 25.3426771 ], [ 82.9907994, 25.3424176 ], [ 82.991015, 25.3422904 ], [ 82.9911692, 25.3421874 ], [ 82.991348, 25.3420186 ] ] } },
{ "type": "Feature", "properties": { "highway": "trunk" }, "geometry": { "type": "LineString", "coordinates": [ [ 82.9836711, 25.345655 ], [ 82.9835748, 25.3457048 ], [ 82.9834954, 25.3457459 ], [ 82.9832406, 25.3458828 ], [ 82.9828785, 25.3460962 ], [ 82.982558, 25.3463058 ], [ 82.9822214, 25.3465555 ], [ 82.981784, 25.3468998 ], [ 82.9817316, 25.3469488 ], [ 82.9816546, 25.3470365 ], [ 82.9813443, 25.3472924 ], [ 82.9808629, 25.3476899 ], [ 82.9803359, 25.348078 ], [ 82.9799911, 25.3483517 ], [ 82.979676, 25.3485517 ], [ 82.9790404, 25.349065 ], [ 82.9789056, 25.3491699 ], [ 82.9781847, 25.3497154 ], [ 82.9781215, 25.3497676 ], [ 82.9775879, 25.3501806 ], [ 82.9771936, 25.3504532 ], [ 82.9769404, 25.3506245 ] ] } },
{ "type": "Feature", "properties": { "highway": "tertiary" }, "geometry": { "type": "LineString", "coordinates": [ [ 83.0061905, 25.3492656 ], [ 83.006553, 25.3492756 ], [ 83.0069629, 25.3492612 ], [ 83.0071658, 25.3492541 ], [ 83.0076005, 25.3492222 ], [ 83.008242, 25.3491188 ], [ 83.0085401, 25.3490493 ], [ 83.0086838, 25.3490239 ], [ 83.0097637, 25.3487391 ], [ 83.0099749, 25.3486807 ], [ 83.0105759, 25.3484773 ], [ 83.0106235, 25.3484482 ], [ 83.0106551, 25.3484138 ], [ 83.0106732, 25.3483734 ], [ 83.010696, 25.3483138 ], [ 83.0107842, 25.3480813 ], [ 83.0108766, 25.3478888 ], [ 83.0110159, 25.3477528 ], [ 83.0111936, 25.3476567 ], [ 83.0113654, 25.3476038 ], [ 83.0116494, 25.3475163 ], [ 83.0117165, 25.3474956 ], [ 83.011952, 25.347423 ], [ 83.0123174, 25.3473286 ], [ 83.0127146, 25.3472973 ], [ 83.0130748, 25.3472994 ], [ 83.0134082, 25.3473015 ], [ 83.013643, 25.3473287 ], [ 83.0140179, 25.3473826 ], [ 83.0143279, 25.3474021 ], [ 83.0146975, 25.3474023 ], [ 83.0150192, 25.3474025 ], [ 83.0150888, 25.3474077 ], [ 83.0159204, 25.3474692 ], [ 83.0166984, 25.3475671 ], [ 83.0172485, 25.3477444 ], [ 83.0175814, 25.3478824 ], [ 83.0178892, 25.3480099 ], [ 83.0182175, 25.34818 ], [ 83.0183004, 25.3482391 ] ] } },
{ "type": "Feature", "properties": { "highway": "trunk" }, "geometry": { "type": "LineString", "coordinates": [ [ 82.997361, 25.3508561 ], [ 82.9975529, 25.3509029 ], [ 82.9977943, 25.350955 ], [ 82.9982194, 25.3510592 ], [ 82.9984166, 25.3511259 ], [ 82.9986607, 25.3512289 ], [ 82.9994117, 25.3515889 ], [ 82.9997402, 25.3517779 ], [ 82.9999604, 25.3519092 ], [ 83.0000044, 25.3519355 ], [ 83.0002083, 25.352093 ], [ 83.0003742, 25.3522282 ], [ 83.000568, 25.3524029 ], [ 83.0008185, 25.3526287 ], [ 83.0010813, 25.3528699 ], [ 83.0014314, 25.3531717 ], [ 83.0019812, 25.3536298 ], [ 83.0021381, 25.3537631 ], [ 83.0026813, 25.3542466 ], [ 83.0029133, 25.3544418 ], [ 83.0030742, 25.3545848 ], [ 83.0036549, 25.355101 ], [ 83.0040197, 25.3554161 ], [ 83.0041067, 25.3554861 ], [ 83.0042921, 25.3556353 ], [ 83.0046468, 25.3558902 ], [ 83.0048532, 25.3560239 ], [ 83.0051162, 25.356173 ], [ 83.005277, 25.356262 ], [ 83.0054929, 25.3563645 ], [ 83.0058825, 25.3565481 ], [ 83.0060066, 25.3566032 ], [ 83.0061293, 25.3566529 ], [ 83.0062003, 25.356682 ], [ 83.006494, 25.3567832 ], [ 83.0067381, 25.3568462 ], [ 83.006942, 25.3568813 ], [ 83.0072387, 25.356896 ], [ 83.0074613, 25.3568933 ], [ 83.0078543, 25.356871 ], [ 83.0081074, 25.3568644 ], [ 83.0085877, 25.3568698 ], [ 83.0088142, 25.3568922 ], [ 83.008999, 25.3569185 ], [ 83.0091105, 25.3569366 ], [ 83.0091753, 25.3569502 ], [ 83.0094598, 25.35701 ], [ 83.0095137, 25.3570213 ], [ 83.0100641, 25.3571431 ], [ 83.0111906, 25.3574117 ], [ 83.0113436, 25.3574464 ], [ 83.0121517, 25.3576297 ], [ 83.0127288, 25.3577442 ], [ 83.0129729, 25.3578187 ], [ 83.0134758, 25.3579611 ], [ 83.0139358, 25.3581163 ], [ 83.0144173, 25.3583114 ], [ 83.0147673, 25.3584362 ], [ 83.0149484, 25.3585053 ], [ 83.015226, 25.3586083 ], [ 83.0160791, 25.3588865 ], [ 83.0164987, 25.3589961 ], [ 83.0171277, 25.3591342 ], [ 83.0179511, 25.3593342 ], [ 83.0188349, 25.3595245 ], [ 83.0190495, 25.3595693 ], [ 83.0209257, 25.359991 ], [ 83.0210114, 25.3600127 ], [ 83.0216123, 25.3601498 ], [ 83.0229766, 25.3604775 ], [ 83.0234455, 25.3605792 ], [ 83.0244249, 25.3608006 ], [ 83.024471, 25.3608128 ], [ 83.0253885, 25.3610647 ] ] } },
{ "type": "Feature", "properties": { "highway": "trunk" }, "geometry": { "type": "LineString", "coordinates": [ [ 82.9935713, 25.3495692 ], [ 82.9935451, 25.3498414 ], [ 82.9935169, 25.3501348 ], [ 82.9934954, 25.3504519 ], [ 82.9934659, 25.3508872 ], [ 82.9934467, 25.351205 ], [ 82.9934436, 25.3512561 ], [ 82.9933885, 25.3516875 ], [ 82.9933728, 25.3522761 ], [ 82.9933533, 25.3525061 ], [ 82.9933458, 25.3526836 ], [ 82.9933073, 25.3532053 ], [ 82.9932852, 25.3537648 ], [ 82.9932821, 25.3538233 ], [ 82.9932809, 25.3539451 ], [ 82.9932371, 25.354531 ], [ 82.9931932, 25.3551557 ], [ 82.9931864, 25.3552502 ], [ 82.9931429, 25.355996 ], [ 82.9931281, 25.3563481 ], [ 82.9930883, 25.3572958 ], [ 82.993054, 25.3577319 ], [ 82.9930257, 25.3581909 ], [ 82.9930236, 25.3582412 ], [ 82.9930094, 25.3585817 ], [ 82.9929905, 25.3589318 ], [ 82.9929829, 25.3592469 ], [ 82.9929802, 25.3594368 ], [ 82.9929842, 25.3599241 ], [ 82.9930408, 25.3608969 ], [ 82.9930679, 25.3613207 ], [ 82.993146, 25.3626595 ], [ 82.9931658, 25.3629945 ], [ 82.9932366, 25.3641925 ], [ 82.9932681, 25.3647039 ], [ 82.9932976, 25.3651474 ], [ 82.9933324, 25.3656006 ], [ 82.9933807, 25.3662635 ], [ 82.9934759, 25.3680085 ], [ 82.9934894, 25.3684217 ], [ 82.9935001, 25.3689646 ], [ 82.9935081, 25.3694457 ], [ 82.9934987, 25.3697753 ], [ 82.9934672, 25.3702 ], [ 82.9934619, 25.3702691 ], [ 82.9934337, 25.370638 ], [ 82.9934082, 25.3708271 ], [ 82.9933787, 25.3710034 ], [ 82.9933465, 25.3711785 ], [ 82.9932936, 25.3714014 ], [ 82.9932741, 25.3715147 ], [ 82.9932634, 25.3716153 ], [ 82.9932667, 25.3717638 ], [ 82.9932842, 25.3719492 ], [ 82.9933351, 25.3722654 ], [ 82.9934795, 25.3730003 ], [ 82.9935153, 25.3732248 ], [ 82.9935966, 25.3738673 ], [ 82.9936905, 25.3744853 ], [ 82.9937495, 25.3749312 ], [ 82.9937965, 25.3752426 ], [ 82.9938626, 25.3757348 ], [ 82.9939386, 25.3762665 ], [ 82.9940003, 25.3766809 ], [ 82.9941653, 25.3777206 ], [ 82.9942565, 25.3782162 ], [ 82.9943959, 25.3787372 ], [ 82.9946735, 25.3798047 ], [ 82.9947607, 25.3800833 ], [ 82.9948801, 25.3805862 ], [ 82.9949619, 25.3809776 ], [ 82.9950424, 25.3812853 ], [ 82.995379, 25.3825624 ], [ 82.9955091, 25.3830931 ], [ 82.9955976, 25.3833984 ], [ 82.9959288, 25.3846585 ], [ 82.996126, 25.3854121 ] ] } },
{ "type": "Feature", "properties": { "highway": "tertiary" }, "geometry": { "type": "LineString", "coordinates": [ [ 82.9835748, 25.3457048 ], [ 82.9834235, 25.3456507 ], [ 82.9833843, 25.345645 ], [ 82.9831183, 25.3456147 ], [ 82.9829387, 25.3456004 ], [ 82.9827324, 25.3455379 ], [ 82.9825231, 25.3454192 ], [ 82.9820092, 25.3450523 ], [ 82.9814132, 25.3446513 ] ] } },
{ "type": "Feature", "properties": { "highway": "primary" }, "geometry": { "type": "LineString", "coordinates": [ [ 82.9960257, 25.327671 ], [ 82.995891, 25.3277885 ] ] } },
{ "type": "Feature", "properties": { "highway": "primary" }, "geometry": { "type": "LineString", "coordinates": [ [ 82.9810814, 25.3422512 ], [ 82.9813321, 25.3418849 ], [ 82.981429, 25.3417159 ], [ 82.981452, 25.3416724 ], [ 82.9817705, 25.3410706 ] ] } },
{ "type": "Feature", "properties": { "highway": "primary" }, "geometry": { "type": "LineString", "coordinates": [ [ 82.9821334, 25.340055 ], [ 82.9821399, 25.339949 ], [ 82.98213, 25.3398726 ], [ 82.9820356, 25.3396399 ], [ 82.9820013, 25.3394459 ], [ 82.9820013, 25.3393141 ], [ 82.9821268, 25.3389699 ], [ 82.9821644, 25.3388641 ], [ 82.9823703, 25.3382591 ], [ 82.9824035, 25.3381651 ], [ 82.9825678, 25.3377005 ], [ 82.983057, 25.3372351 ], [ 82.9847541, 25.3361202 ], [ 82.9848558, 25.3360534 ], [ 82.985212, 25.3358224 ] ] } },
{ "type": "Feature", "properties": { "highway": "primary" }, "geometry": { "type": "LineString", "coordinates": [ [ 82.9817705, 25.3410706 ], [ 82.9821334, 25.340055 ] ] } },
{ "type": "Feature", "properties": { "highway": "primary" }, "geometry": { "type": "LineString", "coordinates": [ [ 82.9814366, 25.3391162 ], [ 82.9809116, 25.3405021 ], [ 82.9808015, 25.3407039 ] ] } },
{ "type": "Feature", "properties": { "highway": "primary" }, "geometry": { "type": "LineString", "coordinates": [ [ 82.9821699, 25.3372984 ], [ 82.9821421, 25.3374681 ], [ 82.982081, 25.3378207 ], [ 82.9820319, 25.3384096 ], [ 82.981978, 25.3386704 ], [ 82.9818142, 25.3387952 ], [ 82.9817398, 25.3388494 ], [ 82.9815317, 25.3389807 ], [ 82.9814366, 25.3391162 ] ] } },
{ "type": "Feature", "properties": { "highway": "tertiary" }, "geometry": { "type": "LineString", "coordinates": [ [ 82.9738787, 25.3296064 ], [ 82.9740911, 25.3297763 ], [ 82.9744286, 25.3299999 ], [ 82.9745735, 25.3301391 ], [ 82.9746316, 25.3301974 ], [ 82.9746761, 25.3302722 ], [ 82.9747836, 25.3305236 ], [ 82.9752046, 25.3313879 ], [ 82.9753035, 25.3315492 ], [ 82.9754134, 25.3316897 ], [ 82.9756261, 25.3318844 ], [ 82.9758521, 25.3320884 ], [ 82.9761356, 25.3324162 ], [ 82.9762174, 25.3325181 ], [ 82.9762598, 25.332571 ], [ 82.9763454, 25.3326777 ], [ 82.9764505, 25.3328678 ], [ 82.976572, 25.3331365 ], [ 82.9766689, 25.3334311 ], [ 82.9769272, 25.3339889 ], [ 82.9772218, 25.3342054 ], [ 82.9774008, 25.3342862 ], [ 82.9774812, 25.3342998 ], [ 82.9775835, 25.3343727 ], [ 82.9777813, 25.3345108 ], [ 82.977825, 25.3345344 ], [ 82.9779149, 25.334663 ], [ 82.9779437, 25.3347324 ], [ 82.9780245, 25.335115 ], [ 82.9780439, 25.3352229 ], [ 82.9780908, 25.3355377 ], [ 82.9781173, 25.335696 ], [ 82.9781513, 25.3358138 ], [ 82.9782861, 25.3362177 ], [ 82.978367, 25.3364602 ], [ 82.9784457, 25.3366608 ], [ 82.9785292, 25.3368022 ], [ 82.9786042, 25.3368605 ], [ 82.978747, 25.3369466 ], [ 82.9789584, 25.3370796 ], [ 82.9791348, 25.3371732 ], [ 82.9793912, 25.3372775 ], [ 82.9795434, 25.3373366 ], [ 82.9796143, 25.3373657 ], [ 82.9798065, 25.3374447 ], [ 82.9798446, 25.3374633 ], [ 82.9799135, 25.337497 ], [ 82.9804471, 25.337758 ], [ 82.980536, 25.3378015 ], [ 82.9806553, 25.3378936 ], [ 82.9810939, 25.3382282 ], [ 82.9811811, 25.3382969 ], [ 82.9818142, 25.3387952 ], [ 82.9821268, 25.3389699 ] ] } },
{ "type": "Feature", "properties": { "highway": "tertiary" }, "geometry": { "type": "LineString", "coordinates": [ [ 82.969291, 25.318997 ], [ 82.9692406, 25.3188229 ], [ 82.9691951, 25.3186201 ], [ 82.9690991, 25.3181938 ], [ 82.9689923, 25.3178404 ], [ 82.9689109, 25.3176301 ], [ 82.968886, 25.3175739 ], [ 82.9687964, 25.3173719 ], [ 82.968605, 25.3170167 ], [ 82.96849, 25.3168126 ], [ 82.968121, 25.3160952 ] ] } },
{ "type": "Feature", "properties": { "highway": "tertiary" }, "geometry": { "type": "LineString", "coordinates": [ [ 82.9726105, 25.3413173 ], [ 82.9731825, 25.3418822 ], [ 82.9731995, 25.3419068 ], [ 82.9732319, 25.341954 ], [ 82.9732721, 25.3420397 ], [ 82.9735889, 25.3428127 ], [ 82.9736103, 25.3428815 ] ] } },
{ "type": "Feature", "properties": { "highway": "tertiary" }, "geometry": { "type": "LineString", "coordinates": [ [ 82.975745, 25.3528071 ], [ 82.9760922, 25.3528142 ], [ 82.9762305, 25.3528176 ], [ 82.9763653, 25.3528209 ], [ 82.9766057, 25.3528268 ], [ 82.9768229, 25.3528322 ], [ 82.9768816, 25.3528336 ], [ 82.9780117, 25.352822 ], [ 82.9783427, 25.3528 ], [ 82.9789191, 25.3527618 ], [ 82.9793207, 25.3527644 ], [ 82.9794804, 25.3527639 ] ] } },
{ "type": "Feature", "properties": { "highway": "primary" }, "geometry": { "type": "LineString", "coordinates": [ [ 82.9697792, 25.3021764 ], [ 82.9704264, 25.3022681 ], [ 82.9709387, 25.3023154 ], [ 82.9712149, 25.3023505 ], [ 82.9715449, 25.3024221 ] ] } },
{ "type": "Feature", "properties": { "highway": "primary" }, "geometry": { "type": "LineString", "coordinates": [ [ 82.968121, 25.3160952 ], [ 82.9680962, 25.3160469 ], [ 82.9679789, 25.3158298 ], [ 82.9678582, 25.3155885 ], [ 82.9677992, 25.3154358 ], [ 82.9677469, 25.3152321 ], [ 82.967712, 25.3150696 ], [ 82.9676905, 25.3149217 ], [ 82.9676691, 25.3145859 ], [ 82.967665, 25.3140307 ], [ 82.9676489, 25.3132877 ], [ 82.9676479, 25.3132414 ], [ 82.9676436, 25.3130414 ], [ 82.9676329, 25.312731 ], [ 82.9676315, 25.3126559 ], [ 82.967606, 25.3118751 ], [ 82.9675966, 25.3113296 ], [ 82.9676047, 25.3110653 ], [ 82.9676211, 25.3108473 ], [ 82.9676516, 25.3105246 ], [ 82.967716, 25.3101051 ], [ 82.9677375, 25.3098675 ], [ 82.9677603, 25.3096456 ], [ 82.9677697, 25.3094589 ], [ 82.967767, 25.3092467 ], [ 82.9677415, 25.3087533 ], [ 82.9677173, 25.3080331 ], [ 82.9676932, 25.3076052 ], [ 82.9676691, 25.307262 ], [ 82.967653, 25.3070511 ], [ 82.9675993, 25.3062861 ], [ 82.9675698, 25.3054677 ], [ 82.9675671, 25.3053416 ], [ 82.9675591, 25.3050809 ], [ 82.9675631, 25.3048215 ], [ 82.9675913, 25.3045632 ], [ 82.9676329, 25.3042953 ], [ 82.9676677, 25.3041268 ], [ 82.9677562, 25.3037958 ], [ 82.9678421, 25.3035205 ], [ 82.9679185, 25.3033411 ], [ 82.967999, 25.3031471 ], [ 82.9680955, 25.3029434 ], [ 82.9683611, 25.3024112 ], [ 82.9685727, 25.3019896 ], [ 82.9685912, 25.3019247 ] ] } },
{ "type": "Feature", "properties": { "highway": "tertiary" }, "geometry": { "type": "LineString", "coordinates": [ [ 82.9919454, 25.3069962 ], [ 82.9921253, 25.3070402 ], [ 82.992558, 25.3071201 ], [ 82.9929368, 25.3072003 ], [ 82.9933568, 25.3072935 ], [ 82.9937711, 25.3073543 ], [ 82.9940575, 25.3073915 ], [ 82.9943665, 25.3074426 ], [ 82.9945828, 25.3074878 ], [ 82.9948281, 25.3075439 ], [ 82.995071, 25.307584 ], [ 82.99532, 25.3076056 ], [ 82.995678, 25.3076175 ], [ 82.9957971, 25.3076215 ], [ 82.996313, 25.3076432 ], [ 82.9965656, 25.3076776 ], [ 82.9967324, 25.3077008 ] ] } },
{ "type": "Feature", "properties": { "highway": "primary" }, "geometry": { "type": "LineString", "coordinates": [ [ 82.9961206, 25.3277256 ], [ 82.9962432, 25.3276232 ], [ 82.9963325, 25.3275486 ], [ 82.9967563, 25.3272783 ], [ 82.9970111, 25.3271292 ], [ 82.9971425, 25.3270237 ], [ 82.9972163, 25.3269643 ], [ 82.9973799, 25.3267958 ], [ 82.9975086, 25.3266334 ], [ 82.9976213, 25.3265 ], [ 82.9979566, 25.3262382 ], [ 82.9982851, 25.3259946 ], [ 82.9983428, 25.3259521 ], [ 82.9983991, 25.3258988 ], [ 82.9986902, 25.3255957 ], [ 82.9989342, 25.3254466 ], [ 82.9991347, 25.3253412 ], [ 82.9993875, 25.3252575 ], [ 82.9996182, 25.3252018 ], [ 82.9997367, 25.3251466 ] ] } },
{ "type": "Feature", "properties": { "highway": "tertiary" }, "geometry": { "type": "LineString", "coordinates": [ [ 82.9893685, 25.3103819 ], [ 82.9889662, 25.3100211 ], [ 82.9886026, 25.3096933 ], [ 82.9881707, 25.3093286 ], [ 82.9880683, 25.309238 ], [ 82.9878585, 25.3090493 ], [ 82.9876535, 25.3088677 ], [ 82.9874433, 25.3086948 ], [ 82.9870837, 25.3084093 ], [ 82.9869562, 25.3083044 ], [ 82.9868063, 25.308189 ], [ 82.9864468, 25.3079569 ], [ 82.9863576, 25.3079139 ], [ 82.986191, 25.3078675 ], [ 82.9861114, 25.3078512 ], [ 82.9858726, 25.3078198 ], [ 82.9856164, 25.3077839 ], [ 82.9854788, 25.3077763 ], [ 82.985109, 25.3077595 ], [ 82.9846162, 25.3077031 ], [ 82.9844108, 25.3076663 ], [ 82.9842685, 25.3076361 ], [ 82.9841704, 25.3076153 ], [ 82.984108, 25.3076017 ], [ 82.9839809, 25.3075647 ], [ 82.9839263, 25.3075501 ], [ 82.9837159, 25.3074586 ], [ 82.9835396, 25.3073671 ], [ 82.9833651, 25.3072536 ], [ 82.9831358, 25.3071124 ], [ 82.9826615, 25.3066276 ], [ 82.9822867, 25.3063535 ], [ 82.9819114, 25.3061862 ], [ 82.9817494, 25.3060396 ], [ 82.9814036, 25.305811 ], [ 82.98125, 25.3056732 ], [ 82.9810683, 25.3054732 ], [ 82.9809542, 25.3053632 ], [ 82.9808427, 25.3051985 ] ] } },
{ "type": "Feature", "properties": { "highway": "tertiary" }, "geometry": { "type": "LineString", "coordinates": [ [ 82.9965459, 25.306471 ], [ 82.9965263, 25.3063128 ], [ 82.9965011, 25.3059063 ], [ 82.9965041, 25.3055609 ], [ 82.996495, 25.3053646 ], [ 82.9964453, 25.305005 ] ] } },
{ "type": "Feature", "properties": { "highway": "trunk" }, "geometry": { "type": "LineString", "coordinates": [ [ 83.0242516, 25.3502096 ], [ 83.024719, 25.3517712 ], [ 83.0247867, 25.3519973 ], [ 83.0248928, 25.352361 ], [ 83.0250938, 25.3531729 ], [ 83.0251917, 25.3536128 ], [ 83.0252006, 25.3537 ], [ 83.0252402, 25.3540852 ], [ 83.0252708, 25.3547641 ], [ 83.0253956, 25.3562863 ], [ 83.0254586, 25.3572619 ], [ 83.0254921, 25.3577103 ], [ 83.025531, 25.3582605 ], [ 83.0256437, 25.3594869 ], [ 83.0256678, 25.3598371 ], [ 83.0256946, 25.360208 ], [ 83.0257586, 25.3607283 ] ] } },
{ "type": "Feature", "properties": { "highway": "trunk" }, "geometry": { "type": "LineString", "coordinates": [ [ 83.031083, 25.3275664 ], [ 83.0309759, 25.3274771 ], [ 83.0306125, 25.3272843 ], [ 83.0299325, 25.3269352 ], [ 83.0297059, 25.3268225 ], [ 83.0296458, 25.3268109 ], [ 83.029561, 25.3267946 ], [ 83.0294363, 25.3267879 ], [ 83.0293351, 25.3268043 ], [ 83.0291815, 25.3268564 ], [ 83.0290206, 25.3269316 ], [ 83.0287752, 25.327088 ], [ 83.0285981, 25.3272068 ], [ 83.0281878, 25.3274722 ], [ 83.0279933, 25.3276274 ] ] } },
{ "type": "Feature", "properties": { "highway": "trunk" }, "geometry": { "type": "LineString", "coordinates": [ [ 83.0230247, 25.341235 ], [ 83.0229914, 25.34204 ] ] } },
{ "type": "Feature", "properties": { "highway": "trunk" }, "geometry": { "type": "LineString", "coordinates": [ [ 83.0229908, 25.3422745 ], [ 83.0229548, 25.3423704 ], [ 83.0229172, 25.3426916 ], [ 83.0229078, 25.3429473 ], [ 83.0229105, 25.3431158 ], [ 83.022932, 25.3432449 ], [ 83.0229836, 25.3433867 ], [ 83.0230185, 25.3434758 ], [ 83.0231258, 25.3437103 ], [ 83.0231593, 25.3437721 ], [ 83.0232257, 25.3439509 ], [ 83.023404, 25.3443751 ], [ 83.0234201, 25.344426 ], [ 83.0235234, 25.3447593 ], [ 83.0236018, 25.3450442 ], [ 83.0236602, 25.3453847 ], [ 83.0237085, 25.3457253 ], [ 83.0238246, 25.3467089 ] ] } },
{ "type": "Feature", "properties": { "highway": "tertiary" }, "geometry": { "type": "LineString", "coordinates": [ [ 82.9972206, 25.350832 ], [ 82.9972479, 25.351091 ], [ 82.9972393, 25.3515422 ], [ 82.9972371, 25.3515746 ], [ 82.997215, 25.3518982 ], [ 82.9971902, 25.3521471 ], [ 82.9971513, 25.3523471 ], [ 82.9971299, 25.3525892 ], [ 82.9971151, 25.3527557 ], [ 82.9970894, 25.3530259 ], [ 82.9970394, 25.3534912 ], [ 82.9970236, 25.3535662 ], [ 82.9969075, 25.3541196 ], [ 82.9968696, 25.3542376 ], [ 82.9968518, 25.3542932 ], [ 82.9967288, 25.3547394 ], [ 82.9966368, 25.3549957 ], [ 82.9965238, 25.3553288 ], [ 82.9964524, 25.3556245 ], [ 82.9964365, 25.3558568 ], [ 82.9964386, 25.3563921 ], [ 82.9963827, 25.3573815 ], [ 82.9963456, 25.3579083 ], [ 82.996355, 25.3580156 ], [ 82.9963684, 25.3586917 ], [ 82.9963715, 25.3587463 ], [ 82.9963895, 25.3590703 ], [ 82.9964057, 25.3594808 ], [ 82.9964182, 25.3595794 ], [ 82.9964708, 25.3599177 ], [ 82.9965571, 25.3603384 ], [ 82.9966155, 25.3605338 ], [ 82.9967046, 25.3607432 ], [ 82.9967868, 25.3608696 ], [ 82.9968289, 25.3609343 ], [ 82.9969362, 25.3610492 ], [ 82.9970762, 25.3611641 ], [ 82.9971697, 25.3612766 ], [ 82.9972358, 25.3614246 ], [ 82.9972855, 25.3616663 ], [ 82.9973083, 25.3618611 ], [ 82.9973193, 25.3619552 ], [ 82.9973226, 25.3621082 ], [ 82.9973376, 25.3623787 ], [ 82.997357, 25.3627287 ], [ 82.9973636, 25.3630042 ], [ 82.9973655, 25.3630855 ], [ 82.9973405, 25.363367 ], [ 82.9973093, 25.3634946 ], [ 82.9972559, 25.3636058 ], [ 82.9972025, 25.3636749 ], [ 82.9971174, 25.363751 ], [ 82.9970136, 25.3638145 ], [ 82.9969529, 25.3638419 ], [ 82.9968935, 25.3638688 ], [ 82.9968333, 25.3639262 ], [ 82.9967701, 25.3640048 ], [ 82.9967256, 25.3640708 ], [ 82.9966737, 25.3641732 ], [ 82.9966016, 25.3643652 ], [ 82.996327, 25.3650321 ], [ 82.9962412, 25.3651795 ], [ 82.996121, 25.3653113 ], [ 82.9960004, 25.3654163 ], [ 82.9959048, 25.365479 ], [ 82.9956388, 25.3656586 ], [ 82.9955057, 25.3657402 ], [ 82.9953056, 25.3658853 ], [ 82.9950819, 25.3661121 ], [ 82.9950454, 25.3661598 ], [ 82.9948936, 25.3663583 ], [ 82.9948306, 25.3664592 ], [ 82.9947048, 25.3666608 ], [ 82.9945503, 25.3669555 ], [ 82.9945178, 25.3670585 ], [ 82.9944645, 25.3672657 ], [ 82.9944387, 25.3677311 ], [ 82.994413, 25.3681421 ], [ 82.994413, 25.3683114 ], [ 82.994413, 25.3683825 ], [ 82.9944387, 25.3687858 ], [ 82.9944257, 25.368902 ], [ 82.9943942, 25.3690405 ], [ 82.9943318, 25.3691946 ], [ 82.9942327, 25.3693907 ], [ 82.9940096, 25.3697165 ], [ 82.9938465, 25.3699724 ], [ 82.9936807, 25.3701475 ], [ 82.9935473, 25.3702305 ], [ 82.9934619, 25.3702691 ] ] } },
{ "type": "Feature", "properties": { "highway": "trunk" }, "geometry": { "type": "LineString", "coordinates": [ [ 83.0253885, 25.3610647 ], [ 83.0255324, 25.3611205 ], [ 83.0256624, 25.3611715 ] ] } },
{ "type": "Feature", "properties": { "highway": "secondary" }, "geometry": { "type": "LineString", "coordinates": [ [ 83.0224752, 25.3210392 ], [ 83.0225784, 25.3210761 ], [ 83.0226816, 25.3211131 ], [ 83.0227198, 25.3211236 ], [ 83.0228271, 25.3211529 ], [ 83.0230042, 25.3211916 ], [ 83.0232293, 25.321225 ], [ 83.0236387, 25.3212805 ], [ 83.0239161, 25.3213325 ], [ 83.0242043, 25.321409 ], [ 83.0248211, 25.321578 ], [ 83.0249399, 25.3216148 ], [ 83.0251868, 25.3217104 ], [ 83.0254699, 25.3218311 ], [ 83.0257201, 25.3219663 ], [ 83.0260698, 25.3221727 ], [ 83.0263317, 25.3223627 ], [ 83.0267125, 25.322633 ], [ 83.0271012, 25.3229242 ], [ 83.0275128, 25.3232757 ], [ 83.0276392, 25.323364 ], [ 83.0279701, 25.3235865 ], [ 83.0282374, 25.3237071 ], [ 83.0284868, 25.3238223 ], [ 83.0287357, 25.3239533 ], [ 83.0290434, 25.3241071 ], [ 83.0296093, 25.3243217 ], [ 83.029667, 25.3243423 ], [ 83.0301831, 25.3245266 ], [ 83.0305934, 25.3246768 ], [ 83.0305521, 25.324866 ], [ 83.0305105, 25.3250163 ], [ 83.0304636, 25.3251812 ], [ 83.0302489, 25.3256069 ], [ 83.0300737, 25.3260017 ] ] } },
{ "type": "Feature", "properties": { "highway": "tertiary" }, "geometry": { "type": "LineString", "coordinates": [ [ 83.0072737, 25.3104698 ], [ 83.0073678, 25.3105798 ], [ 83.0074719, 25.310673 ], [ 83.007618, 25.3107465 ], [ 83.0077877, 25.3107912 ], [ 83.0079785, 25.3108071 ], [ 83.0081815, 25.3107994 ], [ 83.0082559, 25.3107834 ], [ 83.0083432, 25.3107698 ], [ 83.0084222, 25.3107854 ], [ 83.008508, 25.3108129 ], [ 83.0087016, 25.3109377 ], [ 83.0088816, 25.3110787 ], [ 83.0091706, 25.3112808 ], [ 83.0094807, 25.311518 ], [ 83.0096188, 25.3116348 ], [ 83.009697, 25.3116911 ], [ 83.0097607, 25.3117102 ], [ 83.0098534, 25.311717 ], [ 83.0099917, 25.3117301 ], [ 83.0101087, 25.3117411 ], [ 83.0103077, 25.3117825 ], [ 83.0104159, 25.3118118 ], [ 83.0104697, 25.3118514 ], [ 83.0105201, 25.3119189 ], [ 83.0105786, 25.312034 ], [ 83.0106793, 25.3122686 ], [ 83.010773, 25.3124226 ], [ 83.0108435, 25.3125634 ], [ 83.0108915, 25.3126863 ], [ 83.010912, 25.3127897 ], [ 83.0109176, 25.3129499 ], [ 83.0109232, 25.3130801 ], [ 83.0109258, 25.3131715 ] ] } },
{ "type": "Feature", "properties": { "highway": "tertiary" }, "geometry": { "type": "LineString", "coordinates": [ [ 83.0041914, 25.3095235 ], [ 83.0040151, 25.3094894 ], [ 83.0038156, 25.3094466 ], [ 83.0031732, 25.3092863 ], [ 83.0022179, 25.3090877 ], [ 83.0017836, 25.3089775 ], [ 83.0015424, 25.3089164 ], [ 83.0011176, 25.3088086 ], [ 83.0007199, 25.3087175 ], [ 83.0004678, 25.3086748 ], [ 82.9997502, 25.308607 ], [ 82.9996331, 25.3086042 ] ] } },
{ "type": "Feature", "properties": { "highway": "tertiary" }, "geometry": { "type": "LineString", "coordinates": [ [ 83.0056528, 25.3072017 ], [ 83.0060015, 25.3076816 ], [ 83.0060765, 25.3077808 ], [ 83.0062704, 25.3081222 ], [ 83.006702, 25.3088823 ], [ 83.0067399, 25.3089749 ], [ 83.0068042, 25.309132 ], [ 83.0068133, 25.3091569 ], [ 83.0068202, 25.3091812 ] ] } },
{ "type": "Feature", "properties": { "highway": "tertiary" }, "geometry": { "type": "LineString", "coordinates": [ [ 83.0044966, 25.295813 ], [ 83.0044773, 25.2959886 ], [ 83.0044724, 25.2960869 ], [ 83.0044766, 25.2963673 ], [ 83.0044718, 25.2964258 ], [ 83.0044626, 25.2964824 ], [ 83.0044552, 25.296574 ], [ 83.0044301, 25.2967842 ], [ 83.0042741, 25.297445 ], [ 83.0042403, 25.2976357 ], [ 83.0042291, 25.2978224 ], [ 83.0042363, 25.2978528 ], [ 83.0042876, 25.2980705 ], [ 83.0044319, 25.2984655 ], [ 83.0045411, 25.2987324 ], [ 83.0046644, 25.2991484 ], [ 83.0047028, 25.2995203 ], [ 83.0046775, 25.2998428 ], [ 83.0046397, 25.3001414 ], [ 83.0046287, 25.3002283 ], [ 83.0046253, 25.3002553 ], [ 83.0045641, 25.3007388 ], [ 83.0045139, 25.3011783 ], [ 83.004496, 25.3013722 ], [ 83.0045058, 25.3015965 ], [ 83.004531, 25.3018318 ], [ 83.0046067, 25.3025378 ] ] } },
{ "type": "Feature", "properties": { "highway": "tertiary" }, "geometry": { "type": "LineString", "coordinates": [ [ 83.0031028, 25.2818828 ], [ 83.0030242, 25.2819619 ], [ 83.0024287, 25.2827817 ], [ 83.0019854, 25.2833187 ], [ 83.001785, 25.2835616 ], [ 83.0016334, 25.2837648 ], [ 83.0010971, 25.2844837 ], [ 83.0009862, 25.284632 ], [ 83.0006691, 25.2849554 ] ] } },
{ "type": "Feature", "properties": { "highway": "tertiary" }, "geometry": { "type": "LineString", "coordinates": [ [ 83.0260277, 25.3616246 ], [ 83.0260587, 25.3613055 ] ] } },
{ "type": "Feature", "properties": { "highway": "primary" }, "geometry": { "type": "LineString", "coordinates": [ [ 83.0052274, 25.3611807 ], [ 83.0052299, 25.3612154 ], [ 83.0052768, 25.3618752 ], [ 83.0053187, 25.3626423 ], [ 83.0053403, 25.3630374 ], [ 83.0053455, 25.3631316 ], [ 83.0054142, 25.3642219 ], [ 83.0054747, 25.365025 ], [ 83.0055251, 25.3655357 ], [ 83.0055914, 25.3663167 ], [ 83.0056086, 25.3665019 ], [ 83.0056501, 25.3669481 ], [ 83.0056703, 25.3670905 ], [ 83.0057699, 25.3677917 ], [ 83.0058089, 25.3680021 ], [ 83.0058276, 25.3680611 ], [ 83.0059303, 25.3685843 ], [ 83.0061179, 25.3693791 ], [ 83.0062362, 25.3698503 ], [ 83.006281, 25.3700285 ], [ 83.0063921, 25.3704709 ], [ 83.0065132, 25.3709686 ], [ 83.0066191, 25.3714805 ], [ 83.0066686, 25.3717198 ], [ 83.0066924, 25.3718346 ], [ 83.0068217, 25.372601 ], [ 83.0068406, 25.372699 ], [ 83.0069411, 25.3732196 ], [ 83.0069644, 25.3733404 ], [ 83.0070815, 25.3739468 ], [ 83.0071136, 25.3741133 ], [ 83.0072094, 25.3746536 ], [ 83.0072938, 25.3751292 ], [ 83.0073412, 25.3754744 ], [ 83.0073958, 25.3758724 ], [ 83.0074226, 25.3760675 ], [ 83.0074505, 25.3763415 ], [ 83.0074782, 25.3764887 ], [ 83.0074975, 25.3766352 ], [ 83.0075639, 25.3771376 ], [ 83.0076087, 25.3777476 ], [ 83.0076676, 25.3781068 ], [ 83.0077428, 25.3785814 ], [ 83.0078137, 25.3790293 ], [ 83.0078517, 25.3793168 ], [ 83.0079719, 25.3800923 ], [ 83.0080416, 25.3805203 ], [ 83.0080762, 25.3807324 ], [ 83.0081633, 25.3812671 ], [ 83.008298, 25.3820464 ], [ 83.0083134, 25.3821091 ], [ 83.0083783, 25.3823733 ], [ 83.0084636, 25.3827205 ], [ 83.008804, 25.3841067 ], [ 83.0088162, 25.3841563 ], [ 83.0088969, 25.3844849 ], [ 83.0089589, 25.3847372 ], [ 83.0090567, 25.3851775 ], [ 83.0091943, 25.3857966 ], [ 83.0092835, 25.3861981 ] ] } },
{ "type": "Feature", "properties": { "highway": "tertiary" }, "geometry": { "type": "LineString", "coordinates": [ [ 82.9473312, 25.3623474 ], [ 82.9472822, 25.3624482 ], [ 82.9469054, 25.3631284 ], [ 82.9467181, 25.3633537 ], [ 82.9464934, 25.3635832 ], [ 82.9457652, 25.3642601 ], [ 82.9456749, 25.364344 ], [ 82.9455552, 25.3644561 ], [ 82.945181, 25.3647791 ], [ 82.9447221, 25.3651535 ], [ 82.944479, 25.3653626 ], [ 82.9440969, 25.3659202 ], [ 82.9435034, 25.3664613 ], [ 82.9433515, 25.3666031 ], [ 82.9430868, 25.3667542 ], [ 82.9426451, 25.3669777 ], [ 82.9425428, 25.3670317 ], [ 82.9423296, 25.3671695 ], [ 82.942191, 25.367259 ], [ 82.9419397, 25.3674357 ], [ 82.9418048, 25.3675305 ], [ 82.9415586, 25.3676793 ], [ 82.9407384, 25.3681199 ], [ 82.9404628, 25.3682651 ], [ 82.9402627, 25.3683914 ], [ 82.9399789, 25.3685953 ], [ 82.9399243, 25.3686526 ], [ 82.9398668, 25.3686992 ], [ 82.9394568, 25.3691265 ], [ 82.9393892, 25.3692031 ], [ 82.9392951, 25.3692797 ], [ 82.9389882, 25.369507 ], [ 82.9389522, 25.369528 ], [ 82.9385353, 25.3697718 ], [ 82.9382649, 25.3699319 ], [ 82.9380626, 25.3700277 ], [ 82.9377805, 25.3701805 ], [ 82.9374275, 25.3703717 ], [ 82.9373665, 25.3703969 ], [ 82.9370493, 25.3705385 ], [ 82.936431, 25.3708398 ], [ 82.9362671, 25.3708984 ], [ 82.9360482, 25.3709527 ], [ 82.9351752, 25.3711901 ], [ 82.9346023, 25.3713793 ], [ 82.934416, 25.3714601 ], [ 82.9342298, 25.371537 ], [ 82.934084, 25.3716034 ], [ 82.9339942, 25.3716641 ], [ 82.9337989, 25.3718376 ], [ 82.9337673, 25.3718657 ], [ 82.9336852, 25.371951 ], [ 82.9336112, 25.3720053 ], [ 82.933483, 25.3720567 ], [ 82.9333666, 25.3721091 ], [ 82.9333038, 25.3721566 ], [ 82.9331786, 25.372299 ], [ 82.9331133, 25.3724061 ], [ 82.9330553, 25.3725098 ], [ 82.9329803, 25.3726437 ], [ 82.9328172, 25.3728777 ], [ 82.9326788, 25.3730537 ], [ 82.932594, 25.3731521 ], [ 82.9324696, 25.3732774 ], [ 82.9323613, 25.3733542 ], [ 82.9322223, 25.3734354 ], [ 82.9320255, 25.3735147 ], [ 82.9319422, 25.3735309 ], [ 82.9318662, 25.3735456 ], [ 82.9311992, 25.3736586 ], [ 82.9311643, 25.3736654 ], [ 82.9309358, 25.3737097 ], [ 82.9306308, 25.3737642 ], [ 82.9303058, 25.3738231 ], [ 82.9300235, 25.3738699 ], [ 82.9298438, 25.3738796 ], [ 82.9296676, 25.3738827 ], [ 82.9294484, 25.3738627 ], [ 82.9291737, 25.3737996 ], [ 82.929045, 25.3737565 ], [ 82.928966, 25.373737 ], [ 82.9287917, 25.3737117 ], [ 82.9286582, 25.3737139 ], [ 82.9285396, 25.3737257 ], [ 82.9283436, 25.3737632 ], [ 82.9281905, 25.3738054 ], [ 82.9280783, 25.3738422 ], [ 82.9276789, 25.3739731 ], [ 82.9274908, 25.3740534 ], [ 82.9273766, 25.3741021 ], [ 82.9268456, 25.3743464 ], [ 82.9267186, 25.3744142 ], [ 82.9266741, 25.3744379 ], [ 82.9261493, 25.3747181 ], [ 82.9259178, 25.3748422 ], [ 82.9257507, 25.3749227 ], [ 82.9256433, 25.3749692 ], [ 82.9253479, 25.3750972 ], [ 82.9250396, 25.3752179 ], [ 82.924862, 25.3752846 ], [ 82.92457, 25.3753943 ], [ 82.9239263, 25.3756734 ], [ 82.9234786, 25.3758878 ], [ 82.9227917, 25.3762028 ], [ 82.9219843, 25.37659 ], [ 82.9213465, 25.3769368 ], [ 82.9210558, 25.3771175 ], [ 82.9209289, 25.3771972 ], [ 82.9208455, 25.3772497 ], [ 82.9206625, 25.3773695 ], [ 82.9205809, 25.3774229 ], [ 82.920176, 25.3776834 ], [ 82.9199046, 25.377839 ], [ 82.9197943, 25.3778962 ], [ 82.9196601, 25.3779527 ], [ 82.9195927, 25.3779701 ], [ 82.9194996, 25.3779919 ], [ 82.9193252, 25.378028 ], [ 82.9191122, 25.3780614 ], [ 82.9190256, 25.3780682 ], [ 82.9188065, 25.3780852 ], [ 82.9186632, 25.3780925 ], [ 82.9185353, 25.3781143 ], [ 82.9184181, 25.3781652 ], [ 82.9182641, 25.3782585 ], [ 82.9179009, 25.3785117 ], [ 82.9177273, 25.3786429 ], [ 82.9174289, 25.3788684 ], [ 82.91707, 25.3791175 ], [ 82.9168385, 25.3792995 ], [ 82.9166392, 25.3794864 ], [ 82.9165728, 25.3795912 ], [ 82.9164504, 25.379706 ], [ 82.9163389, 25.3797815 ], [ 82.9160811, 25.3799262 ], [ 82.9159199, 25.3800466 ], [ 82.9157453, 25.3801807 ], [ 82.9155492, 25.3803729 ], [ 82.9153072, 25.380623 ], [ 82.9151085, 25.3808522 ], [ 82.9149285, 25.3810548 ], [ 82.9148349, 25.3811534 ], [ 82.9147091, 25.3812569 ], [ 82.9145239, 25.3814028 ], [ 82.9141912, 25.3816508 ], [ 82.9139098, 25.3818385 ], [ 82.9138354, 25.3818825 ], [ 82.9135116, 25.3820743 ], [ 82.9133641, 25.3821537 ], [ 82.9127587, 25.3824797 ], [ 82.9125772, 25.3825774 ], [ 82.9123057, 25.3827184 ], [ 82.9120372, 25.3828628 ], [ 82.9118322, 25.3829598 ] ] } },
{ "type": "Feature", "properties": { "highway": "tertiary" }, "geometry": { "type": "LineString", "coordinates": [ [ 83.0420266, 25.3662429 ], [ 83.0420341, 25.3664044 ], [ 83.0421252, 25.3666691 ], [ 83.0423248, 25.3669909 ], [ 83.0426134, 25.3673448 ], [ 83.0427047, 25.3675177 ], [ 83.042858, 25.3678081 ], [ 83.0429782, 25.368148 ], [ 83.0431084, 25.3685159 ], [ 83.0431241, 25.3685604 ], [ 83.0433017, 25.3690641 ], [ 83.0433272, 25.3691366 ], [ 83.0435413, 25.3697438 ], [ 83.0435533, 25.369778 ], [ 83.0437678, 25.3703131 ], [ 83.0439362, 25.3709059 ], [ 83.0443019, 25.3715967 ], [ 83.0443583, 25.3717032 ], [ 83.0448487, 25.372829 ], [ 83.0449781, 25.3731259 ], [ 83.0452016, 25.3736251 ], [ 83.0454303, 25.3741358 ], [ 83.0456088, 25.3745798 ], [ 83.0458753, 25.3752426 ], [ 83.0460242, 25.3756933 ], [ 83.0460681, 25.3758503 ], [ 83.0463342, 25.3767809 ], [ 83.0463527, 25.3768412 ], [ 83.0464712, 25.3772276 ], [ 83.0465263, 25.377398 ], [ 83.0469391, 25.3784105 ], [ 83.0471078, 25.3788132 ], [ 83.0471657, 25.3789619 ], [ 83.0472095, 25.3790519 ], [ 83.0472663, 25.3791348 ], [ 83.04732, 25.3791957 ], [ 83.0473815, 25.3792671 ], [ 83.0474351, 25.3793596 ], [ 83.0474735, 25.3794671 ], [ 83.0475236, 25.3796279 ], [ 83.0475835, 25.3798202 ], [ 83.0475934, 25.3798522 ], [ 83.0476448, 25.380017 ], [ 83.0476961, 25.3801687 ], [ 83.0477611, 25.3803423 ], [ 83.0478593, 25.3805843 ], [ 83.0480277, 25.380965 ], [ 83.0481464, 25.3812055 ], [ 83.0481673, 25.3812445 ], [ 83.0482207, 25.3813441 ], [ 83.0483209, 25.3815087 ], [ 83.0483537, 25.3815488 ], [ 83.0485196, 25.3817515 ], [ 83.0485727, 25.3818228 ], [ 83.0486227, 25.3819122 ], [ 83.0486647, 25.3820193 ], [ 83.0487153, 25.3821899 ], [ 83.0489684, 25.3830423 ], [ 83.0490354, 25.3833081 ], [ 83.049062, 25.3834656 ], [ 83.0490716, 25.3836678 ], [ 83.0490804, 25.3837783 ], [ 83.0490856, 25.3838044 ], [ 83.0491323, 25.3840392 ], [ 83.0492698, 25.3844573 ], [ 83.0494575, 25.3848548 ], [ 83.0495235, 25.3850497 ], [ 83.0495791, 25.3852449 ], [ 83.049644, 25.3856462 ], [ 83.0496941, 25.3858588 ], [ 83.0497566, 25.3860715 ], [ 83.0499171, 25.3865316 ], [ 83.0501107, 25.3870867 ], [ 83.050291, 25.3876062 ], [ 83.0503596, 25.3878621 ], [ 83.0504332, 25.3880874 ], [ 83.0506889, 25.3885029 ], [ 83.050802, 25.3887009 ], [ 83.0510638, 25.3893288 ], [ 83.0513903, 25.3900592 ], [ 83.0514667, 25.3902317 ], [ 83.0515309, 25.3903767 ], [ 83.0518183, 25.3910038 ], [ 83.0520656, 25.3915295 ], [ 83.0526134, 25.3926368 ], [ 83.0527467, 25.3929205 ], [ 83.0528355, 25.3931095 ], [ 83.0530572, 25.3935288 ], [ 83.053444, 25.3941605 ], [ 83.053794, 25.3947779 ], [ 83.0538673, 25.3949106 ], [ 83.0540546, 25.395224 ] ] } },
{ "type": "Feature", "properties": { "highway": "tertiary" }, "geometry": { "type": "LineString", "coordinates": [ [ 83.0096881, 25.3374232 ], [ 83.0094734, 25.3375266 ], [ 83.0093443, 25.337585 ], [ 83.0092944, 25.3376285 ], [ 83.0092431, 25.3378173 ] ] } },
{ "type": "Feature", "properties": { "highway": "tertiary" }, "geometry": { "type": "LineString", "coordinates": [ [ 82.8736132, 25.2967534 ], [ 82.8736343, 25.2967879 ], [ 82.8736932, 25.2968641 ], [ 82.8740917, 25.2973754 ], [ 82.8741585, 25.2974553 ], [ 82.8744179, 25.2978106 ], [ 82.8744813, 25.2978999 ], [ 82.8745702, 25.298058 ], [ 82.8746281, 25.2982256 ], [ 82.8746834, 25.2983859 ], [ 82.8747519, 25.2988668 ], [ 82.8747925, 25.299265 ], [ 82.8748941, 25.3001441 ], [ 82.8749199, 25.3003272 ], [ 82.8749687, 25.3006741 ], [ 82.8752396, 25.3019746 ], [ 82.8752859, 25.3021728 ], [ 82.8754181, 25.3029431 ], [ 82.8755194, 25.3035332 ], [ 82.8755922, 25.304003 ], [ 82.8756879, 25.3043455 ], [ 82.8757163, 25.3044186 ], [ 82.8757696, 25.3045079 ], [ 82.8759154, 25.3047023 ], [ 82.8760563, 25.3048901 ], [ 82.8760857, 25.3049318 ], [ 82.8762588, 25.3052016 ], [ 82.8764009, 25.3054232 ], [ 82.8764284, 25.305504 ], [ 82.8766029, 25.3064701 ], [ 82.8766461, 25.3069025 ], [ 82.8766689, 25.3070394 ], [ 82.8767945, 25.3073936 ], [ 82.8768662, 25.3075959 ], [ 82.8769953, 25.30784 ], [ 82.8773744, 25.3084426 ], [ 82.8774136, 25.3084885 ], [ 82.8778257, 25.3089152 ], [ 82.8779178, 25.308994 ], [ 82.8784322, 25.3093979 ], [ 82.8784713, 25.309437 ], [ 82.878507, 25.309488 ], [ 82.8786017, 25.3096894 ], [ 82.8786207, 25.309737 ], [ 82.8786613, 25.3098719 ], [ 82.8787443, 25.3101885 ], [ 82.8787557, 25.3102362 ], [ 82.8788695, 25.3106874 ], [ 82.8791617, 25.3117893 ], [ 82.8792345, 25.312007 ], [ 82.8793144, 25.3121735 ], [ 82.8794883, 25.3125322 ], [ 82.8800565, 25.3135979 ], [ 82.8804084, 25.314364 ], [ 82.8808288, 25.3151774 ], [ 82.8811495, 25.3157623 ], [ 82.8813031, 25.3159905 ], [ 82.881512, 25.3162259 ], [ 82.8824097, 25.3170457 ], [ 82.8824471, 25.317082 ], [ 82.8832141, 25.3178254 ], [ 82.8834435, 25.3180408 ], [ 82.8837387, 25.3183181 ], [ 82.8838943, 25.3184711 ], [ 82.8840231, 25.3186241 ], [ 82.8840389, 25.318644 ], [ 82.8843019, 25.3189747 ], [ 82.8849276, 25.3198602 ], [ 82.885349, 25.3204393 ], [ 82.8856276, 25.3208232 ], [ 82.8859909, 25.3213247 ], [ 82.8866171, 25.3221079 ], [ 82.8871592, 25.3227467 ], [ 82.8873469, 25.3229752 ], [ 82.8876755, 25.3233888 ], [ 82.8877648, 25.3235071 ], [ 82.8880499, 25.3238845 ], [ 82.8883635, 25.3242651 ], [ 82.8885818, 25.3244872 ], [ 82.8887461, 25.324626 ], [ 82.8890608, 25.3248739 ], [ 82.889251, 25.3250238 ], [ 82.8897568, 25.3254335 ], [ 82.8898911, 25.3255257 ], [ 82.8899665, 25.3255907 ], [ 82.8900125, 25.3256412 ], [ 82.8900795, 25.325742 ], [ 82.8901403, 25.3258565 ], [ 82.8901602, 25.3259042 ], [ 82.8902347, 25.3260236 ], [ 82.8903071, 25.3260551 ], [ 82.8904681, 25.3260868 ], [ 82.8906781, 25.326094 ], [ 82.8907984, 25.3261088 ], [ 82.8909099, 25.326125 ], [ 82.8910843, 25.3261702 ], [ 82.891152, 25.3262108 ], [ 82.891249, 25.3262755 ], [ 82.8913053, 25.3263257 ], [ 82.8923308, 25.327324 ], [ 82.8924894, 25.3274949 ], [ 82.8926153, 25.3276304 ], [ 82.8928405, 25.3279437 ], [ 82.8930881, 25.3282882 ], [ 82.893507, 25.3287928 ], [ 82.8935524, 25.3288306 ], [ 82.8935978, 25.3288573 ], [ 82.8936732, 25.328894 ], [ 82.8938696, 25.328943 ], [ 82.8939539, 25.3289911 ], [ 82.8940227, 25.329047 ], [ 82.8941254, 25.3291508 ], [ 82.8944804, 25.3296074 ], [ 82.8946821, 25.3298614 ], [ 82.8947871, 25.3299717 ], [ 82.8948945, 25.3300699 ], [ 82.8956607, 25.3307117 ], [ 82.8957286, 25.3307733 ], [ 82.8958007, 25.3308386 ], [ 82.8958546, 25.3308927 ], [ 82.8959231, 25.3309613 ], [ 82.896031, 25.331087 ], [ 82.8961168, 25.3312092 ], [ 82.8961554, 25.3313076 ], [ 82.8961864, 25.331403 ], [ 82.896194, 25.3314538 ], [ 82.8962022, 25.3315082 ], [ 82.8961811, 25.3320804 ], [ 82.8961592, 25.3324576 ], [ 82.8961454, 25.3327087 ], [ 82.8961233, 25.3329974 ], [ 82.8961007, 25.333224 ], [ 82.8960947, 25.3333233 ], [ 82.8961028, 25.3334212 ], [ 82.8961192, 25.3335278 ], [ 82.8961474, 25.3336184 ], [ 82.8963034, 25.3336902 ], [ 82.896361, 25.3341426 ], [ 82.8966579, 25.3348914 ], [ 82.8967906, 25.3352145 ], [ 82.8968796, 25.3354336 ], [ 82.8968985, 25.3354807 ], [ 82.8969257, 25.3355483 ], [ 82.8970071, 25.3357511 ], [ 82.8970711, 25.3358932 ], [ 82.8970979, 25.3359779 ], [ 82.8971023, 25.3360583 ], [ 82.8970936, 25.33618 ], [ 82.8970674, 25.3363813 ], [ 82.8970423, 25.3365052 ], [ 82.8970314, 25.3366227 ], [ 82.8970297, 25.3367541 ], [ 82.8970739, 25.336989 ], [ 82.8971273, 25.337273 ], [ 82.8971894, 25.337592 ], [ 82.8972513, 25.3378178 ], [ 82.8973038, 25.3380151 ], [ 82.8973354, 25.3380961 ], [ 82.8974103, 25.3382308 ], [ 82.8975123, 25.3383549 ], [ 82.8976649, 25.3385062 ], [ 82.8977068, 25.3385477 ], [ 82.8978246, 25.3386733 ], [ 82.8979747, 25.3388789 ], [ 82.8980206, 25.3389828 ], [ 82.8980509, 25.3390548 ], [ 82.898074, 25.3391132 ], [ 82.8984572, 25.3400735 ], [ 82.8984695, 25.3401028 ], [ 82.8985703, 25.3403436 ], [ 82.8987212, 25.3407762 ], [ 82.8987953, 25.3409799 ], [ 82.8988762, 25.3411748 ], [ 82.8989346, 25.3412905 ], [ 82.8991111, 25.3415452 ], [ 82.8992231, 25.3416926 ], [ 82.89932, 25.3418275 ], [ 82.8994841, 25.342043 ], [ 82.8995901, 25.3421762 ], [ 82.8996889, 25.342293 ], [ 82.899777, 25.3423608 ], [ 82.8998625, 25.3424011 ], [ 82.9000155, 25.3424333 ], [ 82.9001809, 25.3424504 ], [ 82.9003687, 25.3424524 ], [ 82.9005325, 25.342461 ], [ 82.9006449, 25.3424742 ], [ 82.9007683, 25.3425101 ], [ 82.9008906, 25.342583 ], [ 82.9010583, 25.3427234 ], [ 82.9013666, 25.3429715 ], [ 82.9017715, 25.3433348 ], [ 82.9021397, 25.3436745 ], [ 82.9024659, 25.3439519 ], [ 82.9025374, 25.3440161 ], [ 82.9026533, 25.34412 ], [ 82.9028681, 25.3443446 ], [ 82.9029569, 25.3444562 ], [ 82.9030403, 25.3446291 ], [ 82.9031888, 25.3450605 ], [ 82.9032568, 25.3452581 ], [ 82.9034466, 25.3458311 ], [ 82.9035304, 25.3460931 ], [ 82.9035807, 25.3462092 ], [ 82.903652, 25.3463163 ], [ 82.9037585, 25.3464388 ], [ 82.9039543, 25.3466094 ], [ 82.904093, 25.3467302 ], [ 82.9045041, 25.3470774 ], [ 82.9050356, 25.3475436 ], [ 82.9052662, 25.3477458 ], [ 82.9054452, 25.3479037 ], [ 82.9054862, 25.3479398 ], [ 82.9057011, 25.348136 ], [ 82.9057953, 25.3481784 ], [ 82.9062027, 25.3483364 ], [ 82.9066858, 25.3485254 ], [ 82.9068677, 25.3486016 ], [ 82.9071627, 25.3487252 ], [ 82.9074548, 25.3488523 ], [ 82.9080436, 25.3491087 ], [ 82.9087017, 25.3493864 ], [ 82.9088324, 25.3494414 ], [ 82.9092017, 25.3495966 ], [ 82.9096775, 25.3498005 ], [ 82.9099527, 25.3499242 ], [ 82.9102087, 25.3500281 ], [ 82.9103868, 25.3500838 ], [ 82.9104709, 25.3501063 ], [ 82.910577, 25.3501311 ], [ 82.910609, 25.3501308 ], [ 82.9108322, 25.3501286 ], [ 82.9109262, 25.3501116 ], [ 82.9111979, 25.3500623 ], [ 82.9116161, 25.3499747 ], [ 82.9117399, 25.3499487 ], [ 82.9118774, 25.3499202 ], [ 82.9121306, 25.3498676 ], [ 82.9127993, 25.3497148 ], [ 82.9129201, 25.3496872 ], [ 82.9133088, 25.349609 ], [ 82.9138918, 25.3494698 ], [ 82.9141426, 25.349397 ], [ 82.9141816, 25.3493851 ], [ 82.914237, 25.3493665 ], [ 82.9142738, 25.3493442 ], [ 82.914422, 25.3491854 ], [ 82.9145204, 25.3490703 ], [ 82.9146266, 25.3489615 ], [ 82.914706, 25.3488842 ], [ 82.9147709, 25.3488334 ], [ 82.9150858, 25.3486714 ], [ 82.9154033, 25.3485145 ], [ 82.9159367, 25.3482606 ], [ 82.9159894, 25.3482309 ], [ 82.9160294, 25.3481893 ], [ 82.9160505, 25.3481502 ], [ 82.9163212, 25.3476489 ], [ 82.9165919, 25.347055 ], [ 82.9167739, 25.3465129 ], [ 82.9168082, 25.3464093 ], [ 82.9169485, 25.3459858 ], [ 82.9170008, 25.3457973 ], [ 82.9170127, 25.3456561 ], [ 82.9169918, 25.345526 ], [ 82.9169584, 25.3453178 ], [ 82.9169639, 25.345183 ], [ 82.9169806, 25.3447767 ], [ 82.9170139, 25.3445272 ], [ 82.9170511, 25.3443973 ], [ 82.9171133, 25.3442447 ], [ 82.9172825, 25.3438782 ], [ 82.9173569, 25.3437838 ], [ 82.917431, 25.3436898 ], [ 82.9176297, 25.3435046 ], [ 82.9177849, 25.343383 ], [ 82.9179723, 25.3432777 ], [ 82.9183624, 25.3431406 ], [ 82.9185065, 25.3430927 ], [ 82.9187633, 25.3430074 ], [ 82.9188249, 25.3429861 ], [ 82.9189851, 25.3429305 ], [ 82.9190671, 25.3428952 ], [ 82.9191568, 25.3428504 ], [ 82.9192362, 25.3428003 ], [ 82.9201847, 25.3422023 ], [ 82.9203877, 25.3420743 ], [ 82.9205035, 25.3419929 ], [ 82.9207137, 25.3418716 ], [ 82.9214314, 25.3414754 ], [ 82.9218576, 25.3412455 ], [ 82.9223752, 25.3409705 ], [ 82.9226704, 25.3408168 ], [ 82.922942, 25.3406754 ], [ 82.9235293, 25.3403246 ], [ 82.9241006, 25.3400035 ], [ 82.9243702, 25.3398942 ], [ 82.9246377, 25.3398124 ], [ 82.9247927, 25.339778 ], [ 82.92498, 25.3397364 ], [ 82.925382, 25.3396376 ], [ 82.9255128, 25.3395958 ], [ 82.9257, 25.3395359 ], [ 82.9259719, 25.3394185 ], [ 82.9263847, 25.3391723 ], [ 82.9269378, 25.3388389 ], [ 82.9271831, 25.338691 ], [ 82.9273787, 25.3385731 ], [ 82.9274831, 25.3385134 ], [ 82.9280275, 25.338202 ], [ 82.9283214, 25.3380143 ], [ 82.9287641, 25.3377116 ], [ 82.9293619, 25.3372639 ], [ 82.929671, 25.3370324 ], [ 82.9303369, 25.3365383 ], [ 82.9303719, 25.3365107 ], [ 82.9306521, 25.3362896 ], [ 82.9308592, 25.3361261 ], [ 82.9315561, 25.335617 ], [ 82.9322202, 25.3350931 ], [ 82.9326049, 25.3347642 ], [ 82.932821, 25.334519 ], [ 82.9329841, 25.334294 ], [ 82.9335484, 25.3333966 ], [ 82.933572, 25.3333566 ], [ 82.9337069, 25.333127 ], [ 82.9337485, 25.3330562 ], [ 82.9339475, 25.3327086 ], [ 82.9341332, 25.3324025 ], [ 82.9344443, 25.33189 ], [ 82.9350088, 25.3309369 ], [ 82.9350856, 25.3307841 ], [ 82.9351421, 25.3306624 ], [ 82.9351673, 25.3305523 ], [ 82.9352252, 25.3300371 ], [ 82.9352358, 25.3299405 ], [ 82.9352688, 25.3298187 ], [ 82.9353507, 25.3297206 ], [ 82.9354904, 25.3296408 ], [ 82.9374561, 25.3285893 ], [ 82.937918, 25.3282876 ], [ 82.9386976, 25.3277588 ], [ 82.9387875, 25.3276962 ], [ 82.9390597, 25.3275062 ], [ 82.9392687, 25.3273739 ], [ 82.9401518, 25.326927 ], [ 82.9404368, 25.3268287 ], [ 82.9409278, 25.3267046 ], [ 82.9410451, 25.3266665 ], [ 82.9411107, 25.3266451 ], [ 82.9413553, 25.3265115 ], [ 82.9417351, 25.326304 ], [ 82.9420522, 25.3261114 ], [ 82.9422385, 25.3259756 ], [ 82.9427094, 25.3255595 ], [ 82.9427603, 25.3255145 ], [ 82.9428227, 25.3254699 ], [ 82.9434458, 25.3251281 ], [ 82.9438995, 25.3249187 ], [ 82.9441173, 25.3248182 ], [ 82.9444911, 25.3246067 ], [ 82.9445841, 25.3245506 ], [ 82.9456895, 25.3238604 ], [ 82.9459818, 25.3237373 ], [ 82.9465427, 25.3235012 ], [ 82.9474238, 25.3231875 ], [ 82.9478396, 25.3230394 ], [ 82.9478917, 25.3230162 ], [ 82.9486202, 25.3226463 ], [ 82.9489891, 25.322459 ], [ 82.949176, 25.3223773 ], [ 82.9500076, 25.3219954 ], [ 82.9502092, 25.3219031 ], [ 82.9505709, 25.3217377 ], [ 82.9509027, 25.3215923 ], [ 82.9526064, 25.3209743 ], [ 82.9547092, 25.3203255 ], [ 82.9562694, 25.3198068 ], [ 82.956851, 25.3195614 ], [ 82.9576651, 25.3193774 ], [ 82.957771, 25.3193343 ], [ 82.9578255, 25.3192917 ], [ 82.9578984, 25.3191746 ], [ 82.957913, 25.3191285 ], [ 82.958011, 25.3187966 ], [ 82.9580352, 25.3187313 ], [ 82.9580892, 25.3187078 ], [ 82.9581518, 25.3187183 ], [ 82.9584063, 25.3187757 ], [ 82.9587767, 25.3188653 ], [ 82.9590725, 25.3189471 ], [ 82.9593269, 25.3189959 ], [ 82.9594776, 25.3190072 ], [ 82.959609, 25.3189987 ], [ 82.959719, 25.3189854 ], [ 82.9599094, 25.3189405 ], [ 82.9599872, 25.3189084 ], [ 82.9601354, 25.3188441 ], [ 82.9602447, 25.3188059 ], [ 82.9603721, 25.3187768 ], [ 82.9607517, 25.3187476 ], [ 82.9608878, 25.3187338 ], [ 82.9609998, 25.3187229 ], [ 82.961077, 25.3187105 ], [ 82.9611278, 25.3187023 ], [ 82.9612405, 25.3186841 ], [ 82.9615992, 25.3185999 ], [ 82.961736, 25.3185562 ], [ 82.9619224, 25.3184992 ], [ 82.9622349, 25.3184107 ], [ 82.9623382, 25.3183841 ], [ 82.9624026, 25.3183707 ], [ 82.9624723, 25.318361 ], [ 82.9625447, 25.318355 ], [ 82.9630235, 25.318338 ], [ 82.9630651, 25.3183368 ], [ 82.9631361, 25.318338 ], [ 82.9633588, 25.3183174 ], [ 82.9635371, 25.3183053 ], [ 82.9636337, 25.3183028 ], [ 82.9637651, 25.3182883 ], [ 82.9638764, 25.3182689 ], [ 82.9641363, 25.3182058 ], [ 82.9642794, 25.3181735 ], [ 82.964431, 25.3181298 ], [ 82.9648635, 25.3179719 ], [ 82.9656212, 25.3177403 ], [ 82.9658425, 25.3176834 ], [ 82.965935, 25.317664 ], [ 82.9660624, 25.3176482 ], [ 82.9664711, 25.3175806 ] ] } },
{ "type": "Feature", "properties": { "highway": "trunk" }, "geometry": { "type": "LineString", "coordinates": [ [ 83.0320273, 25.3280771 ], [ 83.0321327, 25.3281566 ], [ 83.0322459, 25.3282123 ], [ 83.0323491, 25.3282497 ], [ 83.0324733, 25.3282838 ], [ 83.0326074, 25.328304 ], [ 83.0328092, 25.3283026 ], [ 83.0329876, 25.3282783 ], [ 83.0332343, 25.3282129 ], [ 83.0336285, 25.3280926 ], [ 83.0340256, 25.327968 ], [ 83.0341811, 25.3279026 ], [ 83.0342925, 25.3278298 ], [ 83.0343904, 25.3277195 ], [ 83.0344775, 25.3275983 ], [ 83.034558, 25.3274698 ], [ 83.034672, 25.3272298 ], [ 83.0347297, 25.3270674 ], [ 83.0347417, 25.3269255 ], [ 83.034731, 25.3267655 ], [ 83.0346767, 25.3266417 ] ] } },
{ "type": "Feature", "properties": { "highway": "trunk" }, "geometry": { "type": "LineString", "coordinates": [ [ 83.0312061, 25.3276257 ], [ 83.0318599, 25.3279662 ] ] } },
{ "type": "Feature", "properties": { "highway": "tertiary" }, "geometry": { "type": "LineString", "coordinates": [ [ 82.9536342, 25.3051724 ], [ 82.9540814, 25.3050113 ], [ 82.9545514, 25.3048973 ], [ 82.9551723, 25.304552 ], [ 82.9552316, 25.3045225 ], [ 82.955841, 25.3042276 ], [ 82.9560096, 25.3041804 ], [ 82.9566993, 25.3039871 ], [ 82.9570027, 25.3038874 ], [ 82.9575027, 25.303723 ], [ 82.9577378, 25.3036457 ], [ 82.9578808, 25.3036072 ], [ 82.959247, 25.3032395 ], [ 82.9595832, 25.303149 ], [ 82.9598742, 25.3030838 ], [ 82.9607239, 25.3028914 ], [ 82.9611625, 25.3027921 ], [ 82.9619006, 25.3026369 ], [ 82.9632567, 25.3023576 ], [ 82.963561, 25.3022625 ], [ 82.9637288, 25.3022101 ], [ 82.964047, 25.302102 ], [ 82.9643977, 25.302036 ], [ 82.9649304, 25.3020239 ], [ 82.9653867, 25.3019538 ], [ 82.9655452, 25.3019001 ], [ 82.9658067, 25.301798 ], [ 82.9658814, 25.3017358 ] ] } },
{ "type": "Feature", "properties": { "highway": "tertiary" }, "geometry": { "type": "LineString", "coordinates": [ [ 82.9813773, 25.3445456 ], [ 82.9812896, 25.3443984 ], [ 82.9812478, 25.3442769 ], [ 82.9811941, 25.3440988 ], [ 82.9809888, 25.3432427 ], [ 82.9809715, 25.3431703 ], [ 82.9809306, 25.3430464 ], [ 82.9809131, 25.3429415 ], [ 82.9809162, 25.3428478 ], [ 82.980938, 25.3427478 ], [ 82.9810669, 25.3423317 ] ] } },
{ "type": "Feature", "properties": { "highway": "primary" }, "geometry": { "type": "LineString", "coordinates": [ [ 82.985212, 25.3358224 ], [ 82.9854093, 25.3356926 ], [ 82.9854637, 25.3356568 ], [ 82.9856045, 25.3355641 ], [ 82.9863894, 25.3350476 ], [ 82.9864949, 25.3349773 ], [ 82.9870782, 25.3346291 ], [ 82.9877138, 25.3342151 ], [ 82.9880934, 25.3339624 ], [ 82.9883778, 25.3337633 ], [ 82.9884709, 25.3336931 ], [ 82.9888918, 25.3334013 ] ] } },
{ "type": "Feature", "properties": { "highway": "primary" }, "geometry": { "type": "LineString", "coordinates": [ [ 82.9920934, 25.3305608 ], [ 82.9917829, 25.3309057 ], [ 82.99126, 25.3314506 ], [ 82.990709, 25.3320249 ], [ 82.9906187, 25.3321151 ], [ 82.9904187, 25.3323014 ], [ 82.989925, 25.3326392 ], [ 82.9895303, 25.3328451 ], [ 82.9893887, 25.3329843 ], [ 82.9888651, 25.3333428 ], [ 82.9883244, 25.3337226 ], [ 82.9871846, 25.3344501 ], [ 82.9870365, 25.3345574 ], [ 82.9866528, 25.3347797 ], [ 82.9864454, 25.3348999 ], [ 82.9855885, 25.3354722 ], [ 82.9854065, 25.3355754 ] ] } },
{ "type": "Feature", "properties": { "highway": "trunk" }, "geometry": { "type": "LineString", "coordinates": [ [ 82.9659175, 25.353763 ], [ 82.965996, 25.3537061 ], [ 82.9660691, 25.3536691 ], [ 82.9661469, 25.3536389 ], [ 82.9662404, 25.3536102 ], [ 82.9667343, 25.353471 ], [ 82.9673164, 25.3532831 ], [ 82.9674955, 25.3532135 ], [ 82.9678139, 25.353096 ], [ 82.9680217, 25.3530193 ], [ 82.9681933, 25.352956 ], [ 82.9684281, 25.3528687 ], [ 82.9686977, 25.3527766 ], [ 82.9689282, 25.3527131 ], [ 82.9692556, 25.3526445 ], [ 82.9695848, 25.3525878 ], [ 82.969615, 25.3525826 ], [ 82.9699838, 25.3525317 ], [ 82.9703848, 25.3524627 ], [ 82.9705807, 25.3524355 ], [ 82.9708069, 25.3523822 ], [ 82.9714856, 25.3522276 ], [ 82.9717527, 25.3521621 ], [ 82.9721604, 25.3520579 ], [ 82.9723576, 25.3520058 ], [ 82.973637, 25.3517028 ], [ 82.9741376, 25.3515764 ], [ 82.9746683, 25.3514458 ], [ 82.9752493, 25.3513095 ], [ 82.9755107, 25.3512489 ], [ 82.9758035, 25.3511738 ], [ 82.9759995, 25.3511138 ], [ 82.976179, 25.3510556 ], [ 82.9763231, 25.3510065 ], [ 82.9764922, 25.3509199 ], [ 82.97681, 25.3507126 ] ] } },
{ "type": "Feature", "properties": { "highway": "primary" }, "geometry": { "type": "LineString", "coordinates": [ [ 82.97681, 25.3507126 ], [ 82.9768179, 25.3506446 ], [ 82.9768959, 25.3503102 ], [ 82.9772948, 25.3485989 ], [ 82.9773054, 25.3485111 ], [ 82.9773014, 25.3484098 ], [ 82.9772233, 25.3481672 ], [ 82.9771808, 25.3480311 ], [ 82.9771661, 25.3479706 ], [ 82.9770606, 25.3475381 ], [ 82.9770204, 25.347373 ], [ 82.9769393, 25.3470765 ], [ 82.9767771, 25.3464832 ], [ 82.9767218, 25.3462811 ], [ 82.9765236, 25.3454916 ], [ 82.9765061, 25.3451583 ], [ 82.9765777, 25.3447158 ], [ 82.9767153, 25.3442986 ], [ 82.9768863, 25.3439398 ], [ 82.9769337, 25.3438683 ], [ 82.9771577, 25.3435411 ], [ 82.9772389, 25.3434415 ], [ 82.9777896, 25.3429212 ], [ 82.9781367, 25.3426565 ], [ 82.9782433, 25.3425875 ], [ 82.9783594, 25.3425381 ], [ 82.9783949, 25.3425282 ], [ 82.9785493, 25.342485 ], [ 82.9794698, 25.3422603 ], [ 82.9796519, 25.3422159 ] ] } },
{ "type": "Feature", "properties": { "highway": "tertiary" }, "geometry": { "type": "LineString", "coordinates": [ [ 83.027501, 25.3792919 ], [ 83.0274596, 25.3790508 ], [ 83.0274387, 25.3789356 ], [ 83.0273583, 25.3784926 ], [ 83.0272951, 25.3781438 ], [ 83.0272853, 25.3780899 ], [ 83.0272259, 25.377791 ], [ 83.0270839, 25.3770833 ], [ 83.0269859, 25.3765778 ], [ 83.0267397, 25.375263 ], [ 83.0265975, 25.3744625 ], [ 83.0265905, 25.374422 ], [ 83.0264237, 25.3734624 ], [ 83.0263947, 25.3733217 ], [ 83.0263656, 25.3732084 ], [ 83.0262805, 25.373006 ], [ 83.0262082, 25.3728661 ], [ 83.0260863, 25.372678 ], [ 83.0257755, 25.3723258 ], [ 83.0255977, 25.3720999 ], [ 83.025295, 25.371674 ], [ 83.0251925, 25.3714762 ] ] } },
{ "type": "Feature", "properties": { "highway": "primary" }, "geometry": { "type": "LineString", "coordinates": [ [ 82.9921626, 25.3305952 ], [ 82.9922878, 25.3304233 ], [ 82.9930669, 25.3294892 ], [ 82.9931822, 25.3293693 ], [ 82.9932828, 25.329282 ], [ 82.9934531, 25.3291596 ], [ 82.9937938, 25.3289741 ], [ 82.994003, 25.328865 ], [ 82.9942229, 25.3287281 ], [ 82.9944482, 25.328568 ], [ 82.9948291, 25.328282 ], [ 82.9950544, 25.3281559 ], [ 82.9952556, 25.3280735 ], [ 82.9954353, 25.3280104 ], [ 82.9955144, 25.3279892 ], [ 82.995609, 25.3279856 ], [ 82.9957854, 25.3280275 ] ] } },
{ "type": "Feature", "properties": { "highway": "primary" }, "geometry": { "type": "LineString", "coordinates": [ [ 82.9957401, 25.3278567 ], [ 82.9956391, 25.3278686 ], [ 82.995497, 25.3279013 ], [ 82.9952905, 25.327985 ], [ 82.9950906, 25.328071 ], [ 82.9949306, 25.328152 ], [ 82.9947729, 25.3282361 ], [ 82.9945841, 25.3283703 ], [ 82.9944804, 25.3284577 ], [ 82.9942887, 25.3286202 ], [ 82.9941854, 25.3286893 ], [ 82.9937589, 25.3289408 ], [ 82.9932962, 25.3292008 ], [ 82.9932044, 25.3292766 ], [ 82.9929744, 25.3294954 ], [ 82.9926112, 25.3299164 ], [ 82.9924812, 25.330067 ], [ 82.9922221, 25.3303969 ], [ 82.9920934, 25.3305608 ] ] } },
{ "type": "Feature", "properties": { "highway": "tertiary" }, "geometry": { "type": "LineString", "coordinates": [ [ 82.9964475, 25.3326118 ], [ 82.996449, 25.3322704 ], [ 82.9964505, 25.3322192 ], [ 82.9964748, 25.3314171 ], [ 82.9964567, 25.3312553 ], [ 82.9964443, 25.3311441 ], [ 82.9964078, 25.3306429 ], [ 82.9963592, 25.3303459 ], [ 82.9962921, 25.3296636 ], [ 82.9962604, 25.329528 ], [ 82.9961501, 25.3288714 ], [ 82.9960984, 25.3285787 ], [ 82.996066, 25.328428 ], [ 82.9960014, 25.3281564 ] ] } },
{ "type": "Feature", "properties": { "highway": "primary" }, "geometry": { "type": "LineString", "coordinates": [ [ 82.9957401, 25.3278567 ], [ 82.995724, 25.3279022 ], [ 82.9957268, 25.3279499 ], [ 82.9957482, 25.3279936 ], [ 82.9957854, 25.3280275 ], [ 82.9958147, 25.3280418 ], [ 82.9958468, 25.3280497 ], [ 82.9958886, 25.32805 ], [ 82.9959288, 25.3280396 ], [ 82.9959641, 25.3280194 ], [ 82.9959893, 25.327994 ], [ 82.9960066, 25.3279636 ], [ 82.9960149, 25.3279265 ], [ 82.9960112, 25.3278887 ], [ 82.9959951, 25.3278524 ], [ 82.9959681, 25.327822 ], [ 82.9959323, 25.3278 ], [ 82.995891, 25.3277885 ], [ 82.9958537, 25.3277877 ], [ 82.9958174, 25.3277954 ], [ 82.9957726, 25.3278197 ], [ 82.9957401, 25.3278567 ] ] } },
{ "type": "Feature", "properties": { "highway": "tertiary" }, "geometry": { "type": "LineString", "coordinates": [ [ 82.9960014, 25.3281564 ], [ 82.9959641, 25.3280194 ] ] } },
{ "type": "Feature", "properties": { "highway": "tertiary" }, "geometry": { "type": "LineString", "coordinates": [ [ 82.9958468, 25.3280497 ], [ 82.9959184, 25.3281653 ] ] } },
{ "type": "Feature", "properties": { "highway": "primary" }, "geometry": { "type": "LineString", "coordinates": [ [ 82.9807273, 25.3420648 ], [ 82.9804181, 25.3420736 ], [ 82.9801014, 25.342106 ], [ 82.9797909, 25.3421645 ], [ 82.9796519, 25.3422159 ] ] } },
{ "type": "Feature", "properties": { "highway": "tertiary" }, "geometry": { "type": "LineString", "coordinates": [ [ 82.9806582, 25.3423995 ], [ 82.9807913, 25.3428825 ], [ 82.9807994, 25.342915 ], [ 82.9811652, 25.3444332 ], [ 82.9812314, 25.3445649 ] ] } },
{ "type": "Feature", "properties": { "highway": "primary" }, "geometry": { "type": "LineString", "coordinates": [ [ 82.9808427, 25.3051985 ], [ 82.9809996, 25.3052434 ], [ 82.9812558, 25.3053319 ], [ 82.9815575, 25.3054313 ], [ 82.9819022, 25.305521 ], [ 82.9821342, 25.3055574 ], [ 82.9823059, 25.3055877 ], [ 82.9824936, 25.3056399 ], [ 82.9828879, 25.3057611 ], [ 82.9834391, 25.3059611 ], [ 82.9836322, 25.3060048 ], [ 82.9836538, 25.3060084 ], [ 82.9838079, 25.3060339 ], [ 82.9840775, 25.3060448 ], [ 82.9843859, 25.306046 ], [ 82.9844265, 25.3060462 ], [ 82.9849733, 25.3060496 ], [ 82.9852322, 25.3060484 ], [ 82.9860744, 25.3060448 ], [ 82.9863842, 25.3060412 ], [ 82.986533, 25.3060618 ], [ 82.98669, 25.3060921 ], [ 82.9871191, 25.3062182 ], [ 82.9874074, 25.306303 ], [ 82.9875939, 25.3063515 ], [ 82.9877843, 25.3063867 ], [ 82.9878567, 25.3064 ], [ 82.9881397, 25.3064328 ], [ 82.9884388, 25.3064728 ], [ 82.9886869, 25.3065382 ], [ 82.9889376, 25.3066171 ], [ 82.9891308, 25.3066668 ], [ 82.9893333, 25.3067007 ], [ 82.9894929, 25.3067225 ], [ 82.9897356, 25.3067419 ], [ 82.99026, 25.3068062 ], [ 82.9905242, 25.3068426 ], [ 82.9911773, 25.3069214 ], [ 82.9916266, 25.3069735 ] ] } },
{ "type": "Feature", "properties": { "highway": "primary" }, "geometry": { "type": "LineString", "coordinates": [ [ 82.9754797, 25.3032417 ], [ 82.975591, 25.3032823 ], [ 82.9756493, 25.3033005 ], [ 82.9758183, 25.3033435 ], [ 82.9761931, 25.3034575 ], [ 82.9765646, 25.3035727 ], [ 82.9767403, 25.303643 ], [ 82.9768583, 25.3037085 ], [ 82.9771158, 25.3038794 ], [ 82.9771788, 25.3039212 ], [ 82.9774457, 25.304094 ], [ 82.9776254, 25.3041668 ], [ 82.9779406, 25.3042674 ], [ 82.9782692, 25.3043656 ], [ 82.978583, 25.3044699 ], [ 82.9788512, 25.3045511 ], [ 82.979106, 25.304619 ], [ 82.9793286, 25.3046833 ], [ 82.9797712, 25.30483 ], [ 82.9801574, 25.3049682 ], [ 82.9806987, 25.3051566 ], [ 82.9808427, 25.3051985 ] ] } },
{ "type": "Feature", "properties": { "highway": "tertiary" }, "geometry": { "type": "LineString", "coordinates": [ [ 82.973087, 25.3045588 ], [ 82.9731274, 25.3043899 ], [ 82.973139, 25.3042949 ], [ 82.9731209, 25.3041755 ], [ 82.9729223, 25.3028733 ], [ 82.9729119, 25.302737 ] ] } },
{ "type": "Feature", "properties": { "highway": "secondary" }, "geometry": { "type": "LineString", "coordinates": [ [ 83.0058732, 25.277253 ], [ 83.0061507, 25.2771824 ], [ 83.0064578, 25.2770927 ], [ 83.0066872, 25.2770199 ], [ 83.0068749, 25.2769496 ], [ 83.0073819, 25.2767422 ], [ 83.0077064, 25.276576 ], [ 83.0078063, 25.27653 ], [ 83.0082697, 25.2762595 ], [ 83.008845, 25.2759321 ], [ 83.009132, 25.2757478 ], [ 83.0092581, 25.2756568 ], [ 83.0098186, 25.2752845 ], [ 83.0101204, 25.2751002 ], [ 83.0103976, 25.2749102 ], [ 83.0105441, 25.2747991 ], [ 83.0108564, 25.2745814 ], [ 83.0110941, 25.274395 ], [ 83.0112791, 25.2742658 ], [ 83.0115364, 25.2740828 ], [ 83.0118412, 25.273866 ], [ 83.0119603, 25.2737844 ], [ 83.0122313, 25.2736103 ], [ 83.0123121, 25.2735412 ], [ 83.0125773, 25.2733514 ], [ 83.0128458, 25.2731307 ], [ 83.0129756, 25.273024 ], [ 83.0134517, 25.2726577 ], [ 83.0135313, 25.2725519 ] ] } },
{ "type": "Feature", "properties": { "highway": "trunk" }, "geometry": { "type": "LineString", "coordinates": [ [ 83.0247532, 25.3305366 ], [ 83.0246446, 25.3305366 ], [ 83.0245359, 25.3305269 ], [ 83.0243844, 25.3304857 ], [ 83.0240478, 25.3303718 ], [ 83.0237433, 25.3302687 ], [ 83.0234241, 25.3301827 ], [ 83.0231774, 25.330133 ], [ 83.0229561, 25.3301293 ], [ 83.0227549, 25.3301439 ], [ 83.0224425, 25.3301754 ], [ 83.0220093, 25.3302166 ], [ 83.021442, 25.3302615 ], [ 83.0204482, 25.3302784 ], [ 83.019543, 25.3303087 ], [ 83.019256, 25.3303342 ], [ 83.019024, 25.3303948 ], [ 83.018804, 25.3304942 ], [ 83.0186029, 25.3306093 ], [ 83.0182888, 25.330793 ], [ 83.0178599, 25.3310506 ], [ 83.0177633, 25.3311114 ], [ 83.0166247, 25.3318482 ], [ 83.0164625, 25.3319621 ], [ 83.016205, 25.3321282 ], [ 83.0159555, 25.3322809 ], [ 83.0151764, 25.3327573 ], [ 83.0145353, 25.3331621 ], [ 83.0139828, 25.3335209 ], [ 83.0136944, 25.3337294 ], [ 83.0134048, 25.3339852 ], [ 83.0133618, 25.3340288 ], [ 83.0129255, 25.3344936 ], [ 83.0120462, 25.3355755 ], [ 83.0118705, 25.3357561 ], [ 83.0117758, 25.3358326 ], [ 83.0115607, 25.3359652 ], [ 83.0114628, 25.3360179 ], [ 83.0112764, 25.3360918 ], [ 83.0111302, 25.336133 ], [ 83.010795, 25.3361949 ], [ 83.0106126, 25.336224 ], [ 83.009714, 25.3363779 ], [ 83.0094217, 25.3364324 ], [ 83.0090985, 25.3364882 ], [ 83.0083206, 25.3366349 ], [ 83.0075173, 25.3367706 ], [ 83.0073617, 25.3367852 ], [ 83.007241, 25.3367682 ], [ 83.0071378, 25.3367391 ], [ 83.0070131, 25.3366918 ], [ 83.0068159, 25.3365924 ], [ 83.0065383, 25.336407 ], [ 83.0062016, 25.3361771 ], [ 83.0056559, 25.3358046 ], [ 83.0053715, 25.3356312 ], [ 83.0053005, 25.3355958 ], [ 83.005102, 25.3354967 ], [ 83.0046876, 25.3353137 ], [ 83.0041967, 25.3351003 ], [ 83.0037512, 25.3348948 ], [ 83.0030957, 25.3345924 ], [ 83.0028945, 25.3345052 ], [ 83.0026652, 25.3344131 ], [ 83.0023608, 25.3342943 ], [ 83.0020899, 25.3341985 ], [ 83.0018799, 25.3341369 ], [ 83.0012208, 25.333973 ], [ 83.0009352, 25.3338906 ], [ 83.0006091, 25.333795 ], [ 83.0000205, 25.3336215 ], [ 82.9997577, 25.333533 ], [ 82.9994396, 25.333382 ] ] } },
{ "type": "Feature", "properties": { "highway": "primary" }, "geometry": { "type": "LineString", "coordinates": [ [ 83.0352206, 25.2592584 ], [ 83.0349134, 25.2594903 ], [ 83.0346653, 25.2596904 ], [ 83.034326, 25.2599487 ], [ 83.0341752, 25.2600749 ], [ 83.0340698, 25.2601889 ], [ 83.0339893, 25.2602838 ], [ 83.0339129, 25.260383 ], [ 83.0338056, 25.260543 ], [ 83.0336849, 25.2607468 ], [ 83.0335388, 25.2610064 ], [ 83.0333195, 25.2613896 ], [ 83.0331123, 25.2617316 ], [ 83.0328481, 25.2621658 ], [ 83.0323331, 25.263033 ], [ 83.0320796, 25.26348 ], [ 83.0320482, 25.2635366 ], [ 83.0319985, 25.2636261 ], [ 83.0319462, 25.2637171 ], [ 83.0318855, 25.2638214 ], [ 83.0318527, 25.2638705 ], [ 83.0318007, 25.2639378 ], [ 83.0317276, 25.2639984 ], [ 83.031624, 25.2640639 ], [ 83.0313011, 25.2642404 ], [ 83.0311543, 25.2643168 ], [ 83.0310168, 25.2643823 ], [ 83.0308981, 25.2644302 ], [ 83.030705, 25.2645066 ], [ 83.0304991, 25.2645788 ], [ 83.0302933, 25.2646419 ], [ 83.0301163, 25.2646916 ], [ 83.0299258, 25.2647437 ], [ 83.0298159, 25.2647765 ], [ 83.0297696, 25.2648068 ], [ 83.0297367, 25.2648474 ], [ 83.0297223, 25.2648868 ], [ 83.0297159, 25.2649258 ], [ 83.0297172, 25.2649648 ], [ 83.0297287, 25.2651076 ], [ 83.0297729, 25.2653847 ], [ 83.0298159, 25.2657061 ], [ 83.0298816, 25.2662428 ] ] } },
{ "type": "Feature", "properties": { "highway": "tertiary" }, "geometry": { "type": "LineString", "coordinates": [ [ 83.0093554, 25.3419201 ], [ 83.0093426, 25.3422165 ], [ 83.0093271, 25.3425739 ], [ 83.009322, 25.3428715 ], [ 83.0093279, 25.3429423 ], [ 83.0093314, 25.3429842 ], [ 83.0093494, 25.3430774 ], [ 83.0093926, 25.3432324 ], [ 83.0094469, 25.3434061 ], [ 83.0095294, 25.3436684 ], [ 83.0096696, 25.3441137 ], [ 83.0097673, 25.344369 ], [ 83.0098337, 25.3445895 ], [ 83.0099129, 25.3447936 ], [ 83.0099466, 25.3448631 ], [ 83.0101083, 25.3453722 ], [ 83.0102039, 25.3457133 ], [ 83.0102929, 25.346075 ], [ 83.0104191, 25.3465082 ], [ 83.0104382, 25.3465688 ], [ 83.0105084, 25.346792 ], [ 83.0107176, 25.347457 ], [ 83.0108766, 25.3478888 ] ] } },
{ "type": "Feature", "properties": { "highway": "tertiary" }, "geometry": { "type": "LineString", "coordinates": [ [ 83.0093242, 25.3411514 ], [ 83.0093542, 25.3415072 ], [ 83.0093554, 25.3419201 ] ] } },
{ "type": "Feature", "properties": { "highway": "tertiary" }, "geometry": { "type": "LineString", "coordinates": [ [ 83.0109258, 25.3131715 ], [ 83.0109297, 25.3131998 ], [ 83.0109346, 25.3132251 ], [ 83.0109412, 25.3132418 ], [ 83.0109575, 25.3132729 ] ] } },
{ "type": "Feature", "properties": { "highway": "tertiary" }, "geometry": { "type": "LineString", "coordinates": [ [ 83.0092431, 25.3378173 ], [ 83.009239, 25.3379467 ] ] } },
{ "type": "Feature", "properties": { "highway": "tertiary" }, "geometry": { "type": "LineString", "coordinates": [ [ 83.009239, 25.3379467 ], [ 83.0092225, 25.3380039 ], [ 83.0092317, 25.3383139 ], [ 83.0092431, 25.3387592 ], [ 83.0092727, 25.3389786 ], [ 83.0092921, 25.3391221 ], [ 83.0093092, 25.3392503 ], [ 83.0093218, 25.339345 ], [ 83.0093378, 25.3394646 ], [ 83.0094195, 25.3397734 ], [ 83.0094623, 25.3398855 ], [ 83.0094963, 25.3399805 ], [ 83.0095057, 25.3400068 ], [ 83.0095326, 25.3401034 ], [ 83.0095383, 25.3402605 ], [ 83.0095223, 25.3403862 ], [ 83.0094333, 25.3406779 ], [ 83.0093477, 25.3409779 ], [ 83.0093242, 25.3411514 ] ] } },
{ "type": "Feature", "properties": { "highway": "primary" }, "geometry": { "type": "LineString", "coordinates": [ [ 82.9819835, 25.3216304 ], [ 82.9820578, 25.3217372 ], [ 82.9829776, 25.3219433 ], [ 82.9837423, 25.322181 ], [ 82.9845006, 25.3226104 ], [ 82.9849453, 25.3228839 ], [ 82.985159, 25.3230153 ], [ 82.9854859, 25.3232214 ], [ 82.9856837, 25.3233877 ], [ 82.9867047, 25.3249036 ], [ 82.9867708, 25.3249947 ], [ 82.9869731, 25.3252735 ], [ 82.9871189, 25.3254866 ], [ 82.9872031, 25.3256097 ], [ 82.9875247, 25.3260798 ], [ 82.9875764, 25.3261521 ], [ 82.9876466, 25.3262422 ], [ 82.9877266, 25.3263484 ], [ 82.9879615, 25.3266601 ], [ 82.9883134, 25.3271107 ], [ 82.98877, 25.3277034 ], [ 82.9888769, 25.3278307 ], [ 82.9890087, 25.3279874 ], [ 82.9891106, 25.328208 ], [ 82.9891992, 25.328448 ], [ 82.9893762, 25.3289159 ], [ 82.989513, 25.329122 ], [ 82.9897678, 25.3293014 ], [ 82.9899154, 25.3293782 ], [ 82.9901289, 25.3294894 ], [ 82.9910347, 25.3299987 ], [ 82.9913947, 25.3301755 ], [ 82.9920934, 25.3305608 ], [ 82.9921626, 25.3305952 ], [ 82.9942913, 25.3317476 ], [ 82.9944775, 25.3317718 ] ] } },
{ "type": "Feature", "properties": { "highway": "trunk" }, "geometry": { "type": "LineString", "coordinates": [ [ 82.9992065, 25.3332846 ], [ 82.9990295, 25.3332203 ], [ 82.9988699, 25.3331609 ], [ 82.9987505, 25.3331379 ], [ 82.9985668, 25.3331246 ], [ 82.9982758, 25.3331282 ], [ 82.9979056, 25.3331379 ], [ 82.9977366, 25.3331355 ], [ 82.9975797, 25.3331015 ], [ 82.997396, 25.333053 ], [ 82.9967268, 25.332801 ], [ 82.9964814, 25.3327015 ], [ 82.9963539, 25.33263 ], [ 82.9953709, 25.3321015 ], [ 82.9948345, 25.3318251 ], [ 82.9941425, 25.331476 ], [ 82.9924339, 25.3306069 ], [ 82.9917285, 25.3302457 ], [ 82.9904597, 25.3295643 ], [ 82.9902627, 25.3294578 ], [ 82.9898818, 25.3292335 ], [ 82.9896994, 25.3291111 ], [ 82.9895747, 25.3289766 ], [ 82.9894968, 25.3288481 ], [ 82.9894285, 25.3287063 ], [ 82.9892575, 25.3283011 ], [ 82.9891838, 25.3281148 ], [ 82.9890958, 25.3279389 ], [ 82.988994, 25.3277825 ], [ 82.9889121, 25.3276686 ], [ 82.9876129, 25.3259931 ], [ 82.9872907, 25.3255533 ], [ 82.9870757, 25.3252403 ], [ 82.9858263, 25.3234162 ], [ 82.9857042, 25.3232719 ], [ 82.9856064, 25.323175 ], [ 82.9854656, 25.3230634 ], [ 82.9840279, 25.3221784 ], [ 82.9838471, 25.3220858 ], [ 82.9836269, 25.3220063 ], [ 82.9821314, 25.3215954 ] ] } },
{ "type": "Feature", "properties": { "highway": "trunk" }, "geometry": { "type": "LineString", "coordinates": [ [ 82.988715, 25.3479711 ], [ 82.9894365, 25.3483662 ], [ 82.9900628, 25.3487286 ], [ 82.9907991, 25.3491758 ], [ 82.9912551, 25.3494631 ], [ 82.9914375, 25.3495867 ], [ 82.9915421, 25.3496388 ], [ 82.9916064, 25.349663 ], [ 82.9916856, 25.3496618 ], [ 82.9917996, 25.3496473 ], [ 82.9920007, 25.3496024 ], [ 82.9926671, 25.3494699 ], [ 82.9928516, 25.3494396 ], [ 82.9930514, 25.349442 ], [ 82.993321, 25.3494663 ], [ 82.9936236, 25.3495228 ], [ 82.9938099, 25.349554 ], [ 82.9943825, 25.3497152 ], [ 82.9946038, 25.3497782 ], [ 82.9947608, 25.349832 ] ] } },
{ "type": "Feature", "properties": { "highway": "tertiary" }, "geometry": { "type": "LineString", "coordinates": [ [ 83.0486507, 25.2562221 ], [ 83.0485875, 25.25633 ], [ 83.0485278, 25.2564323 ], [ 83.0478737, 25.258733 ], [ 83.0477945, 25.2590485 ], [ 83.047785, 25.2591739 ], [ 83.0478349, 25.2594359 ], [ 83.047908, 25.259649 ], [ 83.0484144, 25.2610152 ], [ 83.0485638, 25.2614429 ], [ 83.0486153, 25.2616203 ], [ 83.0486089, 25.2616527 ], [ 83.0485889, 25.2616833 ], [ 83.0485415, 25.2617159 ], [ 83.0482823, 25.2618288 ], [ 83.0482104, 25.2618695 ], [ 83.048114, 25.2619639 ], [ 83.0480797, 25.2620553 ], [ 83.0480632, 25.2621082 ], [ 83.0479984, 25.2628947 ], [ 83.0479837, 25.2629529 ], [ 83.0479677, 25.2629856 ], [ 83.0479445, 25.2630182 ], [ 83.0478999, 25.2630489 ], [ 83.0478295, 25.2630888 ], [ 83.0471993, 25.263354 ], [ 83.047108, 25.2633947 ], [ 83.0463146, 25.2637486 ], [ 83.0462065, 25.2637903 ], [ 83.0460209, 25.2638725 ], [ 83.0452784, 25.264163 ], [ 83.045066, 25.2642783 ], [ 83.0447825, 25.2644342 ], [ 83.0446243, 25.2645725 ], [ 83.0444377, 25.2647637 ], [ 83.0443265, 25.2649147 ], [ 83.0441974, 25.2650889 ], [ 83.0441213, 25.2651953 ], [ 83.0440301, 25.2653228 ], [ 83.0434988, 25.2660158 ], [ 83.0428444, 25.2668605 ], [ 83.0427909, 25.2669608 ], [ 83.0427413, 25.2670847 ] ] } },
{ "type": "Feature", "properties": { "highway": "tertiary" }, "geometry": { "type": "LineString", "coordinates": [ [ 83.0260277, 25.3616246 ], [ 83.0259928, 25.3626037 ], [ 83.0259436, 25.3639822 ], [ 83.0258991, 25.3648451 ], [ 83.0258737, 25.3653357 ], [ 83.0258792, 25.3657868 ], [ 83.0258707, 25.3658942 ], [ 83.0258409, 25.3662707 ], [ 83.0257986, 25.3666388 ], [ 83.0255849, 25.3678111 ], [ 83.0254758, 25.3684857 ], [ 83.0254374, 25.3689801 ], [ 83.0253434, 25.3704701 ], [ 83.0252986, 25.3708565 ], [ 83.025249, 25.3712337 ], [ 83.0251925, 25.3714762 ], [ 83.0250589, 25.372164 ], [ 83.0248202, 25.3730755 ], [ 83.02464, 25.3735873 ], [ 83.0243997, 25.3742155 ], [ 83.0242029, 25.3746794 ], [ 83.0236724, 25.3759295 ], [ 83.0233697, 25.3766428 ], [ 83.023339, 25.376725 ], [ 83.02332, 25.3767757 ], [ 83.0230941, 25.37738 ], [ 83.0228908, 25.3779238 ], [ 83.0228195, 25.3781146 ], [ 83.0226633, 25.3785326 ], [ 83.0226154, 25.3786609 ], [ 83.0225959, 25.3787041 ], [ 83.021799, 25.3804737 ], [ 83.021541, 25.3810446 ] ] } },
{ "type": "Feature", "properties": { "highway": "tertiary" }, "geometry": { "type": "LineString", "coordinates": [ [ 83.025925, 25.3613672 ], [ 83.0259582, 25.3614519 ], [ 83.025987, 25.3615216 ], [ 83.0260277, 25.3616246 ] ] } },
{ "type": "Feature", "properties": { "highway": "trunk" }, "geometry": { "type": "LineString", "coordinates": [ [ 83.0258717, 25.3609532 ], [ 83.0258515, 25.3607981 ], [ 83.0258207, 25.3605873 ], [ 83.0257939, 25.3604018 ] ] } },
{ "type": "Feature", "properties": { "highway": "trunk" }, "geometry": { "type": "LineString", "coordinates": [ [ 83.0256624, 25.3611715 ], [ 83.0256729, 25.361224 ], [ 83.0256966, 25.3612706 ], [ 83.0257322, 25.3613105 ], [ 83.0257776, 25.3613414 ], [ 83.0258489, 25.3613654 ], [ 83.025925, 25.3613672 ], [ 83.0259976, 25.3613464 ], [ 83.0260587, 25.3613055 ], [ 83.0260773, 25.3612857 ], [ 83.0261053, 25.3612416 ], [ 83.0261207, 25.3611927 ], [ 83.0261225, 25.3611419 ], [ 83.0261106, 25.3610922 ], [ 83.0260857, 25.3610466 ], [ 83.026065, 25.3610222 ], [ 83.0260097, 25.3609811 ], [ 83.0259431, 25.3609574 ], [ 83.0258717, 25.3609532 ], [ 83.0258023, 25.360969 ], [ 83.0257416, 25.3610033 ], [ 83.025719, 25.3610237 ], [ 83.0256862, 25.361068 ], [ 83.0256669, 25.3611184 ], [ 83.0256624, 25.3611715 ] ] } },
{ "type": "Feature", "properties": { "highway": "trunk" }, "geometry": { "type": "LineString", "coordinates": [ [ 83.0260773, 25.3612857 ], [ 83.0261882, 25.3612665 ], [ 83.0263015, 25.3612514 ], [ 83.0264471, 25.3612276 ] ] } },
{ "type": "Feature", "properties": { "highway": "trunk" }, "geometry": { "type": "LineString", "coordinates": [ [ 83.025719, 25.3610237 ], [ 83.025472, 25.3609496 ], [ 83.0252303, 25.3608745 ] ] } },
{ "type": "Feature", "properties": { "highway": "trunk" }, "geometry": { "type": "LineString", "coordinates": [ [ 82.9936192, 25.3494437 ], [ 82.9935713, 25.3495692 ] ] } },
{ "type": "Feature", "properties": { "highway": "trunk" }, "geometry": { "type": "LineString", "coordinates": [ [ 83.0264471, 25.3612276 ], [ 83.0262542, 25.3611241 ], [ 83.0260857, 25.3610466 ] ] } },
{ "type": "Feature", "properties": { "highway": "trunk" }, "geometry": { "type": "LineString", "coordinates": [ [ 82.9947608, 25.349832 ], [ 82.9950276, 25.349966 ], [ 82.9954581, 25.3502036 ], [ 82.9958162, 25.3504108 ] ] } },
{ "type": "Feature", "properties": { "highway": "tertiary" }, "geometry": { "type": "LineString", "coordinates": [ [ 82.9967877, 25.3506893 ], [ 82.9966382, 25.3506547 ], [ 82.9962721, 25.3505581 ], [ 82.9959885, 25.3504545 ], [ 82.9956941, 25.3503054 ], [ 82.9948441, 25.3498162 ] ] } },
{ "type": "Feature", "properties": { "highway": "tertiary" }, "geometry": { "type": "LineString", "coordinates": [ [ 82.9946963, 25.3499079 ], [ 82.9959691, 25.3505841 ], [ 82.9963151, 25.3506859 ], [ 82.9964304, 25.3507093 ], [ 82.9967218, 25.35078 ] ] } },
{ "type": "Feature", "properties": { "highway": "tertiary" }, "geometry": { "type": "LineString", "coordinates": [ [ 82.9935713, 25.3495692 ], [ 82.9940543, 25.3497166 ], [ 82.9945421, 25.3498654 ], [ 82.9946963, 25.3499079 ] ] } },
{ "type": "Feature", "properties": { "highway": "tertiary" }, "geometry": { "type": "LineString", "coordinates": [ [ 82.9948441, 25.3498162 ], [ 82.9947883, 25.349799 ], [ 82.9941626, 25.3496061 ], [ 82.9936192, 25.3494437 ], [ 82.9933906, 25.3494133 ], [ 82.9932721, 25.3493976 ], [ 82.9930112, 25.3493688 ], [ 82.9928993, 25.3493564 ], [ 82.9926199, 25.3493863 ], [ 82.9919876, 25.3495423 ], [ 82.9916601, 25.349623 ] ] } },
{ "type": "Feature", "properties": { "highway": "tertiary" }, "geometry": { "type": "LineString", "coordinates": [ [ 82.9915214, 25.3497192 ], [ 82.9916748, 25.349743 ], [ 82.9920351, 25.3496748 ], [ 82.9921281, 25.3496556 ], [ 82.9928464, 25.3495076 ], [ 82.9929916, 25.3495078 ], [ 82.9930468, 25.3495079 ], [ 82.9930763, 25.3495079 ], [ 82.9933119, 25.3495353 ], [ 82.9935713, 25.3495692 ] ] } },
{ "type": "Feature", "properties": { "highway": "tertiary" }, "geometry": { "type": "LineString", "coordinates": [ [ 82.9916601, 25.349623 ], [ 82.9915448, 25.3496024 ], [ 82.9906408, 25.3490413 ], [ 82.9903275, 25.3488521 ], [ 82.9895675, 25.3483932 ], [ 82.9894285, 25.3483093 ], [ 82.988671, 25.3479004 ], [ 82.9885957, 25.3479067 ] ] } },
{ "type": "Feature", "properties": { "highway": "tertiary" }, "geometry": { "type": "LineString", "coordinates": [ [ 82.9885957, 25.3479067 ], [ 82.9886197, 25.3479955 ], [ 82.9890047, 25.3482244 ], [ 82.9896036, 25.3485794 ], [ 82.9905108, 25.3491189 ], [ 82.9915214, 25.3497192 ] ] } },
{ "type": "Feature", "properties": { "highway": "primary" }, "geometry": { "type": "LineString", "coordinates": [ [ 82.9697397, 25.2986149 ], [ 82.9696948, 25.298681 ], [ 82.9696606, 25.298798 ], [ 82.9695681, 25.2991278 ], [ 82.9694902, 25.2993451 ], [ 82.9693723, 25.2996467 ], [ 82.9692462, 25.2999111 ], [ 82.9691872, 25.3000299 ] ] } },
{ "type": "Feature", "properties": { "highway": "primary" }, "geometry": { "type": "LineString", "coordinates": [ [ 82.9699087, 25.2895294 ], [ 82.9699543, 25.2900181 ], [ 82.9701367, 25.2922201 ], [ 82.9701635, 25.2925972 ], [ 82.9701582, 25.292733 ], [ 82.9701273, 25.2928579 ], [ 82.9700898, 25.2929561 ], [ 82.9699757, 25.2932095 ], [ 82.9699396, 25.2933332 ], [ 82.9699248, 25.2934333 ], [ 82.9699315, 25.2935382 ], [ 82.9699677, 25.2936946 ], [ 82.9702695, 25.2948137 ], [ 82.9703043, 25.2949932 ], [ 82.9703164, 25.2951278 ], [ 82.970311, 25.2952721 ], [ 82.9701407, 25.2964991 ] ] } },
{ "type": "Feature", "properties": { "highway": "secondary" }, "geometry": { "type": "LineString", "coordinates": [ [ 83.0151873, 25.2703767 ], [ 83.0154457, 25.2703114 ], [ 83.015692, 25.2703202 ], [ 83.016068, 25.2704023 ], [ 83.022898, 25.2720892 ], [ 83.0231476, 25.2721273 ], [ 83.0233907, 25.2721273 ], [ 83.0235787, 25.2721042 ], [ 83.0237346, 25.2720762 ], [ 83.0238796, 25.272022 ], [ 83.0240967, 25.2718914 ], [ 83.0243736, 25.2717163 ], [ 83.0245178, 25.2716251 ], [ 83.0249148, 25.2713583 ], [ 83.025121, 25.2712332 ] ] } },
{ "type": "Feature", "properties": { "highway": "trunk" }, "geometry": { "type": "LineString", "coordinates": [ [ 83.0264471, 25.3612276 ], [ 83.0268333, 25.3613301 ], [ 83.0268871, 25.3613401 ], [ 83.027196, 25.3613978 ], [ 83.0292606, 25.3618015 ], [ 83.0296777, 25.3619215 ], [ 83.0299111, 25.3620088 ], [ 83.0302155, 25.3621275 ], [ 83.0305481, 25.3622742 ], [ 83.0309156, 25.3624487 ], [ 83.0316786, 25.362794 ], [ 83.0317993, 25.3628546 ], [ 83.0321306, 25.3629976 ], [ 83.0327944, 25.3632776 ], [ 83.0335817, 25.3636338 ], [ 83.034161, 25.3638932 ], [ 83.0349161, 25.3642167 ], [ 83.0357489, 25.3645706 ], [ 83.0364838, 25.3648408 ], [ 83.0374548, 25.3651607 ], [ 83.0376372, 25.3652177 ], [ 83.0383855, 25.3653874 ], [ 83.0392385, 25.365534 ], [ 83.0402778, 25.3657 ], [ 83.0408089, 25.3658188 ], [ 83.0410677, 25.3658927 ], [ 83.0414137, 25.3660017 ], [ 83.0420266, 25.3662429 ], [ 83.0423646, 25.3663738 ], [ 83.0427696, 25.3665458 ], [ 83.0432484, 25.3667846 ], [ 83.0436279, 25.3670027 ], [ 83.043935, 25.3672099 ], [ 83.0441591, 25.3673903 ], [ 83.0444044, 25.3676159 ], [ 83.0446444, 25.367874 ], [ 83.0448201, 25.3680497 ], [ 83.0451388, 25.3684238 ], [ 83.0456581, 25.3689534 ], [ 83.0461843, 25.369456 ], [ 83.0468237, 25.3701521 ], [ 83.0475333, 25.3709566 ], [ 83.0477361, 25.3712046 ], [ 83.0482519, 25.3718351 ], [ 83.0483782, 25.3719895 ], [ 83.0486871, 25.3723671 ], [ 83.0490119, 25.3727641 ], [ 83.0496303, 25.3736127 ], [ 83.0500834, 25.374193 ], [ 83.0503516, 25.3745186 ], [ 83.0509484, 25.3752376 ], [ 83.0512252, 25.3755436 ], [ 83.0518153, 25.3761556 ] ] } },
{ "type": "Feature", "properties": { "highway": "tertiary" }, "geometry": { "type": "LineString", "coordinates": [ [ 82.9659206, 25.3539197 ], [ 82.966431, 25.353832 ], [ 82.9666949, 25.3537785 ], [ 82.9670397, 25.3537134 ], [ 82.9675428, 25.3535876 ], [ 82.9677666, 25.3535014 ], [ 82.9679141, 25.3534428 ], [ 82.9680462, 25.3533926 ], [ 82.9681491, 25.3533703 ], [ 82.9681851, 25.3533686 ], [ 82.9682771, 25.3533643 ], [ 82.9687868, 25.3533691 ], [ 82.9690982, 25.3533618 ], [ 82.9694746, 25.3533243 ], [ 82.9697316, 25.3532844 ], [ 82.9707124, 25.3530997 ], [ 82.9710456, 25.3530516 ], [ 82.9715411, 25.3530112 ], [ 82.9716785, 25.3530032 ], [ 82.9723793, 25.3529625 ], [ 82.9729633, 25.3529286 ], [ 82.9735704, 25.3528294 ], [ 82.9738385, 25.3527917 ], [ 82.974055, 25.352763 ], [ 82.9742569, 25.3527538 ], [ 82.974381, 25.3527561 ], [ 82.9745811, 25.3527756 ], [ 82.9751115, 25.3528047 ], [ 82.9756639, 25.3528117 ], [ 82.975745, 25.3528071 ] ] } },
{ "type": "Feature", "properties": { "highway": "trunk" }, "geometry": { "type": "LineString", "coordinates": [ [ 82.9658118, 25.3537146 ], [ 82.9657877, 25.3537214 ], [ 82.965787, 25.3537218 ], [ 82.9657671, 25.353733 ], [ 82.9657502, 25.3537487 ], [ 82.9657386, 25.353767 ], [ 82.9657381, 25.3537677 ], [ 82.9657314, 25.3537889 ], [ 82.9657308, 25.3538109 ], [ 82.965736, 25.3538323 ], [ 82.9657469, 25.3538519 ], [ 82.9657607, 25.3538668 ], [ 82.9657778, 25.3538786 ], [ 82.9657972, 25.3538869 ], [ 82.9658226, 25.3538914 ], [ 82.9658483, 25.3538899 ], [ 82.9658726, 25.3538824 ], [ 82.965894, 25.3538695 ], [ 82.965911, 25.353852 ], [ 82.9659225, 25.3538311 ], [ 82.9659275, 25.3538083 ], [ 82.9659257, 25.3537851 ], [ 82.9659175, 25.353763 ], [ 82.9659032, 25.3537437 ], [ 82.9658838, 25.3537283 ], [ 82.9658613, 25.3537182 ], [ 82.9658368, 25.3537135 ], [ 82.9658118, 25.3537146 ] ] } },
{ "type": "Feature", "properties": { "highway": "primary" }, "geometry": { "type": "LineString", "coordinates": [ [ 82.9850483, 25.3357922 ], [ 82.9829565, 25.3370568 ], [ 82.982546, 25.3372893 ], [ 82.9821699, 25.3372984 ] ] } },
{ "type": "Feature", "properties": { "highway": "tertiary" }, "geometry": { "type": "LineString", "coordinates": [ [ 82.9812839, 25.3445311 ], [ 82.9812547, 25.3445442 ], [ 82.9812314, 25.3445649 ], [ 82.9812164, 25.344591 ], [ 82.9812111, 25.3446199 ], [ 82.9812159, 25.3446489 ], [ 82.9812303, 25.3446751 ], [ 82.9812529, 25.344696 ], [ 82.9812816, 25.3447096 ], [ 82.9813135, 25.3447146 ], [ 82.9813456, 25.3447104 ], [ 82.9813747, 25.3446975 ], [ 82.981398, 25.3446772 ], [ 82.9814132, 25.3446513 ], [ 82.9814188, 25.3446223 ], [ 82.9814143, 25.3445931 ], [ 82.9814, 25.3445667 ], [ 82.9813773, 25.3445456 ], [ 82.9813484, 25.3445318 ], [ 82.9813162, 25.3445268 ], [ 82.9812839, 25.3445311 ] ] } },
{ "type": "Feature", "properties": { "highway": "trunk" }, "geometry": { "type": "LineString", "coordinates": [ [ 82.9499617, 25.3614679 ], [ 82.9498372, 25.361494 ] ] } },
{ "type": "Feature", "properties": { "highway": "trunk" }, "geometry": { "type": "LineString", "coordinates": [ [ 82.9657972, 25.3538869 ], [ 82.9658562, 25.35423 ], [ 82.9658619, 25.3545681 ], [ 82.9658172, 25.3548902 ], [ 82.9657342, 25.3551983 ], [ 82.9654813, 25.3559349 ], [ 82.9653936, 25.3561723 ], [ 82.9651357, 25.3568706 ], [ 82.9648527, 25.3576703 ], [ 82.9647502, 25.3578734 ], [ 82.9646466, 25.3580501 ], [ 82.9646268, 25.3580787 ], [ 82.9644883, 25.3582787 ], [ 82.9643141, 25.3584914 ], [ 82.964055, 25.3587195 ], [ 82.9638121, 25.3589064 ], [ 82.9635639, 25.3590494 ], [ 82.9633601, 25.3591451 ], [ 82.9632246, 25.3592033 ], [ 82.9629341, 25.3593001 ], [ 82.9626966, 25.3593496 ], [ 82.9624455, 25.3593827 ], [ 82.9621799, 25.3594033 ], [ 82.9618353, 25.3593984 ], [ 82.9614348, 25.3593684 ], [ 82.9609005, 25.3593463 ], [ 82.9605719, 25.3593366 ], [ 82.9602414, 25.3593477 ], [ 82.9597078, 25.3594049 ], [ 82.959347, 25.3594808 ], [ 82.9590364, 25.3595499 ], [ 82.9583323, 25.3597594 ], [ 82.9575239, 25.360085 ], [ 82.9572728, 25.3601777 ], [ 82.9564228, 25.3605044 ], [ 82.9556018, 25.3608199 ], [ 82.9550949, 25.3610175 ], [ 82.9548092, 25.3610817 ], [ 82.9545504, 25.3611326 ], [ 82.9541668, 25.3611641 ], [ 82.9535307, 25.3611773 ], [ 82.9530357, 25.3611774 ], [ 82.9525494, 25.3611904 ], [ 82.9522642, 25.3612017 ] ] } },
{ "type": "Feature", "properties": { "highway": "trunk" }, "geometry": { "type": "LineString", "coordinates": [ [ 82.9498981, 25.3615664 ], [ 82.9500477, 25.361533 ] ] } },
{ "type": "Feature", "properties": { "highway": "trunk" }, "geometry": { "type": "LineString", "coordinates": [ [ 82.9483022, 25.3619579 ], [ 82.9493321, 25.361701 ], [ 82.9498981, 25.3615664 ] ] } },
{ "type": "Feature", "properties": { "highway": "trunk" }, "geometry": { "type": "LineString", "coordinates": [ [ 82.9465051, 25.3625808 ], [ 82.9479334, 25.3620839 ], [ 82.9483022, 25.3619579 ] ] } },
{ "type": "Feature", "properties": { "highway": "trunk" }, "geometry": { "type": "LineString", "coordinates": [ [ 82.9498372, 25.361494 ], [ 82.9491833, 25.361667 ], [ 82.9483518, 25.361867 ] ] } },
{ "type": "Feature", "properties": { "highway": "trunk" }, "geometry": { "type": "LineString", "coordinates": [ [ 82.9483518, 25.361867 ], [ 82.9476263, 25.362096 ], [ 82.9464823, 25.3624996 ] ] } },
{ "type": "Feature", "properties": { "highway": "trunk" }, "geometry": { "type": "LineString", "coordinates": [ [ 82.9426736, 25.3632073 ], [ 82.9431175, 25.3632848 ], [ 82.943446, 25.3633139 ], [ 82.9437491, 25.3633236 ], [ 82.9440723, 25.3633139 ], [ 82.944292, 25.3632792 ], [ 82.9447013, 25.363183 ], [ 82.9451533, 25.3630485 ], [ 82.9465051, 25.3625808 ] ] } },
{ "type": "Feature", "properties": { "highway": "tertiary" }, "geometry": { "type": "LineString", "coordinates": [ [ 82.9522642, 25.3612017 ], [ 82.952165, 25.3611631 ], [ 82.9519232, 25.3611653 ], [ 82.9513513, 25.3611833 ], [ 82.9510353, 25.3612126 ], [ 82.9506652, 25.3612482 ], [ 82.9498224, 25.3614358 ], [ 82.9487434, 25.3616973 ], [ 82.9480246, 25.3618888 ], [ 82.9474854, 25.3620645 ] ] } },
{ "type": "Feature", "properties": { "highway": "tertiary" }, "geometry": { "type": "LineString", "coordinates": [ [ 82.9473312, 25.3623474 ], [ 82.9479064, 25.362147 ], [ 82.9486379, 25.3619216 ], [ 82.9491901, 25.3617986 ], [ 82.9495147, 25.3617223 ], [ 82.9500413, 25.3615919 ], [ 82.9507376, 25.3614271 ], [ 82.9511024, 25.3613725 ], [ 82.9511942, 25.3613691 ], [ 82.951431, 25.3613604 ], [ 82.9519251, 25.3613609 ], [ 82.9522195, 25.3613353 ], [ 82.9523188, 25.3612712 ] ] } },
{ "type": "Feature", "properties": { "highway": "trunk" }, "geometry": { "type": "LineString", "coordinates": [ [ 82.9523188, 25.3612712 ], [ 82.9541762, 25.3612683 ], [ 82.9545678, 25.3612308 ], [ 82.9547891, 25.3611896 ], [ 82.9549862, 25.3611471 ], [ 82.9551242, 25.3611042 ], [ 82.9552196, 25.3610744 ], [ 82.9575328, 25.3601832 ], [ 82.9582652, 25.3598917 ], [ 82.9585321, 25.3597899 ], [ 82.9587252, 25.3597293 ], [ 82.9589693, 25.359665 ], [ 82.9593033, 25.3595778 ], [ 82.9596895, 25.3595014 ], [ 82.9600503, 25.3594542 ], [ 82.9604445, 25.3594372 ], [ 82.9609032, 25.3594433 ], [ 82.9614624, 25.3594699 ], [ 82.9620606, 25.359516 ], [ 82.9623234, 25.3595026 ], [ 82.9625474, 25.3594808 ], [ 82.962821, 25.3594299 ], [ 82.9631844, 25.3593257 ], [ 82.9633896, 25.3592481 ], [ 82.9635023, 25.3591936 ], [ 82.9636122, 25.3591415 ], [ 82.963737, 25.3590724 ], [ 82.9639113, 25.3589549 ], [ 82.9641004, 25.3588252 ], [ 82.9643793, 25.3585913 ], [ 82.9645631, 25.3583744 ], [ 82.9646449, 25.3582702 ], [ 82.9647334, 25.3581296 ], [ 82.9648527, 25.3578957 ], [ 82.9649508, 25.3576798 ], [ 82.9651612, 25.3571443 ], [ 82.9654375, 25.3564123 ], [ 82.9655235, 25.3561626 ], [ 82.9657568, 25.3554854 ], [ 82.96588, 25.3551301 ], [ 82.9659538, 25.3546999 ], [ 82.9659712, 25.3544817 ], [ 82.9659578, 25.3541836 ], [ 82.9659206, 25.3539197 ], [ 82.965911, 25.353852 ] ] } },
{ "type": "Feature", "properties": { "highway": "trunk" }, "geometry": { "type": "LineString", "coordinates": [ [ 82.9464823, 25.3624996 ], [ 82.94516, 25.3629516 ], [ 82.9448166, 25.3630546 ], [ 82.9445565, 25.3631225 ], [ 82.9442467, 25.3631818 ], [ 82.9439463, 25.3632073 ], [ 82.9436961, 25.3632172 ], [ 82.9436405, 25.3632194 ], [ 82.9433508, 25.3632061 ], [ 82.9431081, 25.3631746 ], [ 82.9429096, 25.3631394 ] ] } },
{ "type": "Feature", "properties": { "highway": "tertiary" }, "geometry": { "type": "LineString", "coordinates": [ [ 83.0034966, 25.2851206 ], [ 83.0034904, 25.2853364 ] ] } },
{ "type": "Feature", "properties": { "highway": "tertiary" }, "geometry": { "type": "LineString", "coordinates": [ [ 83.0034904, 25.2853364 ], [ 83.003447, 25.2855801 ], [ 83.0033702, 25.2860116 ], [ 83.0034732, 25.2864229 ], [ 83.003588, 25.2867988 ], [ 83.0036733, 25.287078 ], [ 83.0037139, 25.287283 ], [ 83.0037475, 25.2874528 ], [ 83.0037554, 25.287499 ], [ 83.0037931, 25.2880835 ], [ 83.003831, 25.288273 ], [ 83.0038555, 25.2883957 ], [ 83.003903, 25.2886425 ], [ 83.003954, 25.2889371 ], [ 83.0039842, 25.2890866 ], [ 83.0040291, 25.2891816 ], [ 83.0040593, 25.2892342 ], [ 83.004131, 25.2893257 ], [ 83.0043469, 25.2895137 ], [ 83.0044152, 25.2895921 ], [ 83.004471, 25.2896744 ] ] } },
{ "type": "Feature", "properties": { "highway": "tertiary" }, "geometry": { "type": "LineString", "coordinates": [ [ 83.0004958, 25.2851803 ], [ 83.0001955, 25.2857082 ], [ 83.0000481, 25.2860376 ], [ 83.0000169, 25.2861072 ], [ 82.9998083, 25.2867672 ], [ 82.9997725, 25.2868804 ], [ 82.9997079, 25.287085 ], [ 82.9996453, 25.2872368 ], [ 82.9993302, 25.2877912 ], [ 82.9991697, 25.2880567 ], [ 82.9991209, 25.2881373 ], [ 82.9990709, 25.2882808 ], [ 82.9989792, 25.2884737 ], [ 82.9989623, 25.2885904 ], [ 82.9989619, 25.288722 ], [ 82.999047, 25.289258 ], [ 82.9991534, 25.2895817 ] ] } },
{ "type": "Feature", "properties": { "highway": "tertiary" }, "geometry": { "type": "LineString", "coordinates": [ [ 83.0006691, 25.2849554 ], [ 83.0004958, 25.2851803 ] ] } },
{ "type": "Feature", "properties": { "highway": "tertiary" }, "geometry": { "type": "LineString", "coordinates": [ [ 82.9872624, 25.2840284 ], [ 82.9873308, 25.284097 ], [ 82.9873624, 25.2841607 ], [ 82.9874141, 25.2842407 ], [ 82.9875979, 25.2845045 ], [ 82.987706, 25.2846825 ], [ 82.9878049, 25.2848521 ], [ 82.9879288, 25.2850909 ], [ 82.988004, 25.2852544 ], [ 82.9880937, 25.2854801 ], [ 82.9882158, 25.2859025 ], [ 82.9883385, 25.2863435 ], [ 82.9884026, 25.2865732 ], [ 82.9884433, 25.2867053 ], [ 82.9885006, 25.2868625 ], [ 82.98863, 25.2871217 ], [ 82.988718, 25.2872854 ], [ 82.9888168, 25.2874685 ], [ 82.9888406, 25.2875676 ], [ 82.9888644, 25.2877145 ], [ 82.9889211, 25.2878629 ], [ 82.9890501, 25.2880153 ], [ 82.9892159, 25.2882132 ], [ 82.9894002, 25.2884499 ], [ 82.9894811, 25.2885679 ], [ 82.9895525, 25.2888174 ], [ 82.9896305, 25.2890899 ], [ 82.9897005, 25.2894505 ], [ 82.9897714, 25.2896827 ], [ 82.9898918, 25.2899933 ], [ 82.9899647, 25.2902123 ], [ 82.9901248, 25.2902594 ], [ 82.9902516, 25.2903065 ], [ 82.9903707, 25.2903918 ], [ 82.9905082, 25.2905082 ], [ 82.9906396, 25.2906064 ], [ 82.9907949, 25.290712 ], [ 82.9909434, 25.2907899 ], [ 82.9911269, 25.2908647 ], [ 82.9916155, 25.2910576 ], [ 82.9918994, 25.2911926 ], [ 82.9921218, 25.2913074 ], [ 82.9923608, 25.2913045 ], [ 82.9924397, 25.2913036 ], [ 82.9926512, 25.2912907 ], [ 82.9927222, 25.2916933 ], [ 82.9927952, 25.2917804 ], [ 82.992901, 25.2919685 ], [ 82.9929996, 25.2921467 ], [ 82.9931068, 25.2923145 ], [ 82.9931347, 25.2923509 ], [ 82.9932444, 25.2924939 ], [ 82.9932773, 25.2925323 ], [ 82.993393, 25.2926672 ], [ 82.9935446, 25.2928182 ], [ 82.9936413, 25.2929378 ], [ 82.9937411, 25.2930766 ], [ 82.9938537, 25.2932678 ], [ 82.9939547, 25.2934549 ], [ 82.9940573, 25.2937058 ], [ 82.9941313, 25.2939147 ], [ 82.9942797, 25.2943273 ], [ 82.9943741, 25.2945777 ], [ 82.9944077, 25.2947175 ], [ 82.9944245, 25.2948484 ], [ 82.9944376, 25.2949776 ], [ 82.9944413, 25.2950912 ], [ 82.9944227, 25.2951966 ], [ 82.9943778, 25.2953028 ], [ 82.9943137, 25.295403 ], [ 82.9942377, 25.2954811 ], [ 82.994064, 25.2956968 ], [ 82.9939631, 25.2958518 ], [ 82.9938417, 25.2961344 ], [ 82.9938132, 25.2962759 ], [ 82.9937607, 25.2965601 ], [ 82.9937592, 25.2973075 ] ] } },
{ "type": "Feature", "properties": { "highway": "tertiary" }, "geometry": { "type": "LineString", "coordinates": [ [ 82.9867583, 25.2821663 ], [ 82.9868241, 25.2822845 ] ] } },
{ "type": "Feature", "properties": { "highway": "trunk" }, "geometry": { "type": "LineString", "coordinates": [ [ 83.023846, 25.3469317 ], [ 83.0238573, 25.3471954 ], [ 83.0238707, 25.3474572 ], [ 83.0238935, 25.3480729 ], [ 83.0239472, 25.3487322 ], [ 83.0239765, 25.3489062 ], [ 83.0240487, 25.3494012 ], [ 83.0242516, 25.3502096 ] ] } },
{ "type": "Feature", "properties": { "highway": "trunk" }, "geometry": { "type": "LineString", "coordinates": [ [ 83.0238246, 25.3467089 ], [ 83.023846, 25.3469317 ] ] } },
{ "type": "Feature", "properties": { "highway": "tertiary" }, "geometry": { "type": "LineString", "coordinates": [ [ 83.0183004, 25.3482391 ], [ 83.0184083, 25.348286 ] ] } },
{ "type": "Feature", "properties": { "highway": "tertiary" }, "geometry": { "type": "LineString", "coordinates": [ [ 83.0184083, 25.348286 ], [ 83.0187446, 25.348432 ], [ 83.0188719, 25.3484873 ], [ 83.0189186, 25.3485152 ], [ 83.0195961, 25.34892 ], [ 83.0200882, 25.3491716 ], [ 83.0202766, 25.3492679 ], [ 83.0206889, 25.3494411 ], [ 83.0208331, 25.3495017 ], [ 83.0211225, 25.3495957 ], [ 83.0215026, 25.3496917 ], [ 83.0215776, 25.3497107 ], [ 83.0221203, 25.3498304 ], [ 83.0221697, 25.3498386 ], [ 83.0222838, 25.3498576 ], [ 83.023182, 25.3500072 ], [ 83.0235255, 25.3500541 ], [ 83.0237857, 25.3500896 ], [ 83.0238924, 25.3501096 ], [ 83.0242516, 25.3502096 ], [ 83.0243294, 25.3502406 ], [ 83.0245504, 25.3503288 ], [ 83.024764, 25.3504056 ], [ 83.0248947, 25.3504522 ], [ 83.0250074, 25.350477 ], [ 83.0254563, 25.3505721 ], [ 83.0257457, 25.3505886 ], [ 83.0258318, 25.3505814 ], [ 83.0260152, 25.3505597 ], [ 83.0263225, 25.3505136 ], [ 83.0267915, 25.3504382 ], [ 83.026844, 25.3504326 ], [ 83.026911, 25.3504181 ], [ 83.0272621, 25.3504021 ], [ 83.0274582, 25.3504048 ], [ 83.0275908, 25.3503809 ], [ 83.0276825, 25.3503581 ], [ 83.0277719, 25.3503032 ], [ 83.0279505, 25.3501548 ], [ 83.0280993, 25.3500724 ], [ 83.0285394, 25.3498617 ], [ 83.029204, 25.3495685 ], [ 83.0294046, 25.3494878 ], [ 83.0296397, 25.3493913 ], [ 83.0298003, 25.3493263 ], [ 83.0300283, 25.3492354 ], [ 83.0302145, 25.3491548 ], [ 83.0304283, 25.3490738 ], [ 83.0305074, 25.3490439 ], [ 83.0305954, 25.3490105 ], [ 83.0313361, 25.3488045 ], [ 83.0320656, 25.3486237 ], [ 83.032599, 25.3484914 ], [ 83.033222, 25.3483368 ], [ 83.0332473, 25.3483284 ], [ 83.0336353, 25.3481848 ], [ 83.0338081, 25.3481367 ], [ 83.0341053, 25.3480183 ], [ 83.034488, 25.347823 ], [ 83.0347542, 25.3476931 ], [ 83.0351508, 25.3475748 ], [ 83.0355523, 25.3474963 ], [ 83.0356629, 25.3474806 ], [ 83.036016, 25.3474274 ], [ 83.0360386, 25.347424 ], [ 83.0367696, 25.3471705 ], [ 83.0370605, 25.3470512 ], [ 83.0373165, 25.346917 ], [ 83.0376906, 25.3466687 ], [ 83.0380357, 25.3464308 ], [ 83.0387805, 25.3459748 ], [ 83.0390496, 25.3458256 ], [ 83.0391638, 25.3457738 ], [ 83.0392527, 25.345726 ], [ 83.0394549, 25.3456419 ], [ 83.0398159, 25.3455308 ], [ 83.0400029, 25.3455011 ], [ 83.0401904, 25.3454857 ], [ 83.0406609, 25.3454672 ], [ 83.0409075, 25.3454573 ], [ 83.0412379, 25.3454276 ], [ 83.0414419, 25.3454089 ], [ 83.0416771, 25.345406 ], [ 83.0422016, 25.3454272 ], [ 83.0428062, 25.345451 ], [ 83.0433383, 25.3453655 ], [ 83.0438542, 25.3452684 ], [ 83.0441521, 25.3452494 ], [ 83.0443425, 25.3452492 ], [ 83.0446031, 25.3452768 ], [ 83.044892, 25.3452923 ], [ 83.0450334, 25.345293 ], [ 83.0455356, 25.3452957 ], [ 83.046035, 25.3453005 ], [ 83.0463826, 25.3452777 ], [ 83.0465792, 25.3452464 ], [ 83.0469947, 25.3451794 ], [ 83.047383, 25.3451398 ], [ 83.0478416, 25.3451134 ], [ 83.0483773, 25.3450824 ], [ 83.0488486, 25.3450552 ], [ 83.0490016, 25.3450409 ], [ 83.0499509, 25.3449341 ], [ 83.0507651, 25.344882 ], [ 83.0508484, 25.344882 ], [ 83.0512239, 25.3448141 ], [ 83.0513062, 25.3448113 ], [ 83.0517669, 25.3447372 ], [ 83.0520538, 25.3447121 ], [ 83.0522029, 25.3447037 ], [ 83.0523408, 25.3447088 ], [ 83.0528397, 25.3447605 ], [ 83.0533043, 25.3448401 ], [ 83.0534461, 25.3448661 ], [ 83.053599, 25.3448853 ], [ 83.0537594, 25.3448944 ], [ 83.0539384, 25.3449001 ], [ 83.054, 25.3448956 ], [ 83.0547967, 25.3448381 ], [ 83.0550426, 25.3448049 ], [ 83.0555262, 25.3447676 ], [ 83.0559418, 25.3446945 ], [ 83.056022, 25.3446674 ], [ 83.0561023, 25.3446335 ], [ 83.0561861, 25.3445712 ], [ 83.0562513, 25.3444988 ], [ 83.0563989, 25.3444046 ], [ 83.0565657, 25.3443193 ], [ 83.0567622, 25.3442408 ], [ 83.056982, 25.344166 ], [ 83.0570091, 25.3441577 ], [ 83.0572858, 25.3440779 ], [ 83.0575306, 25.3440428 ], [ 83.0577978, 25.3440144 ], [ 83.0583466, 25.3439672 ], [ 83.0585271, 25.3439453 ], [ 83.0590018, 25.343856 ], [ 83.0595491, 25.3437509 ], [ 83.0597425, 25.3437325 ], [ 83.0605725, 25.343662 ], [ 83.0613021, 25.3436388 ], [ 83.061355, 25.3436314 ], [ 83.0619716, 25.3435457 ], [ 83.0623959, 25.3434207 ], [ 83.0628411, 25.3432717 ], [ 83.062934, 25.3432526 ], [ 83.0633284, 25.3431797 ], [ 83.0636882, 25.3431268 ], [ 83.0639526, 25.3430648 ], [ 83.0641002, 25.3430249 ], [ 83.0649071, 25.3427803 ], [ 83.0651473, 25.3426924 ], [ 83.0658704, 25.3425538 ], [ 83.0659951, 25.3425379 ], [ 83.0660633, 25.3425295 ], [ 83.0663369, 25.3425283 ], [ 83.0663833, 25.3425295 ], [ 83.0673535, 25.3425497 ], [ 83.0680655, 25.3425317 ], [ 83.0681607, 25.3425211 ], [ 83.0682973, 25.3424985 ], [ 83.0684346, 25.3425557 ], [ 83.0685598, 25.3426293 ], [ 83.0686235, 25.3427068 ], [ 83.0686705, 25.3427894 ], [ 83.0687164, 25.3428755 ], [ 83.0687457, 25.3429667 ], [ 83.0688076, 25.3434166 ], [ 83.0688903, 25.3437985 ], [ 83.0691296, 25.3447573 ], [ 83.0693204, 25.3455419 ], [ 83.0693614, 25.3456038 ], [ 83.0693877, 25.3456332 ], [ 83.0694256, 25.345654 ], [ 83.069971, 25.3458185 ], [ 83.0704629, 25.3459145 ], [ 83.0709513, 25.3460418 ], [ 83.0711646, 25.3461078 ], [ 83.0712928, 25.346152 ], [ 83.0718679, 25.3463175 ], [ 83.0721511, 25.346377 ], [ 83.0722887, 25.3464288 ], [ 83.0723543, 25.3464535 ], [ 83.0725631, 25.3465321 ], [ 83.0728721, 25.3467027 ], [ 83.0732024, 25.3468801 ], [ 83.0734643, 25.3470208 ], [ 83.073945, 25.3472502 ], [ 83.074211, 25.3473955 ], [ 83.0746745, 25.3476879 ], [ 83.0755616, 25.3480834 ], [ 83.0760392, 25.3482851 ], [ 83.0763902, 25.348405 ], [ 83.0767555, 25.3484853 ], [ 83.0773142, 25.3486054 ], [ 83.0774192, 25.348624 ], [ 83.0775242, 25.3486332 ], [ 83.0779876, 25.348659 ], [ 83.0786914, 25.3486962 ], [ 83.0789802, 25.3487152 ], [ 83.0791292, 25.3487515 ], [ 83.07926, 25.3487994 ], [ 83.0795673, 25.3489527 ], [ 83.0796622, 25.3490225 ], [ 83.0800227, 25.3493675 ], [ 83.0804698, 25.3498979 ], [ 83.0805498, 25.3499634 ], [ 83.0806226, 25.3499993 ], [ 83.0808372, 25.3500769 ], [ 83.0809275, 25.3501014 ], [ 83.0816535, 25.3502983 ], [ 83.0824555, 25.3505245 ], [ 83.0825276, 25.3505391 ], [ 83.0829829, 25.3505888 ], [ 83.0835846, 25.350702 ], [ 83.0840043, 25.3507828 ], [ 83.0841066, 25.3508093 ], [ 83.0842158, 25.3508467 ], [ 83.084323, 25.3508916 ], [ 83.0844301, 25.3509486 ], [ 83.0845249, 25.3510038 ], [ 83.0847322, 25.351099 ], [ 83.0850181, 25.3511632 ], [ 83.0851201, 25.3511861 ], [ 83.0856437, 25.351318 ], [ 83.0859434, 25.3513999 ], [ 83.0864579, 25.3515873 ], [ 83.0867256, 25.3517342 ], [ 83.0883877, 25.3525449 ], [ 83.0885362, 25.3527141 ], [ 83.0888015, 25.3530031 ], [ 83.0888709, 25.3530787 ], [ 83.0896354, 25.3538272 ], [ 83.0899229, 25.3541418 ], [ 83.0901569, 25.354531 ], [ 83.0903018, 25.3547456 ], [ 83.0904241, 25.3548548 ], [ 83.0905767, 25.3549612 ], [ 83.090916, 25.355129 ], [ 83.0916464, 25.3553758 ], [ 83.092023, 25.355495 ], [ 83.0923847, 25.3556057 ], [ 83.092965, 25.3557158 ], [ 83.0935476, 25.3558771 ], [ 83.0937085, 25.355938 ], [ 83.0940926, 25.356135 ], [ 83.094271, 25.3562299 ], [ 83.094435, 25.3563313 ], [ 83.0946583, 25.3564715 ], [ 83.0948356, 25.3565865 ], [ 83.0950128, 25.356711 ], [ 83.0959216, 25.3574375 ] ] } },
{ "type": "Feature", "properties": { "highway": "primary" }, "geometry": { "type": "LineString", "coordinates": [ [ 83.0024651, 25.285309 ], [ 83.0026707, 25.2846916 ], [ 83.0028346, 25.284307 ], [ 83.0032485, 25.2833937 ], [ 83.0033421, 25.2831743 ], [ 83.003366, 25.2831044 ], [ 83.0034, 25.2830051 ], [ 83.0034084, 25.2828871 ], [ 83.0034009, 25.2827826 ], [ 83.0033635, 25.2826335 ], [ 83.0033102, 25.2825036 ], [ 83.0031931, 25.2822238 ], [ 83.003141, 25.2820723 ], [ 83.0031028, 25.2818828 ] ] } },
{ "type": "Feature", "properties": { "highway": "primary" }, "geometry": { "type": "LineString", "coordinates": [ [ 83.0023449, 25.2856255 ], [ 83.0024651, 25.285309 ] ] } },
{ "type": "Feature", "properties": { "highway": "tertiary" }, "geometry": { "type": "LineString", "coordinates": [ [ 82.9998996, 25.292666 ], [ 82.9999206, 25.29279 ], [ 82.9999528, 25.2929137 ], [ 82.9999655, 25.2929971 ], [ 83.0001478, 25.2938155 ], [ 83.0001796, 25.2939923 ], [ 83.0002057, 25.2942199 ], [ 83.0003464, 25.2949702 ], [ 83.0004215, 25.2953654 ], [ 83.0005288, 25.295751 ], [ 83.0006097, 25.2959881 ] ] } },
{ "type": "Feature", "properties": { "highway": "primary" }, "geometry": { "type": "LineString", "coordinates": [ [ 83.0021824, 25.2778946 ], [ 83.0020545, 25.2779374 ], [ 83.0018417, 25.2779901 ], [ 83.0011265, 25.2781354 ], [ 83.0008544, 25.2782872 ], [ 83.0006328, 25.2783987 ], [ 83.0002984, 25.278485 ], [ 82.9992577, 25.2786206 ], [ 82.9991552, 25.2786397 ], [ 82.9990551, 25.2786782 ], [ 82.9989083, 25.2787994 ], [ 82.9988407, 25.2788313 ], [ 82.9987378, 25.2788531 ], [ 82.9984629, 25.2788413 ] ] } },
{ "type": "Feature", "properties": { "highway": "primary" }, "geometry": { "type": "LineString", "coordinates": [ [ 82.9847945, 25.2820601 ], [ 82.9845983, 25.2822151 ] ] } },
{ "type": "Feature", "properties": { "highway": "primary" }, "geometry": { "type": "LineString", "coordinates": [ [ 83.0023707, 25.2779944 ], [ 83.0025242, 25.2785534 ], [ 83.0026117, 25.2788747 ], [ 83.0026532, 25.2791001 ], [ 83.0027095, 25.2796434 ], [ 83.0027253, 25.2797505 ], [ 83.0028044, 25.2803755 ], [ 83.0028173, 25.280475 ], [ 83.0028963, 25.2810838 ], [ 83.0029025, 25.2811314 ], [ 83.0030242, 25.2819619 ] ] } },
{ "type": "Feature", "properties": { "highway": "primary" }, "geometry": { "type": "LineString", "coordinates": [ [ 83.0021872, 25.2778079 ], [ 83.0021789, 25.2778363 ], [ 83.0021773, 25.2778656 ], [ 83.0021824, 25.2778946 ], [ 83.0021984, 25.277929 ], [ 83.0022238, 25.2779585 ], [ 83.0022554, 25.2779801 ], [ 83.002292, 25.2779938 ], [ 83.0023313, 25.2779987 ], [ 83.0023707, 25.2779944 ], [ 83.0024036, 25.2779833 ], [ 83.0024328, 25.2779657 ], [ 83.002457, 25.2779427 ], [ 83.002474, 25.2779171 ], [ 83.0024846, 25.2778888 ], [ 83.0024884, 25.2778591 ], [ 83.0024863, 25.277835 ], [ 83.0024797, 25.2778115 ], [ 83.0024688, 25.2777895 ], [ 83.0024538, 25.2777694 ], [ 83.0024203, 25.2777415 ], [ 83.0023793, 25.2777236 ], [ 83.0023343, 25.2777171 ], [ 83.0022892, 25.2777227 ], [ 83.0022551, 25.2777359 ], [ 83.0022254, 25.2777559 ], [ 83.0022018, 25.2777817 ], [ 83.0021872, 25.2778079 ] ] } },
{ "type": "Feature", "properties": { "highway": "primary" }, "geometry": { "type": "LineString", "coordinates": [ [ 82.9845983, 25.2822151 ], [ 82.9845172, 25.2822852 ], [ 82.9842268, 25.2825312 ], [ 82.9840821, 25.2826292 ], [ 82.9836919, 25.2828166 ], [ 82.9832971, 25.282902 ], [ 82.9826362, 25.2829408 ], [ 82.9819088, 25.2829713 ], [ 82.9817302, 25.282993 ], [ 82.9813401, 25.2829951 ], [ 82.9812087, 25.283008 ], [ 82.9808573, 25.2830426 ], [ 82.9806697, 25.283061 ], [ 82.9802043, 25.2831067 ], [ 82.9801557, 25.2831115 ], [ 82.9800662, 25.2831196 ], [ 82.9792611, 25.2831924 ], [ 82.978858, 25.2832288 ], [ 82.9784799, 25.283263 ], [ 82.9780408, 25.2833027 ], [ 82.9778487, 25.2833201 ], [ 82.9777524, 25.2833288 ], [ 82.9776964, 25.2833327 ], [ 82.9768471, 25.2833923 ], [ 82.9762034, 25.2834375 ], [ 82.9756699, 25.2834616 ], [ 82.9753929, 25.2834766 ], [ 82.9751406, 25.2835009 ], [ 82.9744892, 25.2835637 ], [ 82.9728188, 25.2836902 ], [ 82.9722242, 25.2837515 ], [ 82.9721053, 25.2837621 ], [ 82.9717892, 25.2837891 ], [ 82.9711401, 25.2838681 ], [ 82.9707847, 25.2839316 ], [ 82.970586, 25.2839632 ], [ 82.970292, 25.284 ], [ 82.9696596, 25.2840597 ], [ 82.9692936, 25.2840687 ], [ 82.9690209, 25.2841067 ], [ 82.9687494, 25.2841634 ] ] } },
{ "type": "Feature", "properties": { "highway": "primary" }, "geometry": { "type": "LineString", "coordinates": [ [ 82.9685288, 25.2843214 ], [ 82.968607, 25.2843013 ], [ 82.9687863, 25.2842435 ] ] } },
{ "type": "Feature", "properties": { "highway": "primary_link" }, "geometry": { "type": "LineString", "coordinates": [ [ 82.9687863, 25.2842435 ], [ 82.9687494, 25.2841634 ] ] } },
{ "type": "Feature", "properties": { "highway": "primary" }, "geometry": { "type": "LineString", "coordinates": [ [ 82.9687863, 25.2842435 ], [ 82.9690519, 25.2841911 ], [ 82.9691861, 25.2841654 ], [ 82.9697094, 25.2841389 ], [ 82.9697308, 25.2841378 ], [ 82.9702634, 25.2841048 ], [ 82.9707472, 25.2840312 ], [ 82.9711611, 25.2839577 ], [ 82.9718957, 25.2838732 ], [ 82.9721158, 25.2838485 ], [ 82.9723333, 25.2838241 ], [ 82.9726336, 25.2837905 ], [ 82.9735564, 25.2837224 ], [ 82.9737708, 25.2837036 ], [ 82.9745179, 25.2836379 ], [ 82.975162, 25.283583 ], [ 82.9754136, 25.2835616 ], [ 82.9754672, 25.283557 ], [ 82.976201, 25.2835276 ], [ 82.9767732, 25.2835017 ], [ 82.9768978, 25.2835023 ], [ 82.9774349, 25.2834651 ], [ 82.977704, 25.2834468 ], [ 82.9780342, 25.2834171 ], [ 82.97862, 25.2833714 ], [ 82.9792778, 25.2833147 ], [ 82.9800982, 25.2832234 ], [ 82.9806959, 25.2831544 ], [ 82.9812383, 25.2831022 ], [ 82.9819379, 25.2830632 ], [ 82.9826285, 25.2830314 ], [ 82.9829375, 25.2830166 ], [ 82.9832385, 25.2830018 ], [ 82.9834701, 25.2829505 ], [ 82.9836429, 25.2829009 ], [ 82.9838136, 25.2828439 ], [ 82.9840616, 25.2827373 ], [ 82.9841826, 25.2826675 ], [ 82.984647, 25.2823053 ] ] } },
{ "type": "Feature", "properties": { "highway": "primary" }, "geometry": { "type": "LineString", "coordinates": [ [ 82.9860752, 25.280852 ], [ 82.9862834, 25.2805721 ], [ 82.9864663, 25.280368 ], [ 82.9865436, 25.2803 ], [ 82.9866168, 25.2802431 ], [ 82.9867265, 25.2801861 ], [ 82.986881, 25.2801273 ], [ 82.987131, 25.2800758 ], [ 82.9873424, 25.2800648 ], [ 82.9876453, 25.2800684 ], [ 82.9880347, 25.2801182 ], [ 82.9884543, 25.2801659 ], [ 82.9891354, 25.2802506 ], [ 82.9891638, 25.2802541 ], [ 82.9898793, 25.2803515 ], [ 82.9901419, 25.2803881 ], [ 82.9904424, 25.2804122 ], [ 82.9906477, 25.2804103 ], [ 82.9908591, 25.2803919 ], [ 82.9910684, 25.280346 ], [ 82.9913408, 25.2802688 ], [ 82.9914051, 25.2802385 ], [ 82.9915686, 25.2801614 ], [ 82.9920523, 25.2799416 ], [ 82.9924061, 25.2798 ], [ 82.9925496, 25.2797308 ], [ 82.9928756, 25.2795734 ], [ 82.9934264, 25.2793387 ], [ 82.9939935, 25.2790832 ], [ 82.9945156, 25.2788612 ] ] } },
{ "type": "Feature", "properties": { "highway": "primary" }, "geometry": { "type": "LineString", "coordinates": [ [ 82.984647, 25.2823053 ], [ 82.9847965, 25.2821757 ] ] } },
{ "type": "Feature", "properties": { "highway": "secondary" }, "geometry": { "type": "LineString", "coordinates": [ [ 83.0024884, 25.2778591 ], [ 83.0035138, 25.2775116 ], [ 83.0039248, 25.2774181 ], [ 83.0041987, 25.2773912 ], [ 83.0045449, 25.2773559 ], [ 83.0047714, 25.2773368 ], [ 83.0049652, 25.2773307 ], [ 83.005631, 25.2773097 ], [ 83.0058732, 25.277253 ] ] } },
{ "type": "Feature", "properties": { "highway": "secondary" }, "geometry": { "type": "LineString", "coordinates": [ [ 82.9721158, 25.2838485 ], [ 82.9721053, 25.2837621 ] ] } },
{ "type": "Feature", "properties": { "highway": "tertiary" }, "geometry": { "type": "LineString", "coordinates": [ [ 82.9698863, 25.2893989 ], [ 82.9698524, 25.289504 ], [ 82.9698524, 25.2896374 ], [ 82.9699011, 25.2903134 ], [ 82.9699293, 25.290705 ], [ 82.9699665, 25.2912212 ], [ 82.9700536, 25.2924287 ], [ 82.9701018, 25.2926203 ], [ 82.9701984, 25.2928094 ], [ 82.9703137, 25.2929452 ] ] } },
{ "type": "Feature", "properties": { "highway": "tertiary" }, "geometry": { "type": "LineString", "coordinates": [ [ 82.9703137, 25.2929452 ], [ 82.9702547, 25.2927294 ], [ 82.9702198, 25.2924554 ], [ 82.970134, 25.2914283 ], [ 82.9700183, 25.2900446 ], [ 82.9699824, 25.2896156 ], [ 82.969961, 25.2895246 ], [ 82.9698863, 25.2893989 ] ] } },
{ "type": "Feature", "properties": { "highway": "secondary" }, "geometry": { "type": "LineString", "coordinates": [ [ 83.0255105, 25.2709788 ], [ 83.025476, 25.2709752 ], [ 83.0254441, 25.2709876 ], [ 83.0254233, 25.2710129 ], [ 83.0254193, 25.2710441 ], [ 83.0254304, 25.2710724 ], [ 83.025461, 25.2710917 ], [ 83.0254955, 25.2710954 ], [ 83.0255274, 25.2710829 ], [ 83.0255482, 25.2710577 ], [ 83.0255494, 25.2710482 ], [ 83.0255522, 25.2710264 ], [ 83.0255384, 25.2709976 ], [ 83.0255105, 25.2709788 ] ] } },
{ "type": "Feature", "properties": { "highway": "secondary" }, "geometry": { "type": "LineString", "coordinates": [ [ 83.0254304, 25.2710724 ], [ 83.0253196, 25.2711137 ], [ 83.025207, 25.2711746 ], [ 83.025121, 25.2712332 ] ] } },
{ "type": "Feature", "properties": { "highway": "tertiary" }, "geometry": { "type": "LineString", "coordinates": [ [ 82.9846243, 25.2750742 ], [ 82.9846274, 25.2751796 ], [ 82.9846336, 25.2752235 ], [ 82.9846667, 25.2754556 ], [ 82.9846971, 25.2757383 ], [ 82.9847401, 25.2761079 ], [ 82.9847825, 25.2764104 ], [ 82.984867, 25.2768022 ], [ 82.9848873, 25.2769181 ], [ 82.9849134, 25.2770555 ], [ 82.9849591, 25.277306 ], [ 82.9850248, 25.2776854 ], [ 82.9850613, 25.2778228 ], [ 82.9851578, 25.2781853 ], [ 82.985418, 25.2790827 ], [ 82.9856345, 25.2799329 ] ] } },
{ "type": "Feature", "properties": { "highway": "primary" }, "geometry": { "type": "LineString", "coordinates": [ [ 82.9715449, 25.3024221 ], [ 82.9717688, 25.3024584 ], [ 82.9718788, 25.3024791 ], [ 82.972029, 25.3025045 ], [ 82.9721564, 25.30253 ], [ 82.9723106, 25.3025566 ], [ 82.9724756, 25.3025906 ], [ 82.9726754, 25.3026282 ], [ 82.9728714, 25.3026706 ] ] } },
{ "type": "Feature", "properties": { "highway": "trunk" }, "geometry": { "type": "LineString", "coordinates": [ [ 82.9994396, 25.333382 ], [ 82.9992065, 25.3332846 ] ] } },
{ "type": "Feature", "properties": { "highway": "trunk" }, "geometry": { "type": "LineString", "coordinates": [ [ 82.9790524, 25.3204413 ], [ 82.9789565, 25.3204128 ], [ 82.9788748, 25.3203989 ] ] } },
{ "type": "Feature", "properties": { "highway": "trunk" }, "geometry": { "type": "LineString", "coordinates": [ [ 82.9785186, 25.3202667 ], [ 82.9785785, 25.3202935 ], [ 82.9788748, 25.3203989 ] ] } },
{ "type": "Feature", "properties": { "highway": "trunk" }, "geometry": { "type": "LineString", "coordinates": [ [ 82.9735485, 25.3175064 ], [ 82.9737523, 25.317607 ] ] } },
{ "type": "Feature", "properties": { "highway": "trunk" }, "geometry": { "type": "LineString", "coordinates": [ [ 82.9737523, 25.317607 ], [ 82.9741259, 25.3177952 ], [ 82.9744271, 25.3179503 ], [ 82.9745895, 25.3180589 ], [ 82.9748016, 25.318232 ], [ 82.9753274, 25.3186374 ], [ 82.9756688, 25.3188678 ], [ 82.975949, 25.3190642 ], [ 82.9762964, 25.3192969 ], [ 82.9766005, 25.3194759 ], [ 82.9770313, 25.3196869 ], [ 82.977382, 25.3198367 ], [ 82.9779777, 25.3200548 ], [ 82.9783258, 25.3201912 ] ] } },
{ "type": "Feature", "properties": { "highway": "secondary" }, "geometry": { "type": "LineString", "coordinates": [ [ 83.005857, 25.2771885 ], [ 83.0056256, 25.2772239 ], [ 83.0054952, 25.2772342 ], [ 83.005005, 25.2772575 ], [ 83.0045244, 25.2772867 ], [ 83.0039008, 25.2773638 ], [ 83.0035006, 25.2774568 ], [ 83.0029673, 25.277616 ], [ 83.0024538, 25.2777694 ] ] } },
{ "type": "Feature", "properties": { "highway": "trunk" }, "geometry": { "type": "LineString", "coordinates": [ [ 82.9820074, 25.3215533 ], [ 82.9813884, 25.3213598 ], [ 82.980157, 25.3208821 ], [ 82.9790524, 25.3204413 ] ] } },
{ "type": "Feature", "properties": { "highway": "primary" }, "geometry": { "type": "LineString", "coordinates": [ [ 82.9963784, 25.3325573 ], [ 82.995269, 25.3319657 ], [ 82.9945528, 25.33159 ], [ 82.9939288, 25.3312689 ], [ 82.9922878, 25.3304233 ], [ 82.9922221, 25.3303969 ], [ 82.9912203, 25.3299138 ], [ 82.9900635, 25.3292951 ], [ 82.989952, 25.3292153 ], [ 82.9897819, 25.3290935 ], [ 82.9896042, 25.3288965 ], [ 82.9894875, 25.3287026 ], [ 82.989375, 25.3284393 ], [ 82.9892835, 25.3281906 ], [ 82.9892079, 25.3280098 ], [ 82.9891348, 25.3278662 ], [ 82.9889476, 25.3276008 ], [ 82.9879545, 25.3263415 ] ] } },
{ "type": "Feature", "properties": { "highway": "trunk" }, "geometry": { "type": "LineString", "coordinates": [ [ 82.9788748, 25.3203989 ], [ 82.9789464, 25.3204588 ], [ 82.9790021, 25.320488 ], [ 82.9796894, 25.320765 ], [ 82.981097, 25.3213141 ], [ 82.9813565, 25.3214163 ], [ 82.9819835, 25.3216304 ] ] } },
{ "type": "Feature", "properties": { "highway": "trunk" }, "geometry": { "type": "LineString", "coordinates": [ [ 82.9944775, 25.3317718 ], [ 82.9963772, 25.332776 ], [ 82.9964703, 25.3328188 ], [ 82.9968247, 25.3329621 ], [ 82.9971841, 25.3330809 ], [ 82.9974443, 25.3331488 ], [ 82.9977903, 25.3332167 ], [ 82.998206, 25.3332191 ], [ 82.9986151, 25.3332227 ], [ 82.9987384, 25.3332324 ], [ 82.9988699, 25.3332591 ], [ 82.9991072, 25.333344 ], [ 82.9993473, 25.333447 ], [ 82.9994007, 25.3334701 ], [ 82.9995895, 25.3335519 ] ] } },
{ "type": "Feature", "properties": { "highway": "trunk" }, "geometry": { "type": "LineString", "coordinates": [ [ 82.9821122, 25.3216635 ], [ 82.9836011, 25.3220744 ], [ 82.9838125, 25.3221507 ], [ 82.9839858, 25.3222395 ], [ 82.9854168, 25.3231204 ], [ 82.9855506, 25.3232264 ], [ 82.9856432, 25.323318 ], [ 82.9857607, 25.323457 ], [ 82.9870081, 25.3252782 ], [ 82.9872238, 25.3255921 ], [ 82.9875471, 25.3260336 ], [ 82.9888462, 25.3277088 ], [ 82.9889263, 25.3278203 ], [ 82.9890252, 25.327972 ], [ 82.9891101, 25.3281418 ], [ 82.9891829, 25.3283261 ], [ 82.9893548, 25.3287335 ], [ 82.9894254, 25.3288798 ], [ 82.9895087, 25.3290173 ], [ 82.9896445, 25.3291638 ], [ 82.9898364, 25.3292925 ], [ 82.9902205, 25.3295188 ], [ 82.990419, 25.3296261 ], [ 82.9916882, 25.3303052 ], [ 82.9924066, 25.3306845 ], [ 82.9936058, 25.3313044 ], [ 82.9943491, 25.331697 ] ] } },
{ "type": "Feature", "properties": { "highway": "primary" }, "geometry": { "type": "LineString", "coordinates": [ [ 82.9575167, 25.2530328 ], [ 82.9581374, 25.2537487 ], [ 82.9583166, 25.2539533 ], [ 82.9583537, 25.2539972 ], [ 82.9587324, 25.2544485 ], [ 82.9589275, 25.2546773 ], [ 82.9592174, 25.2550185 ], [ 82.9598844, 25.2558065 ], [ 82.9599747, 25.2559043 ], [ 82.9603658, 25.256386 ], [ 82.9604054, 25.2564347 ], [ 82.9605167, 25.2565728 ], [ 82.9605778, 25.2566481 ], [ 82.9606943, 25.2567916 ], [ 82.9609376, 25.2570675 ], [ 82.9610026, 25.2571411 ], [ 82.9611924, 25.2573641 ], [ 82.9614601, 25.2576786 ], [ 82.9618811, 25.2581692 ], [ 82.9622532, 25.2586079 ], [ 82.9623814, 25.2587727 ], [ 82.9625763, 25.2590482 ], [ 82.9626082, 25.2590992 ], [ 82.9626717, 25.2592008 ], [ 82.9626802, 25.2592145 ], [ 82.9628496, 25.2594878 ], [ 82.9629657, 25.2596821 ], [ 82.96311, 25.2599284 ], [ 82.9631698, 25.2600286 ], [ 82.9632761, 25.2602214 ], [ 82.9636489, 25.2608961 ], [ 82.9640098, 25.2615494 ], [ 82.9643217, 25.2621005 ], [ 82.964373, 25.2621932 ], [ 82.9644184, 25.2622752 ], [ 82.9645294, 25.2624758 ], [ 82.9645939, 25.2625945 ], [ 82.9646908, 25.2627729 ], [ 82.9647047, 25.2627985 ], [ 82.9647462, 25.262881 ], [ 82.9647865, 25.2629948 ], [ 82.9648138, 25.2630259 ], [ 82.9649129, 25.2632343 ], [ 82.9649231, 25.2632562 ], [ 82.9649471, 25.2633079 ], [ 82.9650626, 25.2635676 ], [ 82.9653146, 25.2642016 ], [ 82.96558, 25.2649854 ], [ 82.9658873, 25.2660385 ], [ 82.9659361, 25.2662311 ], [ 82.9659637, 25.2663551 ], [ 82.9660382, 25.2666223 ], [ 82.9661393, 25.2669959 ], [ 82.9662454, 25.2673382 ], [ 82.9663113, 25.2675294 ], [ 82.9664317, 25.2678419 ], [ 82.9664811, 25.26796 ], [ 82.9666002, 25.26826 ], [ 82.9668913, 25.2688883 ], [ 82.9669293, 25.2689703 ], [ 82.9670186, 25.2691929 ], [ 82.967079, 25.2693954 ], [ 82.9671259, 25.2696258 ], [ 82.9671648, 25.2699436 ], [ 82.9671983, 25.2702456 ], [ 82.9672506, 25.2708422 ], [ 82.9672641, 25.2711454 ], [ 82.9672801, 25.2715214 ], [ 82.9672978, 25.2720065 ], [ 82.9673536, 25.2726528 ], [ 82.9673552, 25.2726711 ], [ 82.9673673, 25.2729464 ], [ 82.9673874, 25.273235 ], [ 82.9674076, 25.2736061 ], [ 82.9674411, 25.2740621 ], [ 82.9674813, 25.2745629 ], [ 82.9675108, 25.2748601 ], [ 82.9675516, 25.2755127 ], [ 82.9675578, 25.2756107 ], [ 82.9675712, 25.2759661 ], [ 82.9675832, 25.2762923 ], [ 82.9675765, 25.2766306 ], [ 82.9675631, 25.2768149 ], [ 82.9675417, 25.2770199 ], [ 82.967421, 25.2774698 ], [ 82.9673512, 25.2777184 ], [ 82.9672909, 25.2779658 ], [ 82.9672573, 25.2781465 ], [ 82.9672305, 25.278446 ], [ 82.9672265, 25.2786546 ], [ 82.9672399, 25.2788498 ], [ 82.9672922, 25.2793373 ], [ 82.9674055, 25.2802917 ], [ 82.9674172, 25.2804136 ], [ 82.9674708, 25.2808957 ], [ 82.9675124, 25.2813157 ], [ 82.9675524, 25.2816353 ], [ 82.9675879, 25.2818317 ], [ 82.9676597, 25.2820877 ], [ 82.9678032, 25.2824272 ], [ 82.967944, 25.2827291 ], [ 82.9680701, 25.283065 ], [ 82.9682055, 25.283424 ], [ 82.9683262, 25.2837611 ], [ 82.9684509, 25.2840934 ] ] } },
{ "type": "Feature", "properties": { "highway": "primary" }, "geometry": { "type": "LineString", "coordinates": [ [ 82.9698444, 25.2892422 ], [ 82.969869, 25.2893277 ], [ 82.9698863, 25.2893989 ] ] } },
{ "type": "Feature", "properties": { "highway": "tertiary" }, "geometry": { "type": "LineString", "coordinates": [ [ 82.9418445, 25.3332341 ], [ 82.9418895, 25.3336084 ], [ 82.9419089, 25.3337852 ], [ 82.9419138, 25.3338301 ], [ 82.9419898, 25.334284 ], [ 82.9420179, 25.3345167 ], [ 82.9420168, 25.3346526 ], [ 82.9420181, 25.3348229 ], [ 82.942023, 25.335114 ], [ 82.9420137, 25.3353438 ], [ 82.9420271, 25.335497 ], [ 82.9421024, 25.3357201 ], [ 82.9424045, 25.3363846 ], [ 82.9426291, 25.3368174 ], [ 82.9426643, 25.3369637 ], [ 82.9426625, 25.3371045 ], [ 82.9426555, 25.3373228 ], [ 82.9426929, 25.3375869 ], [ 82.9427466, 25.3377923 ], [ 82.9428469, 25.3380441 ], [ 82.9429863, 25.3384344 ], [ 82.9430188, 25.3385119 ], [ 82.9431739, 25.3388354 ], [ 82.9432596, 25.3390616 ], [ 82.9433309, 25.3393449 ], [ 82.9433393, 25.3393898 ], [ 82.9433995, 25.3396382 ], [ 82.9434153, 25.3397472 ], [ 82.9434181, 25.3398499 ], [ 82.9434155, 25.3401174 ], [ 82.943416, 25.3402703 ], [ 82.9434023, 25.3404856 ], [ 82.9433899, 25.3406215 ], [ 82.9433652, 25.3407684 ], [ 82.9433037, 25.341006 ], [ 82.9431084, 25.3417027 ], [ 82.9430929, 25.3417672 ], [ 82.9430249, 25.3420503 ], [ 82.9429912, 25.34223 ], [ 82.9429691, 25.3425615 ], [ 82.9429541, 25.3427873 ], [ 82.942942, 25.3430965 ], [ 82.9429413, 25.3432498 ], [ 82.9429652, 25.3433864 ], [ 82.9429949, 25.3435287 ], [ 82.9430729, 25.3438164 ], [ 82.9430941, 25.3439357 ], [ 82.9431481, 25.3442401 ], [ 82.9431689, 25.3443509 ], [ 82.9432354, 25.3447044 ], [ 82.9432934, 25.3450126 ], [ 82.9433938, 25.3456069 ], [ 82.9434613, 25.3461192 ], [ 82.9435339, 25.3466703 ], [ 82.9436268, 25.3473866 ], [ 82.9436296, 25.3474338 ], [ 82.943663, 25.3480047 ], [ 82.9436291, 25.3485282 ], [ 82.9436041, 25.3487354 ], [ 82.9436014, 25.3487595 ], [ 82.9435597, 25.3491363 ], [ 82.9435668, 25.3492444 ], [ 82.9435921, 25.3493158 ], [ 82.9436128, 25.3493662 ], [ 82.943686, 25.34953 ], [ 82.9438087, 25.3498042 ], [ 82.9439893, 25.3503768 ], [ 82.943997, 25.3504011 ], [ 82.9442249, 25.3510684 ], [ 82.9442863, 25.3513331 ], [ 82.9443025, 25.3513773 ], [ 82.94432, 25.3514057 ], [ 82.9443584, 25.3514478 ], [ 82.9444138, 25.3514886 ], [ 82.9444968, 25.3515359 ], [ 82.9445478, 25.3515438 ], [ 82.9445863, 25.3515436 ], [ 82.9446396, 25.3515386 ], [ 82.9448987, 25.351455 ], [ 82.9449798, 25.3514399 ], [ 82.9450554, 25.3514393 ], [ 82.9452722, 25.3514604 ], [ 82.9453754, 25.3514847 ], [ 82.9454557, 25.3515267 ], [ 82.9455156, 25.3515796 ], [ 82.945555, 25.3516362 ], [ 82.9457194, 25.3519397 ], [ 82.9457768, 25.3520074 ], [ 82.9458365, 25.3520456 ], [ 82.9460114, 25.3521065 ], [ 82.9462152, 25.3521603 ], [ 82.9464065, 25.3522109 ], [ 82.9464377, 25.3522253 ], [ 82.9465224, 25.3522643 ], [ 82.9466337, 25.3523431 ], [ 82.9467702, 25.3524576 ], [ 82.9469754, 25.3526447 ], [ 82.9470677, 25.3527323 ], [ 82.9471103, 25.3527727 ], [ 82.9473796, 25.3530583 ], [ 82.9474018, 25.3530762 ], [ 82.9474258, 25.3530955 ], [ 82.9474667, 25.3531182 ], [ 82.9476354, 25.3532178 ], [ 82.9476857, 25.3532521 ], [ 82.9477227, 25.3532828 ], [ 82.9479058, 25.3534597 ], [ 82.9480308, 25.3535877 ], [ 82.9480655, 25.3536285 ], [ 82.948086, 25.3536741 ], [ 82.9480788, 25.353722 ], [ 82.9480457, 25.353784 ], [ 82.946954, 25.3553718 ], [ 82.9463742, 25.3562152 ], [ 82.9461173, 25.3565937 ], [ 82.9452764, 25.357809 ], [ 82.9448664, 25.3584096 ], [ 82.9447215, 25.3586245 ], [ 82.9446754, 25.3586723 ], [ 82.9446206, 25.3587124 ], [ 82.9445601, 25.3587777 ], [ 82.9445281, 25.3588381 ], [ 82.9445319, 25.3588895 ], [ 82.9446433, 25.3591558 ] ] } },
{ "type": "Feature", "properties": { "highway": "tertiary" }, "geometry": { "type": "LineString", "coordinates": [ [ 82.9829737, 25.3526019 ], [ 82.9830126, 25.3526158 ], [ 82.9832233, 25.3526002 ], [ 82.9835133, 25.3525628 ], [ 82.9838308, 25.3525311 ], [ 82.9839155, 25.3525244 ], [ 82.9842005, 25.3524982 ], [ 82.9846875, 25.35242 ], [ 82.9848324, 25.3523953 ], [ 82.9849488, 25.352378 ], [ 82.9852729, 25.3523167 ], [ 82.9864188, 25.3520949 ], [ 82.9865656, 25.3520642 ], [ 82.9873286, 25.3519329 ], [ 82.9886662, 25.3516219 ], [ 82.9893013, 25.3514603 ], [ 82.9896932, 25.3513587 ], [ 82.9898705, 25.351302 ], [ 82.9900514, 25.3512348 ], [ 82.9903444, 25.3510959 ], [ 82.9905137, 25.3509779 ], [ 82.9906096, 25.3509 ], [ 82.9907056, 25.3508109 ], [ 82.9908075, 25.3506678 ], [ 82.9909867, 25.3503594 ], [ 82.9909762, 25.3502977 ] ] } },
{ "type": "Feature", "properties": { "highway": "tertiary" }, "geometry": { "type": "LineString", "coordinates": [ [ 82.9909762, 25.3502977 ], [ 82.9909947, 25.3502642 ], [ 82.9911481, 25.3499249 ], [ 82.9914258, 25.3497703 ], [ 82.9915214, 25.3497192 ], [ 82.9916601, 25.349623 ] ] } },
{ "type": "Feature", "properties": { "highway": "tertiary" }, "geometry": { "type": "LineString", "coordinates": [ [ 82.9909762, 25.3502977 ], [ 82.9909293, 25.3503297 ], [ 82.9908702, 25.350463 ], [ 82.9907763, 25.3506435 ], [ 82.990712, 25.3507429 ], [ 82.9906409, 25.3508277 ], [ 82.9906129, 25.3508499 ], [ 82.990468, 25.3509645 ], [ 82.9902522, 25.3510893 ], [ 82.990023, 25.3511971 ], [ 82.9898192, 25.351271 ], [ 82.9896074, 25.351328 ], [ 82.9893943, 25.3513752 ], [ 82.9892934, 25.3514004 ], [ 82.9884523, 25.3516317 ], [ 82.9872488, 25.3518857 ], [ 82.9869922, 25.3519256 ], [ 82.9865556, 25.3519912 ], [ 82.9861235, 25.3520742 ], [ 82.9852589, 25.3522535 ], [ 82.9849306, 25.3523128 ], [ 82.9846784, 25.3523686 ], [ 82.9845162, 25.3524001 ], [ 82.9842514, 25.3524426 ], [ 82.9841889, 25.3524526 ], [ 82.9839668, 25.3524732 ], [ 82.9838508, 25.352485 ], [ 82.9838251, 25.3524885 ], [ 82.9830073, 25.3525822 ], [ 82.9829737, 25.3526019 ] ] } },
{ "type": "Feature", "properties": { "highway": "primary" }, "geometry": { "type": "LineString", "coordinates": [ [ 82.9684509, 25.2840934 ], [ 82.9684912, 25.284211 ], [ 82.9685288, 25.2843214 ], [ 82.9685783, 25.2845808 ], [ 82.968628, 25.2848573 ], [ 82.9687178, 25.2854418 ], [ 82.9687715, 25.2857728 ], [ 82.9688479, 25.2861633 ], [ 82.9688814, 25.2863319 ], [ 82.968927, 25.2865259 ], [ 82.9689699, 25.2866774 ], [ 82.9692046, 25.2874074 ], [ 82.9693568, 25.2878276 ], [ 82.9697832, 25.2891482 ], [ 82.9698444, 25.2892422 ] ] } },
{ "type": "Feature", "properties": { "highway": "primary" }, "geometry": { "type": "LineString", "coordinates": [ [ 82.9698444, 25.2892422 ], [ 82.9698551, 25.2891463 ], [ 82.9697783, 25.2889129 ], [ 82.9695165, 25.2881175 ], [ 82.9694172, 25.2878156 ], [ 82.9693307, 25.2875529 ], [ 82.9692737, 25.2873892 ], [ 82.9690365, 25.2866642 ], [ 82.9689512, 25.2863137 ], [ 82.968923, 25.2861501 ], [ 82.9688492, 25.2857632 ], [ 82.9687946, 25.2854574 ], [ 82.9686923, 25.2847082 ], [ 82.9686575, 25.2845057 ], [ 82.968607, 25.2843013 ], [ 82.9685738, 25.2841968 ], [ 82.9685327, 25.2840558 ] ] } },
{ "type": "Feature", "properties": { "highway": "tertiary" }, "geometry": { "type": "LineString", "coordinates": [ [ 82.9810037, 25.2785915 ], [ 82.981056, 25.2786728 ] ] } },
{ "type": "Feature", "properties": { "highway": "tertiary" }, "geometry": { "type": "LineString", "coordinates": [ [ 82.981056, 25.2786728 ], [ 82.9816621, 25.2795602 ], [ 82.9818019, 25.2797485 ], [ 82.9819298, 25.2799314 ], [ 82.9820878, 25.280156 ], [ 82.9822395, 25.2804418 ], [ 82.9823258, 25.2805886 ], [ 82.9825605, 25.2809176 ], [ 82.9830158, 25.2813998 ], [ 82.9833859, 25.2817536 ], [ 82.9838087, 25.2821234 ], [ 82.9842268, 25.2825312 ] ] } },
{ "type": "Feature", "properties": { "highway": "secondary" }, "geometry": { "type": "LineString", "coordinates": [ [ 83.0255105, 25.2709788 ], [ 83.0255243, 25.2704696 ], [ 83.0255317, 25.2703787 ], [ 83.0255418, 25.2703247 ] ] } },
{ "type": "Feature", "properties": { "highway": "secondary" }, "geometry": { "type": "LineString", "coordinates": [ [ 83.0145027, 25.2709175 ], [ 83.0146332, 25.2707561 ], [ 83.0148263, 25.2705633 ], [ 83.0149671, 25.2704748 ], [ 83.0151873, 25.2703767 ] ] } },
{ "type": "Feature", "properties": { "highway": "tertiary" }, "geometry": { "type": "LineString", "coordinates": [ [ 82.9538436, 25.3560909 ], [ 82.9537626, 25.3560402 ], [ 82.9537323, 25.3560261 ], [ 82.9535794, 25.3559861 ], [ 82.9534453, 25.3559459 ], [ 82.9532386, 25.3558838 ], [ 82.9531557, 25.3558688 ], [ 82.9528885, 25.3558535 ], [ 82.9527943, 25.3558524 ], [ 82.9526151, 25.3558661 ], [ 82.9524979, 25.3558852 ], [ 82.9524112, 25.3559025 ], [ 82.9522321, 25.3559595 ], [ 82.9514536, 25.35625 ], [ 82.9510179, 25.3564147 ], [ 82.9509727, 25.3564318 ], [ 82.950696, 25.3565363 ], [ 82.9498333, 25.3568556 ], [ 82.9497921, 25.3568708 ], [ 82.9487273, 25.3573228 ], [ 82.948472, 25.3574335 ], [ 82.9481685, 25.3575651 ], [ 82.9473942, 25.3579009 ], [ 82.9472944, 25.3579433 ], [ 82.9465037, 25.3582791 ], [ 82.9463897, 25.3583275 ], [ 82.9457755, 25.358599 ], [ 82.9457292, 25.3586483 ] ] } },
{ "type": "Feature", "properties": { "highway": "tertiary" }, "geometry": { "type": "LineString", "coordinates": [ [ 82.9457292, 25.3586483 ], [ 82.9454954, 25.3587697 ], [ 82.9451998, 25.3589112 ], [ 82.945096, 25.358956 ], [ 82.9446433, 25.3591558 ], [ 82.9443732, 25.3592951 ], [ 82.9431807, 25.3598791 ], [ 82.941603, 25.3610605 ], [ 82.9414487, 25.3611905 ], [ 82.9412792, 25.3613183 ], [ 82.9409032, 25.3616178 ], [ 82.9406796, 25.3617959 ], [ 82.9405902, 25.3618671 ], [ 82.9401036, 25.3621205 ], [ 82.9399154, 25.3622001 ], [ 82.9394525, 25.3623449 ], [ 82.9393959, 25.3623626 ], [ 82.9393273, 25.3623812 ], [ 82.9392641, 25.3624046 ], [ 82.9392092, 25.3624434 ] ] } },
{ "type": "Feature", "properties": { "highway": "tertiary" }, "geometry": { "type": "LineString", "coordinates": [ [ 82.9457292, 25.3586483 ], [ 82.9457998, 25.3586424 ], [ 82.9460319, 25.358532 ], [ 82.9462723, 25.3584332 ], [ 82.9464624, 25.3583569 ], [ 82.9471226, 25.3580766 ], [ 82.9473226, 25.3579897 ], [ 82.9481803, 25.3576171 ], [ 82.9484937, 25.3574847 ], [ 82.9491447, 25.3572069 ], [ 82.9493737, 25.3571158 ], [ 82.9498571, 25.3569076 ], [ 82.9500045, 25.356849 ], [ 82.9503837, 25.3567135 ], [ 82.9509627, 25.3564861 ], [ 82.9510335, 25.3564588 ], [ 82.951058, 25.3564494 ], [ 82.9514716, 25.3562929 ], [ 82.9522147, 25.3560347 ], [ 82.952294, 25.3560096 ], [ 82.9524933, 25.3559465 ], [ 82.9526449, 25.3559185 ], [ 82.9528046, 25.3559109 ], [ 82.9530124, 25.3559134 ], [ 82.9531136, 25.3559194 ], [ 82.9532025, 25.3559328 ], [ 82.9534374, 25.3559946 ], [ 82.9536906, 25.3560852 ], [ 82.9537244, 25.356092 ], [ 82.9538436, 25.3560909 ] ] } },
{ "type": "Feature", "properties": { "highway": "tertiary" }, "geometry": { "type": "LineString", "coordinates": [ [ 83.0112891, 25.3139947 ], [ 83.0112773, 25.3143053 ], [ 83.0112856, 25.3144777 ], [ 83.0113156, 25.3146297 ], [ 83.0113563, 25.3147527 ], [ 83.0114152, 25.3149093 ], [ 83.0114744, 25.3150373 ], [ 83.0116099, 25.3153656 ], [ 83.011708, 25.3155689 ], [ 83.0118261, 25.3157551 ], [ 83.0119862, 25.3159598 ], [ 83.0121719, 25.3161522 ], [ 83.0123753, 25.3163629 ], [ 83.0124574, 25.3164629 ], [ 83.0124938, 25.3165316 ], [ 83.0125317, 25.3166259 ], [ 83.012569, 25.3167777 ], [ 83.0126176, 25.3171297 ], [ 83.0126414, 25.3172937 ], [ 83.0126631, 25.3174435 ], [ 83.0127031, 25.3178503 ], [ 83.0127115, 25.3179559 ], [ 83.0127198, 25.3180848 ], [ 83.0127224, 25.3182049 ], [ 83.012725, 25.3183296 ], [ 83.0127241, 25.318447 ], [ 83.0127211, 25.3185848 ], [ 83.0127152, 25.3187865 ] ] } },
{ "type": "Feature", "properties": { "highway": "tertiary" }, "geometry": { "type": "LineString", "coordinates": [ [ 83.0168412, 25.3213461 ], [ 83.0167924, 25.3215181 ], [ 83.0167784, 25.3217794 ], [ 83.0167626, 25.3219612 ], [ 83.0167351, 25.3224555 ], [ 83.0167343, 25.32247 ], [ 83.0167279, 25.3225639 ], [ 83.0166872, 25.3231578 ], [ 83.0166903, 25.3232687 ], [ 83.0166966, 25.3233625 ], [ 83.0167092, 25.3234648 ], [ 83.0167343, 25.3235984 ], [ 83.0169291, 25.3243904 ], [ 83.0169635, 25.3245303 ], [ 83.0170935, 25.325036 ], [ 83.0171034, 25.3250746 ], [ 83.0171508, 25.3252586 ], [ 83.0171926, 25.3254164 ], [ 83.0172205, 25.3255283 ], [ 83.0172554, 25.3256228 ], [ 83.0172669, 25.3256491 ], [ 83.017301, 25.3257275 ], [ 83.0173708, 25.3258551 ], [ 83.0174441, 25.3259643 ], [ 83.0174884, 25.3260303 ], [ 83.0175363, 25.3261169 ], [ 83.0175769, 25.32621 ], [ 83.017582, 25.3263138 ], [ 83.0175893, 25.3263722 ], [ 83.017606, 25.3264909 ], [ 83.0176691, 25.327231 ], [ 83.0176778, 25.3273058 ], [ 83.0177345, 25.3281542 ], [ 83.017749, 25.3284879 ], [ 83.0177628, 25.3288058 ], [ 83.0177628, 25.3295774 ], [ 83.0177193, 25.3304347 ], [ 83.0177217, 25.3307135 ], [ 83.0177242, 25.3308584 ], [ 83.0177341, 25.3309855 ], [ 83.0177633, 25.3311114 ], [ 83.0178062, 25.331166 ] ] } },
{ "type": "Feature", "properties": { "highway": "secondary" }, "geometry": { "type": "LineString", "coordinates": [ [ 83.0224752, 25.3210392 ], [ 83.0224383, 25.3209612 ], [ 83.0224071, 25.3208952 ], [ 83.022339, 25.3207513 ], [ 83.0222801, 25.3206351 ], [ 83.0221772, 25.3204895 ], [ 83.0220805, 25.3203709 ], [ 83.0219851, 25.3202905 ], [ 83.0218254, 25.3201944 ], [ 83.0216283, 25.3200964 ], [ 83.0215247, 25.3200513 ], [ 83.021469, 25.3200299 ], [ 83.0208486, 25.3198666 ], [ 83.0207259, 25.3198448 ], [ 83.0206115, 25.3198465 ], [ 83.0204911, 25.3198702 ], [ 83.020405, 25.3199128 ], [ 83.0202624, 25.3199919 ], [ 83.0201493, 25.3200471 ], [ 83.0200529, 25.3200685 ], [ 83.0199131, 25.320057 ] ] } },
{ "type": "Feature", "properties": { "highway": "secondary" }, "geometry": { "type": "LineString", "coordinates": [ [ 83.0199131, 25.320057 ], [ 83.0196919, 25.3199661 ], [ 83.0195175, 25.3198921 ], [ 83.0193802, 25.3198388 ], [ 83.0191165, 25.3197879 ], [ 83.0189127, 25.3197709 ], [ 83.0186792, 25.3197799 ], [ 83.0176923, 25.3198546 ], [ 83.0173074, 25.3198558 ], [ 83.0171062, 25.3198352 ], [ 83.0169105, 25.3197977 ], [ 83.0168422, 25.3197865 ], [ 83.0167857, 25.3197733 ], [ 83.0163219, 25.3196882 ], [ 83.0157547, 25.3195842 ], [ 83.0142585, 25.3191157 ], [ 83.0130139, 25.318812 ] ] } },
{ "type": "Feature", "properties": { "highway": "secondary" }, "geometry": { "type": "LineString", "coordinates": [ [ 83.0128526, 25.3187915 ], [ 83.0128346, 25.3188148 ], [ 83.0128253, 25.318842 ], [ 83.0128259, 25.3188705 ], [ 83.0128361, 25.3188974 ], [ 83.0128551, 25.3189201 ], [ 83.0128808, 25.3189365 ], [ 83.012911, 25.3189448 ], [ 83.0129425, 25.3189443 ], [ 83.0129722, 25.3189351 ], [ 83.0129986, 25.3189163 ] ] } },
{ "type": "Feature", "properties": { "highway": "tertiary" }, "geometry": { "type": "LineString", "coordinates": [ [ 83.0436532, 25.2675115 ], [ 83.0436879, 25.2674964 ], [ 83.0437083, 25.2674876 ], [ 83.0437609, 25.2674537 ], [ 83.043784, 25.2674417 ], [ 83.0438143, 25.267433 ], [ 83.0438754, 25.2674296 ], [ 83.0439908, 25.267438 ], [ 83.0440579, 25.2674478 ], [ 83.0442227, 25.2674991 ], [ 83.0444311, 25.2675866 ], [ 83.0446825, 25.2677056 ], [ 83.044804, 25.2677503 ], [ 83.0449321, 25.2677871 ], [ 83.0450834, 25.2678114 ], [ 83.0452762, 25.2678297 ], [ 83.0457956, 25.2678761 ], [ 83.0459207, 25.2678918 ], [ 83.0461779, 25.2679078 ], [ 83.0467044, 25.26798 ], [ 83.0469966, 25.2680232 ], [ 83.0473872, 25.2681033 ], [ 83.0474608, 25.2681082 ], [ 83.0482373, 25.2681175 ], [ 83.0483727, 25.2681252 ], [ 83.0485289, 25.2681342 ], [ 83.0486082, 25.2681387 ], [ 83.0488253, 25.2681511 ], [ 83.0491053, 25.2681682 ], [ 83.0496109, 25.2682491 ], [ 83.0499111, 25.268302 ], [ 83.0500598, 25.2683536 ], [ 83.0502425, 25.2684346 ], [ 83.0503097, 25.2684527 ], [ 83.0506805, 25.2685525 ], [ 83.0507772, 25.2685657 ], [ 83.0512038, 25.2685762 ], [ 83.051582, 25.2686122 ], [ 83.0516178, 25.2686156 ], [ 83.0518814, 25.268647 ], [ 83.0521218, 25.268681 ], [ 83.0525986, 25.2686186 ], [ 83.0529939, 25.2685773 ], [ 83.0534211, 25.268501 ], [ 83.053446, 25.2685 ], [ 83.0539853, 25.2684792 ], [ 83.054377, 25.2684449 ], [ 83.0545954, 25.2684179 ], [ 83.0548194, 25.2684268 ], [ 83.0549731, 25.2684728 ], [ 83.0553978, 25.2685814 ], [ 83.055591, 25.2686397 ], [ 83.0556737, 25.2686805 ], [ 83.0557601, 25.2687292 ], [ 83.0558984, 25.2689061 ], [ 83.0559532, 25.2689645 ], [ 83.0560378, 25.2689904 ], [ 83.0561237, 25.2690007 ], [ 83.0562069, 25.2689933 ], [ 83.0563517, 25.2689713 ], [ 83.0567943, 25.268814 ], [ 83.0570037, 25.2687396 ], [ 83.0571044, 25.2687149 ], [ 83.0573938, 25.2687036 ], [ 83.0574666, 25.2686916 ], [ 83.0579881, 25.2686166 ], [ 83.0582015, 25.2685881 ], [ 83.058273, 25.2685996 ], [ 83.0584195, 25.2686053 ], [ 83.0588475, 25.268599 ], [ 83.0593661, 25.268508 ], [ 83.0598028, 25.2685411 ], [ 83.0598674, 25.2685557 ], [ 83.0599949, 25.2685471 ], [ 83.0603046, 25.2685261 ], [ 83.0604701, 25.2684779 ], [ 83.0605271, 25.2684573 ], [ 83.0605622, 25.2684274 ], [ 83.0606262, 25.2683511 ], [ 83.0607204, 25.2682388 ], [ 83.0610245, 25.2680364 ], [ 83.0612051, 25.2679273 ], [ 83.0612869, 25.2678703 ], [ 83.0613579, 25.2678081 ], [ 83.0615629, 25.2675994 ], [ 83.0616691, 25.2674907 ], [ 83.0617551, 25.2673954 ], [ 83.0618947, 25.2672225 ], [ 83.0620727, 25.2670564 ], [ 83.0623599, 25.26682 ], [ 83.0624906, 25.2667513 ], [ 83.0626001, 25.2666937 ], [ 83.062738, 25.2666594 ], [ 83.0628619, 25.2666479 ], [ 83.0629011, 25.2666547 ], [ 83.063077, 25.2666849 ], [ 83.063204, 25.2667346 ], [ 83.0633329, 25.2668071 ], [ 83.0634212, 25.2668789 ], [ 83.0635007, 25.2669933 ], [ 83.0636783, 25.267228 ], [ 83.0638816, 25.2674842 ], [ 83.0640856, 25.26762 ], [ 83.0641964, 25.2676466 ], [ 83.06431, 25.2676534 ], [ 83.0646435, 25.2676206 ], [ 83.0649807, 25.2675684 ], [ 83.0650824, 25.2675444 ], [ 83.0654228, 25.2674642 ], [ 83.0658434, 25.2674135 ], [ 83.0661624, 25.2674021 ], [ 83.0666088, 25.267429 ], [ 83.0668236, 25.2674525 ], [ 83.0670533, 25.2674614 ], [ 83.0672512, 25.2674471 ], [ 83.0677991, 25.2673784 ], [ 83.0682031, 25.2673758 ], [ 83.068333, 25.2673852 ], [ 83.068453, 25.2674105 ], [ 83.0685282, 25.267444 ], [ 83.0685954, 25.2674825 ], [ 83.0686816, 25.2675476 ], [ 83.0687709, 25.2675884 ], [ 83.0688659, 25.2675999 ], [ 83.0689265, 25.2675932 ], [ 83.0689854, 25.2675749 ], [ 83.0692208, 25.2674878 ], [ 83.0694547, 25.2674012 ], [ 83.0694859, 25.2673897 ], [ 83.0695936, 25.2673498 ], [ 83.0702032, 25.2672264 ], [ 83.0705278, 25.2671736 ], [ 83.0708411, 25.2670972 ], [ 83.0721359, 25.2667864 ], [ 83.0730547, 25.2666032 ], [ 83.0736042, 25.2665426 ], [ 83.0744091, 25.266416 ], [ 83.0751463, 25.2663 ], [ 83.0759777, 25.26614 ], [ 83.0767232, 25.2660236 ], [ 83.0770503, 25.2660152 ], [ 83.0773734, 25.2659946 ], [ 83.0779581, 25.2660278 ], [ 83.0784094, 25.2661361 ], [ 83.078868, 25.2661965 ], [ 83.0792857, 25.2662296 ], [ 83.0799614, 25.2662891 ], [ 83.0808452, 25.2662554 ] ] } },
{ "type": "Feature", "properties": { "highway": "tertiary" }, "geometry": { "type": "LineString", "coordinates": [ [ 82.9804436, 25.3481218 ], [ 82.9804623, 25.3481851 ], [ 82.9804741, 25.3482085 ], [ 82.9804859, 25.3482231 ], [ 82.9809809, 25.34867 ], [ 82.980995, 25.3486828 ], [ 82.9812169, 25.3488911 ], [ 82.9813255, 25.348993 ], [ 82.9813628, 25.3490373 ], [ 82.9814002, 25.3490816 ], [ 82.9814309, 25.3491402 ], [ 82.9814565, 25.3492202 ], [ 82.981469, 25.3493104 ], [ 82.9814831, 25.349586 ], [ 82.9815115, 25.3500209 ], [ 82.9815156, 25.350084 ], [ 82.9815239, 25.3502116 ], [ 82.9815615, 25.3507366 ], [ 82.981565, 25.3507848 ], [ 82.9816178, 25.3511632 ], [ 82.9816297, 25.3512484 ], [ 82.9817712, 25.3519359 ], [ 82.981837, 25.3521906 ], [ 82.9819496, 25.3526079 ], [ 82.9819547, 25.352626 ], [ 82.9819827, 25.352728 ] ] } },
{ "type": "Feature", "properties": { "highway": "tertiary" }, "geometry": { "type": "LineString", "coordinates": [ [ 82.9812169, 25.3488911 ], [ 82.9812579, 25.3488534 ] ] } },
{ "type": "Feature", "properties": { "highway": "tertiary" }, "geometry": { "type": "LineString", "coordinates": [ [ 82.9815156, 25.350084 ], [ 82.9815712, 25.3500806 ] ] } },
{ "type": "Feature", "properties": { "highway": "tertiary" }, "geometry": { "type": "LineString", "coordinates": [ [ 82.9820286, 25.3527227 ], [ 82.9820084, 25.3526276 ], [ 82.9820028, 25.3526039 ], [ 82.9818488, 25.3519139 ], [ 82.9816744, 25.3511575 ], [ 82.9816159, 25.3507307 ], [ 82.9815712, 25.3500806 ], [ 82.9815658, 25.3500025 ], [ 82.9815079, 25.34926 ], [ 82.981487, 25.3491559 ], [ 82.9814591, 25.3490789 ], [ 82.9814184, 25.3490141 ], [ 82.9813606, 25.3489429 ], [ 82.9812579, 25.3488534 ], [ 82.9810168, 25.3486434 ], [ 82.9805263, 25.3481744 ], [ 82.9805074, 25.3481585 ], [ 82.9804436, 25.3481218 ] ] } },
{ "type": "Feature", "properties": { "highway": "tertiary" }, "geometry": { "type": "LineString", "coordinates": [ [ 82.9804436, 25.3481218 ], [ 82.9803359, 25.348078 ] ] } },
{ "type": "Feature", "properties": { "highway": "primary" }, "geometry": { "type": "LineString", "coordinates": [ [ 83.0298816, 25.2662428 ], [ 83.0299701, 25.2668765 ], [ 83.0300769, 25.2675929 ], [ 83.0301113, 25.2678677 ], [ 83.0301268, 25.2679988 ], [ 83.0301585, 25.2683208 ], [ 83.0302423, 25.2691743 ], [ 83.030301, 25.2698218 ], [ 83.0303699, 25.2704678 ], [ 83.030446, 25.2711145 ], [ 83.0305211, 25.271766 ], [ 83.0305958, 25.2723852 ], [ 83.0306728, 25.272967 ], [ 83.0307351, 25.2735256 ], [ 83.0307667, 25.2737841 ], [ 83.0308427, 25.2743015 ], [ 83.0308486, 25.2743628 ], [ 83.0309105, 25.2748675 ], [ 83.0309614, 25.2753641 ], [ 83.0310832, 25.2764213 ], [ 83.0310893, 25.2764749 ], [ 83.0310975, 25.2765344 ], [ 83.0311117, 25.2766552 ], [ 83.0312119, 25.2774372 ], [ 83.0312489, 25.2777131 ], [ 83.0312796, 25.2779536 ], [ 83.0313773, 25.2786798 ], [ 83.0314518, 25.2792794 ], [ 83.0314621, 25.2794283 ], [ 83.0314627, 25.2795271 ], [ 83.0314554, 25.2796303 ], [ 83.0314285, 25.2797339 ], [ 83.0313957, 25.279827 ], [ 83.0313018, 25.2800528 ], [ 83.0312254, 25.2802238 ], [ 83.031149, 25.2804002 ], [ 83.0310604, 25.2805694 ], [ 83.0309829, 25.2807396 ], [ 83.0309571, 25.2808689 ], [ 83.0309452, 25.281006 ], [ 83.0309451, 25.2812012 ], [ 83.0309645, 25.2813816 ], [ 83.031023, 25.2816258 ], [ 83.0312117, 25.2821696 ], [ 83.0315289, 25.2830252 ], [ 83.0315598, 25.2831128 ], [ 83.0319778, 25.2842871 ], [ 83.0320457, 25.2844863 ], [ 83.032122, 25.2847106 ], [ 83.0324747, 25.2857462 ], [ 83.0325236, 25.2858989 ], [ 83.0326454, 25.2862408 ], [ 83.0329633, 25.2871595 ], [ 83.0331767, 25.2877664 ], [ 83.0333192, 25.2881726 ], [ 83.0333961, 25.2883705 ], [ 83.0335015, 25.2886417 ], [ 83.0336624, 25.2891158 ], [ 83.0338848, 25.289738 ], [ 83.0340347, 25.2901648 ], [ 83.0340866, 25.2903125 ], [ 83.0340945, 25.2903353 ], [ 83.0342992, 25.2909239 ], [ 83.0344574, 25.2913956 ], [ 83.0346319, 25.2919015 ], [ 83.0348546, 25.2925072 ], [ 83.0349444, 25.2927189 ], [ 83.0350354, 25.2928955 ], [ 83.0353994, 25.293563 ], [ 83.0357248, 25.2941723 ], [ 83.0360667, 25.2947883 ], [ 83.0363055, 25.2952357 ], [ 83.0365277, 25.2956532 ], [ 83.0367772, 25.2961322 ], [ 83.0371007, 25.2967671 ], [ 83.0373455, 25.2972167 ], [ 83.0374575, 25.2974206 ], [ 83.0375969, 25.2976329 ], [ 83.0377901, 25.2979117 ], [ 83.0380903, 25.2983369 ], [ 83.0386229, 25.2990635 ], [ 83.0392416, 25.2999728 ], [ 83.0395711, 25.3004918 ], [ 83.0399264, 25.3010393 ], [ 83.0409443, 25.3025983 ], [ 83.0416122, 25.303529 ], [ 83.04193, 25.3039958 ], [ 83.0423418, 25.3046166 ], [ 83.0441925, 25.30741 ], [ 83.0446109, 25.3080295 ], [ 83.0447933, 25.3082756 ], [ 83.0449234, 25.3084235 ], [ 83.0450615, 25.3085617 ], [ 83.0451956, 25.3087012 ], [ 83.0453217, 25.3088563 ], [ 83.0454156, 25.3090164 ], [ 83.0454907, 25.309197 ], [ 83.045543, 25.309391 ], [ 83.0455899, 25.3096007 ], [ 83.0456355, 25.3097644 ], [ 83.0457133, 25.3099426 ], [ 83.0458193, 25.3101221 ], [ 83.0459909, 25.3103912 ], [ 83.0461867, 25.3106713 ], [ 83.0466883, 25.3113623 ], [ 83.0471845, 25.312017 ], [ 83.0472945, 25.3121709 ], [ 83.0473883, 25.3123104 ], [ 83.0474722, 25.3124516 ], [ 83.0475459, 25.3126104 ], [ 83.0476096, 25.3127577 ], [ 83.0477718, 25.3131676 ] ] } },
{ "type": "Feature", "properties": { "highway": "tertiary" }, "geometry": { "type": "LineString", "coordinates": [ [ 82.9991697, 25.2880567 ], [ 82.9990496, 25.2877683 ], [ 82.9990192, 25.2876923 ], [ 82.9989842, 25.2876437 ], [ 82.9989336, 25.2876122 ], [ 82.9988885, 25.2876015 ], [ 82.9988488, 25.2875972 ], [ 82.998795, 25.2876015 ], [ 82.9981421, 25.2877491 ], [ 82.9972555, 25.2879883 ], [ 82.9966165, 25.2881603 ], [ 82.996284, 25.2882539 ], [ 82.9956357, 25.2884312 ], [ 82.9952261, 25.288539 ], [ 82.9951358, 25.2885628 ], [ 82.995066, 25.2885832 ], [ 82.9950161, 25.2886225 ] ] } },
{ "type": "Feature", "properties": { "highway": "tertiary" }, "geometry": { "type": "LineString", "coordinates": [ [ 82.9950161, 25.2886225 ], [ 82.9950811, 25.2886414 ], [ 82.9951555, 25.2886265 ], [ 82.9952456, 25.2886034 ], [ 82.9956539, 25.2884986 ], [ 82.9963019, 25.2883306 ], [ 82.9966452, 25.2882412 ], [ 82.9972893, 25.2880716 ], [ 82.9981746, 25.2878331 ], [ 82.9987899, 25.28768 ], [ 82.9988516, 25.2876735 ], [ 82.9989101, 25.2876862 ], [ 82.9989497, 25.2877333 ], [ 82.9989858, 25.2877942 ], [ 82.9991209, 25.2881373 ] ] } },
{ "type": "Feature", "properties": { "highway": "primary" }, "geometry": { "type": "LineString", "coordinates": [ [ 82.9946225, 25.2788492 ], [ 82.9949544, 25.2789248 ], [ 82.9951805, 25.2789705 ], [ 82.9952559, 25.2789858 ], [ 82.9956218, 25.2790648 ], [ 82.9958881, 25.2790979 ], [ 82.9959582, 25.2790947 ], [ 82.996132, 25.2790869 ], [ 82.9964064, 25.2790446 ], [ 82.9968385, 25.2789826 ], [ 82.9971748, 25.2789343 ], [ 82.997502, 25.2789086 ], [ 82.9978131, 25.2788976 ], [ 82.9981668, 25.2789086 ], [ 82.9984351, 25.278916 ], [ 82.9987359, 25.2789159 ], [ 82.9988474, 25.2788977 ], [ 82.998902, 25.2788832 ], [ 82.998952, 25.2788623 ], [ 82.9990814, 25.2787542 ], [ 82.9991608, 25.2787138 ], [ 82.9992482, 25.2786862 ], [ 82.9994171, 25.2786656 ], [ 82.999849, 25.2786117 ], [ 83.0006517, 25.2784882 ], [ 83.0011549, 25.2781918 ], [ 83.0022238, 25.2779585 ] ] } },
{ "type": "Feature", "properties": { "highway": "primary" }, "geometry": { "type": "LineString", "coordinates": [ [ 82.9944758, 25.2787947 ], [ 82.9936139, 25.2791301 ], [ 82.9935536, 25.2791572 ], [ 82.9926865, 25.279546 ], [ 82.9923648, 25.2796947 ], [ 82.9914991, 25.280084 ], [ 82.9910635, 25.2802592 ], [ 82.9907735, 25.2803239 ], [ 82.9904892, 25.2803356 ], [ 82.990149, 25.280309 ], [ 82.9898372, 25.2802534 ], [ 82.989505, 25.2802066 ], [ 82.9880132, 25.2799964 ], [ 82.9876088, 25.2799726 ], [ 82.9872745, 25.2799678 ], [ 82.9869687, 25.2800039 ], [ 82.9868443, 25.2800407 ], [ 82.9867593, 25.2800659 ], [ 82.9865135, 25.2802022 ], [ 82.9863643, 25.2803517 ], [ 82.9860105, 25.2807681 ] ] } },
{ "type": "Feature", "properties": { "highway": "primary" }, "geometry": { "type": "LineString", "coordinates": [ [ 82.9945934, 25.2787247 ], [ 82.994567, 25.2787191 ], [ 82.9945399, 25.2787213 ], [ 82.994515, 25.2787312 ], [ 82.9944947, 25.2787476 ], [ 82.9944812, 25.2787689 ], [ 82.9944758, 25.2787947 ], [ 82.9944803, 25.2788206 ], [ 82.9944941, 25.2788436 ], [ 82.9945156, 25.2788612 ], [ 82.9945425, 25.2788712 ], [ 82.9945714, 25.2788724 ], [ 82.9945992, 25.2788648 ], [ 82.9946225, 25.2788492 ], [ 82.9946387, 25.2788275 ], [ 82.9946457, 25.2788038 ], [ 82.9946441, 25.2787792 ], [ 82.9946341, 25.2787564 ], [ 82.9946166, 25.2787376 ], [ 82.9945934, 25.2787247 ] ] } },
{ "type": "Feature", "properties": { "highway": "tertiary" }, "geometry": { "type": "LineString", "coordinates": [ [ 82.9662544, 25.3414453 ], [ 82.966279, 25.3413464 ], [ 82.9663849, 25.3408423 ], [ 82.9664819, 25.3404282 ], [ 82.9665815, 25.3400012 ], [ 82.9666265, 25.3397714 ], [ 82.9666447, 25.339686 ], [ 82.9666358, 25.3395807 ], [ 82.9666029, 25.3391223 ], [ 82.9665806, 25.3387798 ], [ 82.9665388, 25.3384027 ], [ 82.9664774, 25.3379339 ], [ 82.9664367, 25.3376218 ], [ 82.9664098, 25.3372874 ], [ 82.9663911, 25.3369127 ], [ 82.9663582, 25.3365339 ], [ 82.9663262, 25.3360531 ], [ 82.9663022, 25.3357169 ], [ 82.9662755, 25.3353559 ], [ 82.9662417, 25.3349466 ], [ 82.9662078, 25.3345928 ], [ 82.9661743, 25.3341131 ], [ 82.9661554, 25.3336978 ], [ 82.9661429, 25.3333384 ], [ 82.9661091, 25.3327843 ], [ 82.966086, 25.3323436 ], [ 82.9660691, 25.3319761 ], [ 82.9660584, 25.3318258 ] ] } },
{ "type": "Feature", "properties": { "highway": "tertiary" }, "geometry": { "type": "LineString", "coordinates": [ [ 82.9662955, 25.3408289 ], [ 82.9662125, 25.3412115 ], [ 82.9661614, 25.3414238 ] ] } },
{ "type": "Feature", "properties": { "highway": "tertiary" }, "geometry": { "type": "LineString", "coordinates": [ [ 82.9661614, 25.3414238 ], [ 82.9659381, 25.3425092 ] ] } },
{ "type": "Feature", "properties": { "highway": "tertiary" }, "geometry": { "type": "LineString", "coordinates": [ [ 82.9752734, 25.3425856 ], [ 82.9750837, 25.3425659 ], [ 82.9749558, 25.3425751 ], [ 82.9747184, 25.3426134 ], [ 82.9739608, 25.3427356 ], [ 82.9735889, 25.3428127 ], [ 82.9734539, 25.3428533 ], [ 82.9733617, 25.3428962 ], [ 82.9732321, 25.3429675 ], [ 82.9731984, 25.3429914 ], [ 82.9730328, 25.3431091 ], [ 82.9729196, 25.3432023 ], [ 82.9728764, 25.3432577 ], [ 82.9726742, 25.3436404 ], [ 82.9726519, 25.3436861 ], [ 82.9726089, 25.3438245 ] ] } },
{ "type": "Feature", "properties": { "highway": "tertiary" }, "geometry": { "type": "LineString", "coordinates": [ [ 82.9752734, 25.3425856 ], [ 82.9754988, 25.3425364 ], [ 82.9757862, 25.3424989 ], [ 82.9758556, 25.3424953 ], [ 82.9759224, 25.3424989 ], [ 82.9759785, 25.3425137 ], [ 82.9760186, 25.3425286 ], [ 82.9762699, 25.3426958 ], [ 82.976367, 25.3427554 ], [ 82.9764596, 25.342805 ] ] } },
{ "type": "Feature", "properties": { "highway": "tertiary" }, "geometry": { "type": "LineString", "coordinates": [ [ 82.9726089, 25.3438245 ], [ 82.9726981, 25.3437474 ], [ 82.9727219, 25.3437182 ], [ 82.9727767, 25.3436223 ], [ 82.9730011, 25.3432542 ], [ 82.9730707, 25.3431937 ], [ 82.9731262, 25.3431501 ], [ 82.9734925, 25.3429333 ], [ 82.9736103, 25.3428815 ], [ 82.974014, 25.3427927 ], [ 82.975076, 25.34265 ], [ 82.9752734, 25.3425856 ] ] } },
{ "type": "Feature", "properties": { "highway": "tertiary" }, "geometry": { "type": "LineString", "coordinates": [ [ 82.9778149, 25.3426479 ], [ 82.9777199, 25.3426272 ], [ 82.977691, 25.3426267 ], [ 82.9776076, 25.3426354 ], [ 82.9770794, 25.3427232 ], [ 82.9765916, 25.342772 ], [ 82.9764596, 25.342805 ] ] } },
{ "type": "Feature", "properties": { "highway": "tertiary" }, "geometry": { "type": "LineString", "coordinates": [ [ 82.9764596, 25.342805 ], [ 82.9765151, 25.3428284 ], [ 82.9765545, 25.3428386 ], [ 82.9765997, 25.3428462 ], [ 82.9767483, 25.3428421 ], [ 82.9769193, 25.3428201 ], [ 82.9776442, 25.3427119 ], [ 82.9776918, 25.3427011 ], [ 82.9778149, 25.3426479 ] ] } },
{ "type": "Feature", "properties": { "highway": "tertiary" }, "geometry": { "type": "LineString", "coordinates": [ [ 82.9778149, 25.3426479 ], [ 82.9778973, 25.3426397 ], [ 82.9783594, 25.3425381 ] ] } },
{ "type": "Feature", "properties": { "highway": "tertiary" }, "geometry": { "type": "LineString", "coordinates": [ [ 82.9726105, 25.3413173 ], [ 82.9725054, 25.3412162 ], [ 82.9724855, 25.3411821 ], [ 82.9724852, 25.3411392 ], [ 82.972513, 25.3410952 ], [ 82.9725507, 25.3410467 ], [ 82.9727474, 25.340893 ], [ 82.9731552, 25.3406259 ], [ 82.9734722, 25.3404034 ], [ 82.9739493, 25.3400056 ], [ 82.9744771, 25.3395522 ], [ 82.9748603, 25.3392226 ], [ 82.9752, 25.3388917 ], [ 82.9752782, 25.3388267 ], [ 82.9755065, 25.3386795 ], [ 82.9755665, 25.338648 ], [ 82.9756266, 25.3386311 ], [ 82.9757468, 25.338612 ], [ 82.9758972, 25.3385951 ], [ 82.9759591, 25.338594 ], [ 82.9760295, 25.338599 ], [ 82.9761541, 25.3386272 ], [ 82.976236, 25.3386536 ], [ 82.9769361, 25.3389147 ], [ 82.9784596, 25.339385 ], [ 82.9786172, 25.3394483 ], [ 82.9789978, 25.3396281 ], [ 82.9797548, 25.3399957 ], [ 82.980135, 25.3401803 ], [ 82.9802374, 25.3402354 ], [ 82.9808383, 25.3404839 ], [ 82.9821298, 25.3410111 ], [ 82.9823374, 25.3410768 ], [ 82.9828125, 25.3412273 ], [ 82.9829814, 25.3412731 ], [ 82.9831539, 25.3413125 ], [ 82.9834029, 25.3413639 ], [ 82.9837583, 25.3414153 ], [ 82.9837904, 25.3414171 ], [ 82.9840118, 25.3414298 ], [ 82.9842317, 25.341425 ], [ 82.984504, 25.3413717 ], [ 82.9855546, 25.3411568 ], [ 82.9857069, 25.3411256 ], [ 82.9860248, 25.3410771 ], [ 82.9864928, 25.3410359 ], [ 82.9874651, 25.3409874 ], [ 82.9882242, 25.3409862 ], [ 82.9887807, 25.3410117 ], [ 82.989576, 25.3410274 ], [ 82.989855, 25.3410274 ], [ 82.9900092, 25.3410153 ], [ 82.9901379, 25.3409826 ], [ 82.9902828, 25.3409268 ], [ 82.9905054, 25.3407874 ], [ 82.9906274, 25.340699 ], [ 82.9907066, 25.3406178 ], [ 82.9907656, 25.3405317 ], [ 82.9908085, 25.3404299 ], [ 82.9909439, 25.339979 ], [ 82.9910105, 25.3397058 ], [ 82.9911451, 25.3391536 ], [ 82.9911599, 25.3390687 ], [ 82.9911733, 25.3389184 ], [ 82.9912202, 25.3385754 ], [ 82.9913731, 25.3377694 ], [ 82.9915059, 25.3371161 ], [ 82.9915676, 25.3369015 ], [ 82.9916212, 25.3367476 ], [ 82.9917137, 25.3365585 ], [ 82.9919565, 25.336133 ], [ 82.9921643, 25.33579 ], [ 82.9922998, 25.3356021 ], [ 82.9924567, 25.335447 ], [ 82.9926082, 25.3353234 ], [ 82.9927477, 25.3352337 ], [ 82.9928993, 25.3351658 ], [ 82.9932157, 25.3350538 ], [ 82.9933512, 25.3350058 ], [ 82.9937334, 25.3349161 ], [ 82.9938877, 25.3348943 ], [ 82.9940794, 25.3348821 ], [ 82.9944536, 25.3348882 ], [ 82.9951671, 25.3349464 ], [ 82.9954809, 25.3349991 ], [ 82.9961247, 25.335058 ], [ 82.9966101, 25.3350979 ], [ 82.9968703, 25.3351234 ], [ 82.9970781, 25.3351561 ], [ 82.997286, 25.3352009 ], [ 82.9976267, 25.335304 ], [ 82.9982825, 25.3355185 ], [ 82.9989932, 25.3357318 ], [ 82.999173, 25.3357924 ], [ 82.9993004, 25.3358603 ], [ 82.9993862, 25.3359452 ], [ 82.999464, 25.3360688 ], [ 82.9995659, 25.3363427 ], [ 82.9997429, 25.3369185 ], [ 82.9997489, 25.3369575 ], [ 82.9998019, 25.3373039 ], [ 82.9998757, 25.3378518 ], [ 82.9999401, 25.3382385 ], [ 83.0000165, 25.3387924 ], [ 83.0000983, 25.3392845 ], [ 83.0001868, 25.3397572 ], [ 83.0002351, 25.3399693 ], [ 83.0003022, 25.3402505 ], [ 83.0003665, 25.3404566 ], [ 83.0004605, 25.3407959 ], [ 83.0005248, 25.3410277 ], [ 83.0005623, 25.3411632 ], [ 83.0007112, 25.3417886 ], [ 83.0008011, 25.3420953 ], [ 83.0009325, 25.3424916 ], [ 83.0010813, 25.3428649 ], [ 83.0011819, 25.3430613 ], [ 83.0012758, 25.3431982 ], [ 83.001359, 25.3432867 ], [ 83.0015185, 25.3434067 ], [ 83.0016768, 25.3434903 ], [ 83.0018619, 25.3435618 ], [ 83.0020121, 25.3435921 ], [ 83.0020392, 25.3435898 ] ] } },
{ "type": "Feature", "properties": { "highway": "tertiary" }, "geometry": { "type": "LineString", "coordinates": [ [ 82.9693568, 25.3466257 ], [ 82.9691694, 25.3467099 ], [ 82.9691284, 25.3467358 ], [ 82.9683527, 25.3474869 ], [ 82.9676719, 25.3480864 ], [ 82.9674208, 25.3483363 ], [ 82.9673247, 25.3484349 ], [ 82.9670719, 25.3486572 ], [ 82.9667193, 25.3490131 ], [ 82.965998, 25.3497893 ], [ 82.9658039, 25.3499695 ], [ 82.9657605, 25.3500053 ], [ 82.9656966, 25.3500374 ], [ 82.9649347, 25.3503478 ], [ 82.9647977, 25.3504025 ], [ 82.9644226, 25.3505522 ], [ 82.9642666, 25.3506145 ], [ 82.9633867, 25.3508836 ], [ 82.9629104, 25.3509924 ], [ 82.9628395, 25.3510049 ], [ 82.9627702, 25.3510328 ], [ 82.9627443, 25.3510595 ], [ 82.9627255, 25.3510968 ], [ 82.9627024, 25.3512207 ], [ 82.9626798, 25.3517507 ], [ 82.9626812, 25.3518171 ], [ 82.9626759, 25.3518917 ], [ 82.9626764, 25.3519271 ], [ 82.96268, 25.3521631 ], [ 82.9626853, 25.3522217 ], [ 82.9627056, 25.3524445 ], [ 82.9627348, 25.3527052 ], [ 82.962741, 25.3528331 ], [ 82.9627393, 25.3529139 ], [ 82.9627393, 25.3529205 ], [ 82.9627393, 25.3532513 ], [ 82.9627389, 25.3532998 ], [ 82.9627366, 25.3536535 ], [ 82.9627295, 25.3539757 ], [ 82.962741, 25.3543139 ], [ 82.9627482, 25.3544301 ], [ 82.9627536, 25.3544962 ] ] } },
{ "type": "Feature", "properties": { "highway": "tertiary" }, "geometry": { "type": "LineString", "coordinates": [ [ 82.9627609, 25.3518725 ], [ 82.9627683, 25.3517872 ], [ 82.9627747, 25.3517493 ], [ 82.9628051, 25.3512122 ], [ 82.9628283, 25.351154 ], [ 82.9628611, 25.3511208 ], [ 82.9629702, 25.3510771 ], [ 82.9630922, 25.3510461 ], [ 82.9633211, 25.3509911 ], [ 82.9637014, 25.3508998 ], [ 82.9644524, 25.3506668 ], [ 82.9650491, 25.3503951 ], [ 82.9654677, 25.3502299 ], [ 82.9656541, 25.3501566 ], [ 82.9658468, 25.3500684 ], [ 82.9659345, 25.3500046 ], [ 82.9659737, 25.3499715 ], [ 82.96601, 25.3499407 ], [ 82.9661459, 25.3498067 ], [ 82.9665986, 25.3493074 ], [ 82.9671978, 25.3486979 ], [ 82.9673737, 25.3485277 ], [ 82.9677096, 25.3481905 ], [ 82.9680927, 25.3478446 ], [ 82.968615, 25.3473828 ], [ 82.9690493, 25.3469801 ], [ 82.9692128, 25.346826 ], [ 82.9692562, 25.3467791 ], [ 82.969302, 25.3467093 ], [ 82.9693568, 25.3466257 ] ] } },
{ "type": "Feature", "properties": { "highway": "tertiary" }, "geometry": { "type": "LineString", "coordinates": [ [ 82.9693568, 25.3466257 ], [ 82.9696476, 25.3463939 ], [ 82.9697339, 25.3463417 ], [ 82.9698028, 25.3462982 ], [ 82.9698662, 25.3462445 ], [ 82.9702806, 25.3458933 ], [ 82.9704652, 25.3457552 ], [ 82.9710303, 25.3454319 ], [ 82.9710693, 25.34541 ], [ 82.9713999, 25.3452238 ], [ 82.9715971, 25.345123 ] ] } },
{ "type": "Feature", "properties": { "highway": "primary" }, "geometry": { "type": "LineString", "coordinates": [ [ 83.0026927, 25.2968222 ], [ 83.00268, 25.2967664 ], [ 83.0026162, 25.2962025 ], [ 83.0025378, 25.2953296 ], [ 83.0025235, 25.2951789 ], [ 83.0024784, 25.2946951 ], [ 83.0024501, 25.2942624 ], [ 83.0024479, 25.2942291 ] ] } },
{ "type": "Feature", "properties": { "highway": "primary" }, "geometry": { "type": "LineString", "coordinates": [ [ 83.0021713, 25.2928806 ], [ 83.0021643, 25.2929152 ], [ 83.0021697, 25.2929501 ], [ 83.0021871, 25.2929816 ], [ 83.0022146, 25.2930065 ], [ 83.0022494, 25.2930223 ], [ 83.0022879, 25.2930273 ], [ 83.0023262, 25.2930211 ], [ 83.0023604, 25.2930042 ], [ 83.0023881, 25.2929767 ], [ 83.0024041, 25.2929424 ], [ 83.0024065, 25.2929052 ], [ 83.002395, 25.2928694 ], [ 83.002371, 25.2928392 ], [ 83.0023372, 25.2928179 ], [ 83.0022974, 25.2928081 ], [ 83.0022564, 25.2928109 ], [ 83.0022187, 25.2928259 ], [ 83.0021901, 25.2928498 ], [ 83.0021713, 25.2928806 ] ] } },
{ "type": "Feature", "properties": { "highway": "primary" }, "geometry": { "type": "LineString", "coordinates": [ [ 83.0030242, 25.2819619 ], [ 83.0031024, 25.2821964 ], [ 83.0031715, 25.2823802 ], [ 83.0032752, 25.2826246 ], [ 83.0033098, 25.2827275 ], [ 83.003322, 25.2828489 ], [ 83.003326, 25.2829683 ], [ 83.0032996, 25.2830547 ], [ 83.003013, 25.2837127 ], [ 83.0027325, 25.2843101 ], [ 83.0025486, 25.2846588 ], [ 83.0024865, 25.2849148 ], [ 83.0023554, 25.2852741 ] ] } },
{ "type": "Feature", "properties": { "highway": "primary" }, "geometry": { "type": "LineString", "coordinates": [ [ 83.0022416, 25.2855866 ], [ 83.0020733, 25.2860561 ], [ 83.0017954, 25.2867895 ], [ 83.0016602, 25.2871998 ], [ 83.001647, 25.2872398 ], [ 83.0015393, 25.2876074 ], [ 83.0015169, 25.287714 ], [ 83.0015108, 25.287839 ], [ 83.001512, 25.2879754 ], [ 83.0015189, 25.2880448 ], [ 83.001523, 25.2880853 ], [ 83.0015779, 25.2884933 ], [ 83.0015797, 25.2885246 ], [ 83.0015819, 25.2885613 ], [ 83.001582, 25.2886168 ], [ 83.0015657, 25.2887543 ], [ 83.0015332, 25.2888737 ], [ 83.001521, 25.2889473 ], [ 83.0015167, 25.2890172 ], [ 83.0014966, 25.2893511 ], [ 83.0014962, 25.2894123 ], [ 83.0014945, 25.2896898 ], [ 83.0014966, 25.2898589 ], [ 83.0015067, 25.2900151 ], [ 83.0015425, 25.2902066 ], [ 83.0016726, 25.2906887 ], [ 83.0017941, 25.2911206 ], [ 83.0018096, 25.2911758 ], [ 83.0019848, 25.2917286 ], [ 83.0021226, 25.2922003 ], [ 83.0021877, 25.2924338 ], [ 83.0022162, 25.2925881 ], [ 83.0022187, 25.2928259 ] ] } },
{ "type": "Feature", "properties": { "highway": "primary" }, "geometry": { "type": "LineString", "coordinates": [ [ 83.0023554, 25.2852741 ], [ 83.0022416, 25.2855866 ] ] } },
{ "type": "Feature", "properties": { "highway": "primary" }, "geometry": { "type": "LineString", "coordinates": [ [ 83.0031028, 25.2818828 ], [ 83.002953, 25.2807035 ], [ 83.0028673, 25.2800446 ], [ 83.0028265, 25.2797313 ], [ 83.0028119, 25.2796215 ], [ 83.0028023, 25.2795337 ], [ 83.0026918, 25.2788733 ], [ 83.0026587, 25.2786873 ], [ 83.002591, 25.2784357 ], [ 83.002457, 25.2779427 ] ] } },
{ "type": "Feature", "properties": { "highway": "tertiary" }, "geometry": { "type": "LineString", "coordinates": [ [ 82.971762, 25.3450035 ], [ 82.9718154, 25.3449703 ], [ 82.9720901, 25.3447177 ], [ 82.972236, 25.3445529 ], [ 82.9723277, 25.344388 ], [ 82.9725021, 25.3440661 ], [ 82.9726089, 25.3438245 ] ] } },
{ "type": "Feature", "properties": { "highway": "tertiary" }, "geometry": { "type": "LineString", "coordinates": [ [ 82.9715971, 25.345123 ], [ 82.971762, 25.3450035 ] ] } },
{ "type": "Feature", "properties": { "highway": "tertiary" }, "geometry": { "type": "LineString", "coordinates": [ [ 82.9975117, 25.2929125 ], [ 82.9976757, 25.2929099 ], [ 82.9978974, 25.2928918 ], [ 82.9981639, 25.2928712 ], [ 82.9983523, 25.2928581 ], [ 82.998632, 25.292834 ], [ 82.9990743, 25.2927712 ], [ 82.9991784, 25.2927572 ], [ 82.9993136, 25.2927317 ], [ 82.999731, 25.2926453 ], [ 82.9998389, 25.2926359 ] ] } },
{ "type": "Feature", "properties": { "highway": "tertiary" }, "geometry": { "type": "LineString", "coordinates": [ [ 82.9955797, 25.2932419 ], [ 82.995507, 25.2932143 ], [ 82.9955039, 25.2931422 ], [ 82.9954691, 25.2926618 ], [ 82.995515, 25.2922263 ], [ 82.9955125, 25.292174 ], [ 82.9955086, 25.2921375 ], [ 82.9954906, 25.2920966 ], [ 82.9954633, 25.2920624 ] ] } },
{ "type": "Feature", "properties": { "highway": "primary" }, "geometry": { "type": "LineString", "coordinates": [ [ 82.9728714, 25.3026706 ], [ 82.9732363, 25.3027168 ], [ 82.9734357, 25.3027444 ], [ 82.9739671, 25.3028389 ], [ 82.9744738, 25.3029543 ], [ 82.9748641, 25.3030453 ], [ 82.9753262, 25.3031785 ] ] } },
{ "type": "Feature", "properties": { "highway": "tertiary" }, "geometry": { "type": "LineString", "coordinates": [ [ 82.9755098, 25.3031992 ], [ 82.9753885, 25.3031374 ], [ 82.9752143, 25.3030816 ], [ 82.9748413, 25.3029798 ], [ 82.9744318, 25.3028833 ], [ 82.9733316, 25.3026773 ], [ 82.9729233, 25.3026137 ], [ 82.9729202, 25.3026141 ], [ 82.9729177, 25.3026167 ], [ 82.9729119, 25.302737 ] ] } },
{ "type": "Feature", "properties": { "highway": "tertiary" }, "geometry": { "type": "LineString", "coordinates": [ [ 82.9729119, 25.302737 ], [ 82.9731957, 25.3027689 ], [ 82.9733412, 25.302789 ] ] } },
{ "type": "Feature", "properties": { "highway": "tertiary" }, "geometry": { "type": "LineString", "coordinates": [ [ 82.9733412, 25.302789 ], [ 82.9735758, 25.3028184 ], [ 82.9739224, 25.3028934 ], [ 82.9745552, 25.3030418 ], [ 82.9748462, 25.3031138 ], [ 82.9750304, 25.3031641 ], [ 82.9752058, 25.3032108 ], [ 82.975367, 25.3032477 ], [ 82.9754797, 25.3032417 ] ] } },
{ "type": "Feature", "properties": { "highway": "tertiary" }, "geometry": { "type": "LineString", "coordinates": [ [ 82.9607051, 25.354952 ], [ 82.9607994, 25.3549653 ], [ 82.9615098, 25.3547917 ], [ 82.9615598, 25.3547797 ], [ 82.9617579, 25.3547321 ], [ 82.9617693, 25.3547297 ], [ 82.9625409, 25.3545447 ], [ 82.9626977, 25.3545094 ] ] } },
{ "type": "Feature", "properties": { "highway": "tertiary" }, "geometry": { "type": "LineString", "coordinates": [ [ 82.9607051, 25.354952 ], [ 82.9605825, 25.3549787 ], [ 82.9601292, 25.3550772 ], [ 82.9599603, 25.35511 ], [ 82.9596461, 25.3551674 ], [ 82.9593413, 25.3552339 ], [ 82.9592264, 25.3552596 ], [ 82.9586324, 25.3553766 ], [ 82.9582096, 25.3554364 ], [ 82.9577975, 25.3554989 ], [ 82.9574314, 25.355597 ], [ 82.9570077, 25.3557232 ], [ 82.9569128, 25.3557407 ], [ 82.9567589, 25.355769 ], [ 82.9561651, 25.3558419 ], [ 82.9556934, 25.355916 ], [ 82.9552818, 25.3560094 ], [ 82.9547538, 25.3560943 ], [ 82.9545466, 25.3561033 ], [ 82.9542165, 25.3561106 ], [ 82.9538868, 25.3560906 ], [ 82.9538436, 25.3560909 ] ] } },
{ "type": "Feature", "properties": { "highway": "tertiary" }, "geometry": { "type": "LineString", "coordinates": [ [ 82.9657502, 25.3537487 ], [ 82.9656775, 25.3537358 ], [ 82.9656028, 25.3537319 ], [ 82.965533, 25.3537401 ], [ 82.9653664, 25.3537795 ], [ 82.9651319, 25.3538482 ], [ 82.9648331, 25.3539357 ], [ 82.964507, 25.3540265 ], [ 82.9643062, 25.3540811 ], [ 82.9640249, 25.3541513 ], [ 82.9636943, 25.3542339 ], [ 82.963572, 25.3542601 ], [ 82.9631858, 25.3543427 ], [ 82.9630697, 25.3543646 ], [ 82.9628156, 25.3544171 ], [ 82.9627482, 25.3544301 ], [ 82.9627011, 25.3544391 ], [ 82.9625516, 25.3544806 ], [ 82.9623414, 25.3545313 ], [ 82.9617471, 25.3546627 ], [ 82.9616659, 25.3546807 ], [ 82.9609655, 25.3548443 ], [ 82.9607632, 25.3549006 ], [ 82.9607051, 25.354952 ] ] } },
{ "type": "Feature", "properties": { "highway": "tertiary" }, "geometry": { "type": "LineString", "coordinates": [ [ 82.9626977, 25.3545094 ], [ 82.9627536, 25.3544962 ], [ 82.9627651, 25.3544935 ], [ 82.9628208, 25.3544798 ], [ 82.9629847, 25.3544486 ] ] } },
{ "type": "Feature", "properties": { "highway": "tertiary" }, "geometry": { "type": "LineString", "coordinates": [ [ 82.9629847, 25.3544486 ], [ 82.9631033, 25.3544219 ], [ 82.9635726, 25.3543169 ], [ 82.963625, 25.3543061 ], [ 82.9640705, 25.3542141 ], [ 82.9645366, 25.3541017 ], [ 82.9651351, 25.3539097 ], [ 82.9651569, 25.3539035 ], [ 82.9654864, 25.3538103 ], [ 82.9655662, 25.3537976 ], [ 82.9656393, 25.3537994 ], [ 82.9656805, 25.3538052 ], [ 82.9657308, 25.3538109 ] ] } },
{ "type": "Feature", "properties": { "highway": "tertiary" }, "geometry": { "type": "LineString", "coordinates": [ [ 82.9812928, 25.3527604 ], [ 82.9811742, 25.3527246 ], [ 82.9803632, 25.3527252 ], [ 82.9802853, 25.3527242 ], [ 82.9797263, 25.352717 ], [ 82.9795912, 25.3527291 ], [ 82.9794804, 25.3527639 ] ] } },
{ "type": "Feature", "properties": { "highway": "tertiary" }, "geometry": { "type": "LineString", "coordinates": [ [ 82.9812928, 25.3527604 ], [ 82.9815154, 25.3527553 ], [ 82.9817902, 25.3527489 ], [ 82.9819827, 25.352728 ], [ 82.9820112, 25.3527249 ], [ 82.9820286, 25.3527227 ], [ 82.9829361, 25.3526059 ], [ 82.9829737, 25.3526019 ] ] } },
{ "type": "Feature", "properties": { "highway": "tertiary" }, "geometry": { "type": "LineString", "coordinates": [ [ 82.9794804, 25.3527639 ], [ 82.9795868, 25.3527781 ], [ 82.9799153, 25.3527674 ], [ 82.9802872, 25.3527721 ], [ 82.9805736, 25.3527709 ], [ 82.9811703, 25.3527794 ], [ 82.9812928, 25.3527604 ] ] } },
{ "type": "Feature", "properties": { "highway": "tertiary" }, "geometry": { "type": "LineString", "coordinates": [ [ 83.004471, 25.2896744 ], [ 83.0045588, 25.2899842 ], [ 83.0046058, 25.2901606 ], [ 83.0046377, 25.2903288 ], [ 83.0047174, 25.290671 ], [ 83.0047805, 25.290942 ], [ 83.0047888, 25.2913002 ], [ 83.0047913, 25.291409 ], [ 83.0047954, 25.291589 ], [ 83.0048165, 25.2917889 ], [ 83.0048572, 25.2919439 ], [ 83.0048943, 25.2921071 ], [ 83.0049356, 25.2922884 ], [ 83.0049436, 25.2925537 ], [ 83.0049275, 25.2929771 ], [ 83.0049013, 25.2932344 ], [ 83.0048492, 25.293596 ], [ 83.0048172, 25.2938241 ], [ 83.004711, 25.294582 ], [ 83.0046824, 25.2947667 ], [ 83.0044966, 25.295813 ] ] } },
{ "type": "Feature", "properties": { "highway": "primary" }, "geometry": { "type": "LineString", "coordinates": [ [ 83.0054655, 25.3094419 ], [ 83.0054341, 25.3093629 ], [ 83.0052273, 25.3089679 ], [ 83.0051396, 25.3087849 ], [ 83.0050324, 25.3085906 ], [ 83.0047799, 25.3081329 ], [ 83.0045068, 25.3077185 ], [ 83.0043047, 25.3074633 ], [ 83.0041405, 25.3072938 ] ] } },
{ "type": "Feature", "properties": { "highway": "tertiary" }, "geometry": { "type": "LineString", "coordinates": [ [ 83.0068087, 25.3092142 ], [ 83.006959, 25.3097041 ], [ 83.0070099, 25.3098698 ], [ 83.0070808, 25.3100747 ], [ 83.0072737, 25.3104698 ] ] } },
{ "type": "Feature", "properties": { "highway": "tertiary" }, "geometry": { "type": "LineString", "coordinates": [ [ 83.0057603, 25.309439 ], [ 83.0058569, 25.3094104 ], [ 83.006262, 25.3093093 ], [ 83.0063466, 25.3092882 ], [ 83.0067745, 25.3092237 ], [ 83.0067933, 25.3092203 ], [ 83.0068087, 25.3092142 ], [ 83.0068173, 25.309207 ], [ 83.0068207, 25.3091966 ], [ 83.0068202, 25.3091812 ] ] } },
{ "type": "Feature", "properties": { "highway": "trunk" }, "geometry": { "type": "LineString", "coordinates": [ [ 82.9244629, 25.3135145 ], [ 82.924623, 25.3134665 ], [ 82.9247695, 25.3134336 ], [ 82.9249048, 25.3134005 ], [ 82.9250451, 25.313378 ], [ 82.9252863, 25.3133468 ], [ 82.9258279, 25.3132717 ], [ 82.9263122, 25.3132126 ], [ 82.9266763, 25.3131541 ], [ 82.9270108, 25.3131127 ], [ 82.9272741, 25.3130907 ], [ 82.9280182, 25.3129922 ], [ 82.9286908, 25.3128934 ], [ 82.9287748, 25.312882 ], [ 82.928982, 25.3128544 ], [ 82.9292276, 25.3128247 ], [ 82.9296894, 25.312707 ], [ 82.9300362, 25.3125899 ], [ 82.9303363, 25.3124801 ], [ 82.9305418, 25.3123904 ], [ 82.9306867, 25.3123309 ], [ 82.930835, 25.3122723 ], [ 82.9309781, 25.3121931 ], [ 82.9310997, 25.3120835 ], [ 82.9311931, 25.3119544 ], [ 82.9312962, 25.3118079 ], [ 82.9313993, 25.3116551 ], [ 82.9314994, 25.3114899 ], [ 82.9316716, 25.3112393 ], [ 82.9319011, 25.310826 ], [ 82.9321363, 25.3104152 ], [ 82.932526, 25.3097643 ], [ 82.9326379, 25.3095939 ], [ 82.9327283, 25.3094733 ], [ 82.932833, 25.3093513 ], [ 82.9329546, 25.3092352 ], [ 82.9331523, 25.3091851 ], [ 82.9334553, 25.3091576 ], [ 82.9336159, 25.3091547 ], [ 82.9337371, 25.3091515 ], [ 82.9339007, 25.3091107 ], [ 82.93434, 25.3089952 ], [ 82.9346624, 25.3089182 ], [ 82.9349728, 25.3088443 ], [ 82.9352761, 25.3087433 ], [ 82.9354728, 25.3086522 ], [ 82.9356775, 25.3085538 ], [ 82.9357618, 25.3085114 ], [ 82.9362313, 25.3082659 ], [ 82.937067, 25.3078024 ], [ 82.9371793, 25.3077378 ], [ 82.9372853, 25.3077081 ], [ 82.9373932, 25.3076919 ], [ 82.9374908, 25.3077152 ], [ 82.9376602, 25.3078027 ], [ 82.9377434, 25.3078398 ], [ 82.93781, 25.3078683 ], [ 82.938094, 25.3079972 ], [ 82.9382994, 25.3080777 ], [ 82.9384935, 25.3081369 ], [ 82.9387179, 25.3081902 ], [ 82.9390726, 25.3082315 ], [ 82.9393934, 25.308261 ], [ 82.9397097, 25.3082336 ], [ 82.9399971, 25.3082001 ], [ 82.9402816, 25.3081358 ], [ 82.9405345, 25.3080725 ], [ 82.9407896, 25.3080095 ], [ 82.941, 25.3079691 ], [ 82.9417241, 25.3077732 ], [ 82.9426022, 25.3075405 ], [ 82.9428117, 25.3074976 ], [ 82.9432272, 25.3073718 ], [ 82.9436581, 25.3072851 ], [ 82.9439576, 25.3072203 ], [ 82.944282, 25.3071473 ], [ 82.9446321, 25.30709 ], [ 82.9450242, 25.3070245 ], [ 82.945765, 25.3069446 ], [ 82.9462858, 25.3069074 ], [ 82.9467078, 25.3068673 ], [ 82.947546, 25.3068039 ], [ 82.9485347, 25.3067048 ], [ 82.9488412, 25.3066897 ], [ 82.9490254, 25.3066764 ], [ 82.9494006, 25.3066337 ], [ 82.9495591, 25.3066098 ], [ 82.949813, 25.3065767 ], [ 82.9500255, 25.3065373 ], [ 82.950299, 25.3064378 ], [ 82.9505432, 25.3063416 ], [ 82.9509716, 25.3060988 ], [ 82.9512891, 25.3059234 ], [ 82.951537, 25.3058026 ], [ 82.951765, 25.3057133 ], [ 82.9520371, 25.3056241 ], [ 82.9524334, 25.3055141 ], [ 82.9528954, 25.3054057 ], [ 82.953504, 25.3052404 ], [ 82.9535933, 25.3052128 ] ] } },
{ "type": "Feature", "properties": { "highway": "secondary" }, "geometry": { "type": "LineString", "coordinates": [ [ 83.0135313, 25.2725519 ], [ 83.0133913, 25.2725959 ], [ 83.0129568, 25.2729633 ], [ 83.0128285, 25.2730668 ], [ 83.0127463, 25.2731331 ], [ 83.0124083, 25.2733842 ], [ 83.0123198, 25.2734569 ], [ 83.0122326, 25.2735212 ], [ 83.011878, 25.2737607 ], [ 83.011783, 25.2738216 ], [ 83.0112362, 25.2741995 ], [ 83.0110697, 25.2743025 ], [ 83.0108334, 25.274484 ], [ 83.0104838, 25.2747558 ], [ 83.010343, 25.274854 ], [ 83.0100894, 25.2750528 ], [ 83.0097637, 25.2752493 ], [ 83.0093104, 25.2755574 ], [ 83.0090582, 25.2757272 ], [ 83.0087632, 25.2758994 ], [ 83.0084614, 25.2760691 ], [ 83.0079974, 25.2763529 ], [ 83.0077788, 25.2764839 ], [ 83.0074033, 25.2766609 ], [ 83.0071096, 25.2767858 ], [ 83.0067864, 25.2769023 ], [ 83.0063854, 25.2770272 ], [ 83.0060904, 25.2771266 ], [ 83.005857, 25.2771885 ] ] } },
{ "type": "Feature", "properties": { "highway": "secondary" }, "geometry": { "type": "LineString", "coordinates": [ [ 83.0145027, 25.2709175 ], [ 83.0144532, 25.2709795 ], [ 83.0142977, 25.2711914 ], [ 83.0142171, 25.2713034 ], [ 83.0139847, 25.2716186 ], [ 83.0139239, 25.2718783 ], [ 83.0138991, 25.2720047 ], [ 83.0138991, 25.2720865 ], [ 83.0139005, 25.2722267 ], [ 83.0137841, 25.2723467 ], [ 83.0137145, 25.2724103 ], [ 83.0135313, 25.2725519 ] ] } },
{ "type": "Feature", "properties": { "highway": "tertiary" }, "geometry": { "type": "LineString", "coordinates": [ [ 82.9687857, 25.3193861 ], [ 82.9693087, 25.3197762 ], [ 82.9695836, 25.3199666 ] ] } },
{ "type": "Feature", "properties": { "highway": "tertiary" }, "geometry": { "type": "LineString", "coordinates": [ [ 82.9699459, 25.3203032 ], [ 82.9697391, 25.320168 ] ] } },
{ "type": "Feature", "properties": { "highway": "primary_link" }, "geometry": { "type": "LineString", "coordinates": [ [ 82.9888651, 25.3333428 ], [ 82.9888918, 25.3334013 ] ] } },
{ "type": "Feature", "properties": { "highway": "primary_link" }, "geometry": { "type": "LineString", "coordinates": [ [ 82.9869474, 25.3244041 ], [ 82.9869032, 25.3244332 ], [ 82.9868415, 25.3244514 ], [ 82.9868026, 25.3244611 ], [ 82.9867101, 25.324455 ], [ 82.98658, 25.3244201 ] ] } },
{ "type": "Feature", "properties": { "highway": "primary_link" }, "geometry": { "type": "LineString", "coordinates": [ [ 82.9871277, 25.3235117 ], [ 82.987217, 25.3235395 ] ] } },
{ "type": "Feature", "properties": { "highway": "primary_link" }, "geometry": { "type": "LineString", "coordinates": [ [ 82.9871944, 25.3232643 ], [ 82.9872877, 25.3232803 ] ] } },
{ "type": "Feature", "properties": { "highway": "primary_link" }, "geometry": { "type": "LineString", "coordinates": [ [ 82.9873498, 25.3226617 ], [ 82.9874402, 25.32268 ] ] } },
{ "type": "Feature", "properties": { "highway": "primary" }, "geometry": { "type": "LineString", "coordinates": [ [ 82.9868911, 25.3248512 ], [ 82.9869197, 25.3248072 ], [ 82.9869845, 25.3246581 ], [ 82.9870095, 25.3245809 ], [ 82.9870385, 25.3244187 ], [ 82.9871307, 25.3238608 ], [ 82.9871483, 25.323805 ], [ 82.9871675, 25.3237307 ], [ 82.987217, 25.3235395 ], [ 82.9872666, 25.3233624 ], [ 82.9872877, 25.3232803 ], [ 82.9874253, 25.3227451 ], [ 82.9874402, 25.32268 ], [ 82.9875973, 25.3219928 ], [ 82.9876728, 25.3215996 ], [ 82.9877183, 25.3213333 ], [ 82.987788, 25.3208865 ], [ 82.9878336, 25.3207369 ], [ 82.9879776, 25.3200414 ], [ 82.9880449, 25.3196997 ], [ 82.9881574, 25.3192834 ], [ 82.9883952, 25.3182928 ], [ 82.9884225, 25.3181892 ], [ 82.9885757, 25.3175719 ], [ 82.9887527, 25.316903 ], [ 82.9888954, 25.316353 ], [ 82.9889224, 25.3162198 ], [ 82.9889371, 25.3161476 ], [ 82.9889584, 25.3159886 ], [ 82.988964, 25.3158117 ], [ 82.9889476, 25.315627 ], [ 82.9889315, 25.315358 ], [ 82.9888966, 25.31495 ], [ 82.9888722, 25.3146552 ], [ 82.9888509, 25.3144758 ], [ 82.9888296, 25.3142522 ], [ 82.9888002, 25.3137319 ], [ 82.9887814, 25.3134195 ], [ 82.9887707, 25.3131781 ], [ 82.9887494, 25.3123766 ], [ 82.9887865, 25.311921 ], [ 82.9888106, 25.3117407 ], [ 82.9888256, 25.311676 ], [ 82.988847, 25.3115816 ], [ 82.9888619, 25.3115185 ], [ 82.988916, 25.3113836 ], [ 82.9890024, 25.3111942 ], [ 82.9891622, 25.3109269 ], [ 82.9892516, 25.3107605 ], [ 82.9893336, 25.3106049 ], [ 82.9894486, 25.3104229 ], [ 82.9896785, 25.3101457 ], [ 82.9897639, 25.3100275 ], [ 82.9898414, 25.3098971 ], [ 82.9898781, 25.3097613 ], [ 82.989911, 25.3095794 ], [ 82.9899304, 25.309472 ], [ 82.98997, 25.3093495 ], [ 82.9900111, 25.3092755 ], [ 82.9900234, 25.3092533 ], [ 82.990067, 25.3092112 ], [ 82.9901649, 25.3091402 ], [ 82.9906734, 25.3088783 ], [ 82.9907692, 25.3088131 ], [ 82.9908698, 25.3087158 ], [ 82.9910226, 25.308486 ], [ 82.9911611, 25.308249 ], [ 82.9913013, 25.3080168 ], [ 82.9913376, 25.3079401 ], [ 82.9913941, 25.3078209 ], [ 82.9914787, 25.3076227 ], [ 82.9915848, 25.3073425 ], [ 82.9917233, 25.3069908 ], [ 82.9917454, 25.3069145 ] ] } },
{ "type": "Feature", "properties": { "highway": "tertiary" }, "geometry": { "type": "LineString", "coordinates": [ [ 82.9918115, 25.3064605 ], [ 82.9919159, 25.3060823 ], [ 82.9919746, 25.3058788 ], [ 82.9920348, 25.3057521 ], [ 82.992108, 25.3056471 ], [ 82.9922262, 25.3055343 ], [ 82.992363, 25.3054488 ], [ 82.9925675, 25.3053592 ], [ 82.992796, 25.3052829 ], [ 82.9932551, 25.3051875 ], [ 82.9935412, 25.3051562 ], [ 82.9940613, 25.3051273 ], [ 82.9941049, 25.3051249 ], [ 82.9952215, 25.3050956 ], [ 82.9954578, 25.305143 ], [ 82.9956723, 25.3052077 ], [ 82.995896, 25.3052892 ], [ 82.9960725, 25.3052987 ], [ 82.9962072, 25.3052783 ], [ 82.9963217, 25.3052102 ], [ 82.9963821, 25.3051331 ], [ 82.9964453, 25.305005 ], [ 82.9964505, 25.304911 ] ] } },
{ "type": "Feature", "properties": { "highway": "tertiary" }, "geometry": { "type": "LineString", "coordinates": [ [ 82.9916889, 25.3241962 ], [ 82.99172, 25.324192 ], [ 82.9917482, 25.3241792 ], [ 82.9917706, 25.3241592 ], [ 82.991785, 25.324134 ], [ 82.9917902, 25.3241059 ], [ 82.9917855, 25.3240778 ], [ 82.9917714, 25.3240524 ], [ 82.9917493, 25.3240321 ], [ 82.9917213, 25.324019 ] ] } },
{ "type": "Feature", "properties": { "highway": "tertiary_link" }, "geometry": { "type": "LineString", "coordinates": [ [ 82.9913476, 25.3199115 ], [ 82.9912681, 25.3199175 ] ] } },
{ "type": "Feature", "properties": { "highway": "tertiary" }, "geometry": { "type": "LineString", "coordinates": [ [ 82.9917213, 25.324019 ], [ 82.9916903, 25.3240144 ], [ 82.9916591, 25.3240187 ], [ 82.991631, 25.3240314 ], [ 82.9916086, 25.3240514 ], [ 82.9915941, 25.3240766 ], [ 82.991589, 25.3241047 ], [ 82.9915971, 25.3241435 ], [ 82.9916078, 25.3241583 ], [ 82.9916299, 25.3241785 ], [ 82.9916579, 25.3241916 ], [ 82.9916889, 25.3241962 ] ] } },
{ "type": "Feature", "properties": { "highway": "tertiary" }, "geometry": { "type": "LineString", "coordinates": [ [ 82.9870588, 25.323781 ], [ 82.9871483, 25.323805 ], [ 82.9878728, 25.3239568 ], [ 82.988251, 25.3240235 ], [ 82.9885447, 25.324055 ], [ 82.9887298, 25.3240693 ], [ 82.9888652, 25.3240817 ], [ 82.9891549, 25.3241156 ], [ 82.9894607, 25.3241338 ], [ 82.989741, 25.3241714 ], [ 82.9899448, 25.324198 ], [ 82.9905832, 25.324232 ], [ 82.9909506, 25.3242174 ], [ 82.9915971, 25.3241435 ] ] } },
{ "type": "Feature", "properties": { "highway": "tertiary" }, "geometry": { "type": "LineString", "coordinates": [ [ 82.9932828, 25.329282 ], [ 82.9932962, 25.3292008 ], [ 82.9933363, 25.329107 ], [ 82.9933539, 25.3288371 ], [ 82.9933579, 25.3287256 ], [ 82.9933472, 25.328545 ], [ 82.9932868, 25.328025 ], [ 82.9932412, 25.3276928 ], [ 82.9932144, 25.3275086 ], [ 82.9931447, 25.3271704 ], [ 82.993083, 25.3269122 ], [ 82.9930253, 25.3267122 ], [ 82.9929019, 25.3262867 ], [ 82.9928215, 25.3260067 ], [ 82.9928067, 25.3259655 ], [ 82.9927473, 25.3257558 ], [ 82.992686, 25.3253994 ], [ 82.9926498, 25.3252357 ], [ 82.9926109, 25.3251533 ], [ 82.9925546, 25.3250708 ], [ 82.9924527, 25.3249896 ], [ 82.9923052, 25.3249254 ], [ 82.9921482, 25.3248429 ], [ 82.9920383, 25.3247678 ], [ 82.9919699, 25.3246696 ], [ 82.9919109, 25.324569 ], [ 82.99188, 25.3245066 ], [ 82.9918492, 25.3244441 ], [ 82.9918063, 25.3243229 ], [ 82.9917482, 25.3241792 ] ] } },
{ "type": "Feature", "properties": { "highway": "tertiary" }, "geometry": { "type": "LineString", "coordinates": [ [ 82.9916889, 25.3241962 ], [ 82.99173, 25.3243433 ], [ 82.9917748, 25.3244698 ], [ 82.9918394, 25.3246005 ], [ 82.991901, 25.3247056 ], [ 82.9919787, 25.3248172 ], [ 82.9920693, 25.3248896 ], [ 82.9922679, 25.3249889 ], [ 82.9924083, 25.3250501 ], [ 82.9924932, 25.3251177 ], [ 82.9925401, 25.3251864 ], [ 82.9925735, 25.3252571 ], [ 82.9926077, 25.3254119 ], [ 82.9926692, 25.3257695 ], [ 82.992723, 25.3259781 ], [ 82.9927458, 25.3260292 ], [ 82.9928278, 25.326303 ], [ 82.9929483, 25.32673 ], [ 82.9929986, 25.3269343 ], [ 82.9930667, 25.3271844 ], [ 82.9931359, 25.3275199 ], [ 82.9931624, 25.327702 ], [ 82.9932079, 25.3280332 ], [ 82.9932679, 25.3285507 ], [ 82.9932783, 25.3287264 ], [ 82.9932745, 25.3288327 ], [ 82.9932468, 25.3291183 ], [ 82.9932172, 25.3292214 ], [ 82.9932044, 25.3292766 ], [ 82.9931822, 25.3293693 ] ] } },
{ "type": "Feature", "properties": { "highway": "tertiary" }, "geometry": { "type": "LineString", "coordinates": [ [ 82.990859, 25.3186239 ], [ 82.9908861, 25.3187376 ], [ 82.9909133, 25.3188605 ], [ 82.9910113, 25.3192149 ], [ 82.9910967, 25.3194373 ], [ 82.991192, 25.31963 ], [ 82.9912484, 25.3198109 ], [ 82.9912681, 25.3199175 ], [ 82.9912681, 25.3200392 ], [ 82.991287, 25.3204311 ], [ 82.991311, 25.3209124 ], [ 82.991317, 25.3214919 ], [ 82.9913047, 25.3218995 ], [ 82.991306, 25.3219748 ], [ 82.9913154, 25.32229 ], [ 82.9913476, 25.3226221 ], [ 82.9913731, 25.3228452 ], [ 82.9914254, 25.3231337 ], [ 82.9914643, 25.3233168 ], [ 82.9915834, 25.3237186 ], [ 82.991631, 25.3240314 ] ] } },
{ "type": "Feature", "properties": { "highway": "primary_link" }, "geometry": { "type": "LineString", "coordinates": [ [ 83.000229, 25.3209297 ], [ 83.0003381, 25.3209671 ] ] } },
{ "type": "Feature", "properties": { "highway": "primary" }, "geometry": { "type": "LineString", "coordinates": [ [ 83.0029082, 25.3161654 ], [ 83.0028716, 25.3162725 ], [ 83.0028348, 25.3163593 ], [ 83.002735, 25.3166115 ], [ 83.0026626, 25.3168006 ], [ 83.0025292, 25.3172721 ], [ 83.0024726, 25.3174121 ] ] } },
{ "type": "Feature", "properties": { "highway": "primary_link" }, "geometry": { "type": "LineString", "coordinates": [ [ 82.9961807, 25.3275562 ], [ 82.9962432, 25.3276232 ] ] } },
{ "type": "Feature", "properties": { "highway": "primary" }, "geometry": { "type": "LineString", "coordinates": [ [ 82.9986554, 25.3255245 ], [ 82.998333, 25.3258443 ], [ 82.998282, 25.3258926 ], [ 82.9982285, 25.3259319 ], [ 82.997899, 25.3261764 ], [ 82.9975674, 25.3264401 ], [ 82.9974367, 25.3265853 ], [ 82.9973098, 25.3267455 ], [ 82.9972967, 25.3267596 ], [ 82.9971641, 25.3269022 ], [ 82.9970831, 25.3269633 ], [ 82.9969568, 25.3270646 ], [ 82.9967062, 25.3272113 ], [ 82.9962761, 25.3274856 ], [ 82.9961807, 25.3275562 ], [ 82.9960257, 25.327671 ] ] } },
{ "type": "Feature", "properties": { "highway": "tertiary_link" }, "geometry": { "type": "LineString", "coordinates": [ [ 82.9959225, 25.3281771 ], [ 82.9960014, 25.3281564 ] ] } },
{ "type": "Feature", "properties": { "highway": "tertiary" }, "geometry": { "type": "LineString", "coordinates": [ [ 82.9959184, 25.3281653 ], [ 82.9959225, 25.3281771 ], [ 82.995955, 25.3282632 ], [ 82.9959858, 25.328348 ], [ 82.9960053, 25.328422 ], [ 82.996022, 25.3285317 ], [ 82.9960381, 25.3286602 ], [ 82.9960661, 25.3288815 ], [ 82.9961695, 25.3295453 ], [ 82.9961863, 25.3297063 ], [ 82.9962882, 25.3303645 ], [ 82.9963201, 25.3306664 ], [ 82.9963761, 25.3311555 ] ] } },
{ "type": "Feature", "properties": { "highway": "tertiary" }, "geometry": { "type": "LineString", "coordinates": [ [ 82.9993161, 25.3237172 ], [ 82.9991037, 25.3237208 ], [ 82.998943, 25.3237295 ], [ 82.9986899, 25.3237464 ], [ 82.9984644, 25.3237571 ], [ 82.9984027, 25.3237547 ], [ 82.9982099, 25.3237581 ], [ 82.9980867, 25.3238094 ] ] } },
{ "type": "Feature", "properties": { "highway": "tertiary" }, "geometry": { "type": "LineString", "coordinates": [ [ 82.9997854, 25.3235347 ], [ 82.9996745, 25.3236247 ], [ 82.9996303, 25.3236465 ], [ 82.9995646, 25.3236683 ], [ 82.9993917, 25.3237023 ], [ 82.9993161, 25.3237172 ] ] } },
{ "type": "Feature", "properties": { "highway": "tertiary" }, "geometry": { "type": "LineString", "coordinates": [ [ 82.9915941, 25.3240766 ], [ 82.9909405, 25.3241416 ], [ 82.9905838, 25.3241555 ], [ 82.9899533, 25.324122 ], [ 82.9897532, 25.3240958 ], [ 82.9894697, 25.3240578 ], [ 82.9891631, 25.3240396 ], [ 82.9888749, 25.3240058 ], [ 82.9887376, 25.3239933 ], [ 82.9885533, 25.323979 ], [ 82.9882641, 25.323948 ], [ 82.9878837, 25.3238809 ], [ 82.9871675, 25.3237307 ], [ 82.9870778, 25.3237068 ] ] } },
{ "type": "Feature", "properties": { "highway": "tertiary" }, "geometry": { "type": "LineString", "coordinates": [ [ 82.9934277, 25.3240441 ], [ 82.9932239, 25.3240154 ], [ 82.9924753, 25.3240305 ], [ 82.9917855, 25.3240778 ] ] } },
{ "type": "Feature", "properties": { "highway": "tertiary" }, "geometry": { "type": "LineString", "coordinates": [ [ 82.991785, 25.324134 ], [ 82.9919307, 25.3241273 ], [ 82.9924782, 25.3241023 ], [ 82.9932273, 25.3240882 ], [ 82.9932547, 25.3240877 ], [ 82.9934277, 25.3240441 ] ] } },
{ "type": "Feature", "properties": { "highway": "secondary" }, "geometry": { "type": "LineString", "coordinates": [ [ 83.0127152, 25.3187865 ], [ 83.0122675, 25.318795 ], [ 83.0118678, 25.3188144 ], [ 83.0116774, 25.318835 ], [ 83.0115568, 25.3188675 ], [ 83.0113555, 25.3190023 ], [ 83.0110216, 25.3192824 ], [ 83.0106704, 25.3195885 ], [ 83.0105723, 25.3196315 ], [ 83.0104905, 25.319663 ], [ 83.010402, 25.3196667 ], [ 83.0102237, 25.319663 ], [ 83.0096081, 25.319617 ], [ 83.0094582, 25.3196091 ], [ 83.0091012, 25.3195903 ], [ 83.0087136, 25.3195976 ], [ 83.0084279, 25.3196206 ], [ 83.0080993, 25.3196557 ], [ 83.0078388, 25.3197057 ], [ 83.0077071, 25.3197563 ], [ 83.0075884, 25.3198206 ], [ 83.0072732, 25.3200158 ], [ 83.0069621, 25.3202134 ], [ 83.0066302, 25.3204495 ], [ 83.0066214, 25.3204558 ], [ 83.0064511, 25.3206037 ], [ 83.0063479, 25.3207456 ], [ 83.0062191, 25.3209153 ], [ 83.0060081, 25.3212109 ], [ 83.0059509, 25.3212911 ], [ 83.0058436, 25.3214111 ], [ 83.0057175, 25.3215081 ], [ 83.0055978, 25.3215718 ], [ 83.0054292, 25.3216536 ], [ 83.0052978, 25.3217033 ], [ 83.0050832, 25.3217724 ], [ 83.0047339, 25.321857 ], [ 83.0046279, 25.3218699 ], [ 83.0044636, 25.3218809 ], [ 83.004334, 25.3218874 ], [ 83.0041686, 25.3218995 ], [ 83.0039831, 25.3219384 ], [ 83.0038483, 25.3219654 ], [ 83.003664, 25.322034 ], [ 83.0034483, 25.3221284 ], [ 83.0031387, 25.3222946 ], [ 83.0028276, 25.3224563 ], [ 83.0021318, 25.3227966 ], [ 83.0020643, 25.3228296 ], [ 83.0012008, 25.323138 ], [ 83.000942, 25.3232219 ], [ 83.0006252, 25.3232789 ], [ 83.0004644, 25.3233257 ] ] } },
{ "type": "Feature", "properties": { "highway": "secondary" }, "geometry": { "type": "LineString", "coordinates": [ [ 83.0000567, 25.3236562 ], [ 83.0001997, 25.3235486 ], [ 83.0003948, 25.3234339 ], [ 83.0005194, 25.3233907 ], [ 83.0006468, 25.3233483 ], [ 83.0009633, 25.3232913 ], [ 83.0012289, 25.3232052 ], [ 83.0020979, 25.3228949 ], [ 83.0028664, 25.3225191 ], [ 83.0028876, 25.3225081 ], [ 83.0031788, 25.3223567 ], [ 83.0034859, 25.3221918 ], [ 83.0036965, 25.3220997 ], [ 83.0038722, 25.3220342 ], [ 83.0039996, 25.3220087 ], [ 83.0041967, 25.3219724 ], [ 83.0043402, 25.321959 ], [ 83.0044911, 25.3219403 ], [ 83.004642, 25.3219287 ], [ 83.0047774, 25.3219009 ], [ 83.0048914, 25.3218778 ], [ 83.0050886, 25.3218293 ], [ 83.0053031, 25.3217663 ], [ 83.0054357, 25.3217214 ], [ 83.0055777, 25.3216409 ] ] } },
{ "type": "Feature", "properties": { "highway": "tertiary" }, "geometry": { "type": "LineString", "coordinates": [ [ 82.9733412, 25.302789 ], [ 82.9733316, 25.3026773 ] ] } },
{ "type": "Feature", "properties": { "highway": "primary" }, "geometry": { "type": "LineString", "coordinates": [ [ 82.9692397, 25.3021036 ], [ 82.9696362, 25.3021553 ] ] } },
{ "type": "Feature", "properties": { "highway": "trunk" }, "geometry": { "type": "LineString", "coordinates": [ [ 82.9963772, 25.332776 ], [ 82.9964064, 25.3329922 ] ] } },
{ "type": "Feature", "properties": { "highway": "trunk" }, "geometry": { "type": "LineString", "coordinates": [ [ 82.9924351, 25.3409875 ], [ 82.9925679, 25.340899 ], [ 82.9927134, 25.3407544 ], [ 82.993128, 25.3403423 ], [ 82.9934438, 25.3400396 ], [ 82.9938377, 25.3396572 ], [ 82.9943852, 25.3390736 ], [ 82.9945609, 25.3388603 ], [ 82.9947272, 25.3386566 ], [ 82.9950424, 25.3382615 ], [ 82.9950732, 25.3382263 ], [ 82.9954393, 25.3378009 ], [ 82.9958631, 25.3372833 ], [ 82.996071, 25.3370458 ], [ 82.9961436, 25.3369663 ], [ 82.9961796, 25.336927 ], [ 82.9962198, 25.336847 ], [ 82.9962426, 25.33679 ], [ 82.9962628, 25.3367136 ] ] } },
{ "type": "Feature", "properties": { "highway": "trunk" }, "geometry": { "type": "LineString", "coordinates": [ [ 82.991348, 25.3420186 ], [ 82.9911304, 25.3421328 ], [ 82.9908876, 25.3422855 ], [ 82.9905148, 25.3425122 ], [ 82.9902794, 25.3426416 ], [ 82.9896525, 25.3430031 ], [ 82.9893898, 25.343147 ], [ 82.9891634, 25.3432569 ], [ 82.9888612, 25.3433921 ], [ 82.98858, 25.3435091 ], [ 82.9881692, 25.3436891 ], [ 82.9877977, 25.3438648 ], [ 82.9875344, 25.3439744 ], [ 82.9870163, 25.3442062 ], [ 82.9863729, 25.3444876 ], [ 82.9860449, 25.3446393 ], [ 82.9857726, 25.3447472 ], [ 82.985541, 25.344815 ], [ 82.98531, 25.3448526 ], [ 82.9849883, 25.3449036 ], [ 82.9847977, 25.3449593 ], [ 82.9846314, 25.3450332 ], [ 82.9843846, 25.345175 ], [ 82.9840332, 25.3453896 ], [ 82.9839085, 25.3454611 ], [ 82.9838267, 25.345512 ] ] } },
{ "type": "Feature", "properties": { "highway": "trunk" }, "geometry": { "type": "LineString", "coordinates": [ [ 82.9838267, 25.345512 ], [ 82.983765, 25.3455592 ], [ 82.9836711, 25.345655 ] ] } },
{ "type": "Feature", "properties": { "highway": "trunk" }, "geometry": { "type": "LineString", "coordinates": [ [ 82.9836711, 25.345655 ], [ 82.983835, 25.345604 ], [ 82.9839003, 25.345558 ] ] } },
{ "type": "Feature", "properties": { "highway": "trunk" }, "geometry": { "type": "LineString", "coordinates": [ [ 82.983765, 25.3455592 ], [ 82.983835, 25.345604 ], [ 82.9839809, 25.3456865 ], [ 82.9840896, 25.3457483 ], [ 82.9842786, 25.3458877 ], [ 82.9844449, 25.3460113 ], [ 82.9846823, 25.3462113 ], [ 82.984775, 25.3462566 ] ] } },
{ "type": "Feature", "properties": { "highway": "trunk" }, "geometry": { "type": "LineString", "coordinates": [ [ 82.984775, 25.3462566 ], [ 82.9847534, 25.3461895 ], [ 82.9846461, 25.3460949 ], [ 82.984402, 25.3459059 ], [ 82.9841579, 25.3457168 ], [ 82.9840265, 25.3456368 ], [ 82.9839003, 25.345558 ], [ 82.9838267, 25.345512 ] ] } },
{ "type": "Feature", "properties": { "highway": "trunk" }, "geometry": { "type": "LineString", "coordinates": [ [ 82.9958162, 25.3504108 ], [ 82.9960616, 25.3505248 ], [ 82.9962614, 25.3505914 ], [ 82.9965672, 25.3506714 ], [ 82.9967658, 25.3507281 ] ] } },
{ "type": "Feature", "properties": { "highway": "trunk" }, "geometry": { "type": "LineString", "coordinates": [ [ 83.0252303, 25.3608745 ], [ 83.0244229, 25.3606866 ], [ 83.0242047, 25.3606382 ], [ 83.0234675, 25.3604877 ], [ 83.0226383, 25.360317 ], [ 83.0215681, 25.3600674 ], [ 83.0209052, 25.3599118 ], [ 83.0202672, 25.3597693 ], [ 83.0194437, 25.3595887 ], [ 83.0188159, 25.3594484 ], [ 83.0179461, 25.3592689 ], [ 83.0173087, 25.3591221 ], [ 83.016834, 25.3590179 ], [ 83.0162694, 25.3588773 ], [ 83.0158684, 25.3587622 ], [ 83.0152635, 25.3585634 ], [ 83.0147596, 25.3583756 ], [ 83.0142322, 25.358172 ], [ 83.0139063, 25.3580448 ], [ 83.0135603, 25.3579236 ], [ 83.0131848, 25.3578024 ], [ 83.0127898, 25.357685 ], [ 83.0121654, 25.3575738 ], [ 83.0117914, 25.3574849 ], [ 83.0112063, 25.3573613 ], [ 83.0101673, 25.3571104 ], [ 83.0095226, 25.3569668 ], [ 83.0091832, 25.3568986 ], [ 83.0090004, 25.3568619 ], [ 83.0086344, 25.3568171 ], [ 83.0084574, 25.356811 ], [ 83.0082375, 25.356811 ], [ 83.0075978, 25.3568316 ], [ 83.0072369, 25.3568442 ], [ 83.007178, 25.3568462 ], [ 83.00695, 25.3568341 ], [ 83.0067636, 25.3567989 ], [ 83.006435, 25.356708 ], [ 83.0061282, 25.3566014 ], [ 83.0054948, 25.3563118 ], [ 83.0050886, 25.3561033 ], [ 83.0047694, 25.3559082 ], [ 83.0044878, 25.3557046 ], [ 83.004034, 25.3553407 ], [ 83.0036634, 25.35503 ], [ 83.0031896, 25.3546126 ], [ 83.0031146, 25.3545472 ], [ 83.0027244, 25.3542066 ], [ 83.0021723, 25.3537286 ], [ 83.0014791, 25.35313 ], [ 83.0011359, 25.352821 ], [ 83.0009848, 25.3526954 ], [ 83.0004233, 25.352183 ], [ 83.0002539, 25.3520458 ], [ 83.0001144, 25.3519391 ], [ 82.999993, 25.3518594 ], [ 82.9999575, 25.3518361 ], [ 82.9997688, 25.3517297 ], [ 82.9994325, 25.3515385 ], [ 82.999118, 25.3513695 ], [ 82.9986754, 25.351155 ], [ 82.9984662, 25.3510629 ], [ 82.9982275, 25.3510149 ], [ 82.9979834, 25.3509496 ], [ 82.9975489, 25.3508597 ], [ 82.997361, 25.3508561 ] ] } },
{ "type": "Feature", "properties": { "highway": "trunk" }, "geometry": { "type": "LineString", "coordinates": [ [ 82.97681, 25.3507126 ], [ 82.9769404, 25.3506245 ] ] } },
{ "type": "Feature", "properties": { "highway": "trunk" }, "geometry": { "type": "LineString", "coordinates": [ [ 82.9752195, 25.351261 ], [ 82.9748158, 25.3513531 ], [ 82.9743424, 25.351464 ], [ 82.9736122, 25.3516517 ], [ 82.9731978, 25.3517476 ], [ 82.9727338, 25.3518518 ], [ 82.9723359, 25.3519483 ], [ 82.9715938, 25.3521336 ], [ 82.9711499, 25.3522445 ], [ 82.9707809, 25.3523211 ], [ 82.9700542, 25.3524554 ], [ 82.969723, 25.3525033 ], [ 82.9694977, 25.3525433 ], [ 82.9692405, 25.3525924 ], [ 82.9689153, 25.352668 ], [ 82.9686809, 25.3527299 ], [ 82.9684017, 25.3528182 ], [ 82.9677896, 25.3530394 ], [ 82.9672969, 25.3532319 ], [ 82.9667158, 25.3534229 ], [ 82.9662226, 25.3535603 ], [ 82.9660738, 25.3536092 ], [ 82.9659806, 25.3536522 ], [ 82.9658613, 25.3537182 ] ] } },
{ "type": "Feature", "properties": { "highway": "primary" }, "geometry": { "type": "LineString", "coordinates": [ [ 82.9673412, 25.2708592 ], [ 82.9672906, 25.2702334 ], [ 82.9672641, 25.2699242 ], [ 82.9672439, 25.2697435 ], [ 82.9672131, 25.2695579 ], [ 82.9671769, 25.2693881 ], [ 82.9671219, 25.2692184 ], [ 82.9669811, 25.2688848 ], [ 82.9666861, 25.2682463 ], [ 82.9665038, 25.2678171 ], [ 82.9664138, 25.2675981 ], [ 82.96634, 25.2673883 ], [ 82.9662143, 25.2669831 ], [ 82.9660447, 25.2663459 ], [ 82.9659581, 25.2660342 ], [ 82.9658264, 25.265529 ], [ 82.9656842, 25.2650754 ], [ 82.9655394, 25.2646558 ], [ 82.9653255, 25.2640615 ], [ 82.9650263, 25.2633019 ], [ 82.9649893, 25.263228 ], [ 82.9648135, 25.2628769 ], [ 82.9647519, 25.2627508 ], [ 82.9646671, 25.2625773 ], [ 82.964436, 25.2621657 ], [ 82.9644102, 25.2621198 ], [ 82.9640427, 25.261466 ], [ 82.9636498, 25.2607577 ], [ 82.9635381, 25.2605536 ], [ 82.9631802, 25.2598998 ], [ 82.9630154, 25.2596067 ], [ 82.9629039, 25.2594305 ], [ 82.9627472, 25.2591828 ], [ 82.9626763, 25.2590706 ], [ 82.9625688, 25.2589117 ], [ 82.9624401, 25.2587298 ], [ 82.9623197, 25.2585846 ], [ 82.962251, 25.2585018 ], [ 82.9616649, 25.2578104 ], [ 82.9612665, 25.2573359 ], [ 82.9610178, 25.2570446 ], [ 82.960647, 25.2566096 ], [ 82.9604639, 25.2563937 ], [ 82.9604288, 25.2563523 ], [ 82.9599503, 25.2557828 ], [ 82.9592535, 25.2549661 ], [ 82.9588501, 25.254486 ], [ 82.9587862, 25.2544111 ], [ 82.9584079, 25.2539671 ], [ 82.9581097, 25.2536259 ], [ 82.9575985, 25.2530158 ] ] } },
{ "type": "Feature", "properties": { "highway": "primary" }, "geometry": { "type": "LineString", "coordinates": [ [ 82.9701273, 25.2965674 ], [ 82.9698919, 25.2977625 ], [ 82.9698684, 25.297928 ], [ 82.9698134, 25.2981175 ], [ 82.9698234, 25.2981665 ], [ 82.9697815, 25.2983907 ], [ 82.9697397, 25.2986149 ] ] } },
{ "type": "Feature", "properties": { "highway": "primary" }, "geometry": { "type": "LineString", "coordinates": [ [ 82.9691872, 25.3000299 ], [ 82.9690571, 25.3003003 ], [ 82.9690196, 25.3003779 ], [ 82.9688331, 25.3008313 ], [ 82.9685529, 25.3017043 ], [ 82.9685006, 25.3019128 ] ] } },
{ "type": "Feature", "properties": { "highway": "primary" }, "geometry": { "type": "LineString", "coordinates": [ [ 82.9685912, 25.3019247 ], [ 82.9687192, 25.3013551 ], [ 82.9688909, 25.3008364 ], [ 82.9691202, 25.3003075 ], [ 82.9692435, 25.300059 ], [ 82.9693133, 25.2999244 ], [ 82.9694299, 25.2996783 ], [ 82.9695292, 25.2994394 ], [ 82.9696096, 25.2992345 ], [ 82.969674, 25.2990199 ], [ 82.9697545, 25.2986962 ], [ 82.9697397, 25.2986149 ] ] } },
{ "type": "Feature", "properties": { "highway": "primary_link" }, "geometry": { "type": "LineString", "coordinates": [ [ 82.9675516, 25.2755127 ], [ 82.9676341, 25.2755064 ] ] } },
{ "type": "Feature", "properties": { "highway": "primary_link" }, "geometry": { "type": "LineString", "coordinates": [ [ 82.9674411, 25.2740621 ], [ 82.9675203, 25.2740561 ] ] } },
{ "type": "Feature", "properties": { "highway": "trunk" }, "geometry": { "type": "LineString", "coordinates": [ [ 82.953504, 25.3052404 ], [ 82.9539844, 25.3058787 ], [ 82.9544022, 25.3064231 ], [ 82.9549916, 25.3072126 ], [ 82.9551936, 25.3074661 ], [ 82.9554369, 25.3077519 ], [ 82.9558189, 25.3081715 ], [ 82.9561396, 25.3085047 ], [ 82.9564524, 25.3088212 ], [ 82.956724, 25.3091026 ], [ 82.9569174, 25.3093037 ], [ 82.9571029, 25.3094846 ], [ 82.9576302, 25.309999 ], [ 82.958039, 25.3103979 ], [ 82.9580912, 25.3104483 ], [ 82.9583465, 25.3107041 ], [ 82.9585925, 25.3109428 ], [ 82.9588164, 25.3111538 ], [ 82.9592732, 25.311571 ], [ 82.9596193, 25.3118851 ], [ 82.959897, 25.3121356 ], [ 82.9599389, 25.3121734 ], [ 82.9602598, 25.3124484 ], [ 82.9603423, 25.3125194 ], [ 82.9605033, 25.3126598 ], [ 82.9608178, 25.3129361 ], [ 82.9612762, 25.3133429 ], [ 82.9615235, 25.3135563 ], [ 82.9617119, 25.3137155 ], [ 82.9618046, 25.3137494 ] ] } },
{ "type": "Feature", "properties": { "highway": "trunk" }, "geometry": { "type": "LineString", "coordinates": [ [ 82.9732762, 25.3173742 ], [ 82.9731971, 25.3172906 ], [ 82.9728846, 25.3171451 ], [ 82.9726325, 25.3170251 ], [ 82.9724206, 25.3169281 ], [ 82.9723106, 25.3168832 ], [ 82.9719754, 25.316756 ], [ 82.9717916, 25.3166941 ], [ 82.9715542, 25.3166299 ], [ 82.9712887, 25.3165632 ], [ 82.9710621, 25.3165014 ], [ 82.9708341, 25.316408 ], [ 82.9706115, 25.3162916 ], [ 82.9704049, 25.3161813 ], [ 82.9702896, 25.316111 ], [ 82.970181, 25.3160601 ], [ 82.9699798, 25.315991 ], [ 82.9698242, 25.3159583 ], [ 82.9696526, 25.3159352 ], [ 82.9694045, 25.3159352 ], [ 82.969202, 25.3159473 ], [ 82.9689713, 25.315968 ], [ 82.9687044, 25.316008 ], [ 82.9684529, 25.3160346 ], [ 82.9682799, 25.3160413 ] ] } },
{ "type": "Feature", "properties": { "highway": "trunk_link" }, "geometry": { "type": "LineString", "coordinates": [ [ 82.9576302, 25.309999 ], [ 82.9576795, 25.3099495 ] ] } },
{ "type": "Feature", "properties": { "highway": "trunk" }, "geometry": { "type": "LineString", "coordinates": [ [ 82.9618046, 25.3137494 ], [ 82.96174, 25.3136524 ], [ 82.9615734, 25.3135049 ], [ 82.9613267, 25.3132877 ], [ 82.9605388, 25.3125979 ], [ 82.9603128, 25.312398 ], [ 82.9599591, 25.3120921 ], [ 82.9593171, 25.3115203 ], [ 82.9588687, 25.3111126 ], [ 82.9586622, 25.3109198 ], [ 82.9584141, 25.3106773 ], [ 82.958104, 25.31037 ], [ 82.9577838, 25.3100517 ], [ 82.9576795, 25.3099495 ], [ 82.9571132, 25.3093944 ], [ 82.9563984, 25.3086636 ], [ 82.9558901, 25.3081471 ], [ 82.9555871, 25.3078173 ], [ 82.955339, 25.3075361 ], [ 82.9551458, 25.3072996 ], [ 82.9544668, 25.3063923 ], [ 82.9540461, 25.3058399 ], [ 82.9535933, 25.3052128 ] ] } },
{ "type": "Feature", "properties": { "highway": "trunk" }, "geometry": { "type": "LineString", "coordinates": [ [ 82.968121, 25.3160952 ], [ 82.9682782, 25.3160911 ] ] } },
{ "type": "Feature", "properties": { "highway": "trunk" }, "geometry": { "type": "LineString", "coordinates": [ [ 82.9682799, 25.3160413 ], [ 82.9680962, 25.3160469 ] ] } },
{ "type": "Feature", "properties": { "highway": "primary" }, "geometry": { "type": "LineString", "coordinates": [ [ 82.9684721, 25.301974 ], [ 82.9680178, 25.3029507 ], [ 82.9678528, 25.3033217 ], [ 82.967716, 25.3036915 ], [ 82.9675944, 25.3041194 ], [ 82.9675604, 25.3042844 ], [ 82.9675283, 25.3044565 ], [ 82.9674925, 25.3048144 ], [ 82.967484, 25.3050906 ], [ 82.9674906, 25.3053471 ], [ 82.9675068, 25.305892 ], [ 82.9675238, 25.3062904 ], [ 82.9675671, 25.3069214 ], [ 82.967598, 25.3072622 ], [ 82.967618, 25.307609 ], [ 82.9676463, 25.3083047 ], [ 82.9676691, 25.3087533 ], [ 82.9676811, 25.3090964 ], [ 82.9676892, 25.3094468 ], [ 82.9676798, 25.309648 ], [ 82.9676583, 25.3098687 ], [ 82.9676208, 25.3102857 ], [ 82.9675779, 25.3105718 ], [ 82.9675471, 25.3108494 ], [ 82.9675336, 25.3111611 ], [ 82.9675323, 25.3113696 ], [ 82.9675457, 25.3119309 ], [ 82.9675578, 25.3123528 ], [ 82.9675697, 25.3126568 ], [ 82.9675819, 25.3130463 ], [ 82.9675846, 25.3136427 ], [ 82.967573, 25.3140381 ] ] } },
{ "type": "Feature", "properties": { "highway": "trunk" }, "geometry": { "type": "LineString", "coordinates": [ [ 82.9647468, 25.3157097 ], [ 82.964901, 25.3157594 ], [ 82.9653811, 25.3158601 ], [ 82.9658331, 25.3159413 ], [ 82.9660396, 25.3159764 ], [ 82.9663709, 25.3160286 ], [ 82.9667142, 25.3160662 ], [ 82.9670213, 25.3160843 ], [ 82.9674692, 25.3160989 ], [ 82.9677576, 25.3161025 ], [ 82.9679633, 25.3160984 ], [ 82.9680378, 25.3160969 ], [ 82.968121, 25.3160952 ] ] } },
{ "type": "Feature", "properties": { "highway": "trunk" }, "geometry": { "type": "LineString", "coordinates": [ [ 82.9680962, 25.3160469 ], [ 82.9680083, 25.3160454 ], [ 82.9679329, 25.3160441 ], [ 82.9674706, 25.3160358 ], [ 82.9669999, 25.3160225 ], [ 82.9668088, 25.3160128 ], [ 82.9666176, 25.3160031 ], [ 82.966395, 25.3159704 ], [ 82.9660461, 25.3159108 ], [ 82.9658419, 25.3158736 ], [ 82.9653651, 25.3157788 ], [ 82.9649124, 25.3157009 ], [ 82.9647468, 25.3157097 ] ] } },
{ "type": "Feature", "properties": { "highway": "trunk" }, "geometry": { "type": "LineString", "coordinates": [ [ 82.9618046, 25.3137494 ], [ 82.9622028, 25.3140925 ], [ 82.9624893, 25.3143363 ], [ 82.9628765, 25.3146479 ], [ 82.9630168, 25.3147593 ], [ 82.9637189, 25.3153049 ], [ 82.963977, 25.3154903 ], [ 82.9642345, 25.3156746 ], [ 82.9644316, 25.3156843 ], [ 82.9647468, 25.3157097 ] ] } },
{ "type": "Feature", "properties": { "highway": "trunk" }, "geometry": { "type": "LineString", "coordinates": [ [ 83.023875, 25.3467279 ], [ 83.0238225, 25.346181 ], [ 83.0237755, 25.3457907 ], [ 83.0237004, 25.3452199 ], [ 83.0236629, 25.3449835 ], [ 83.0235744, 25.3446575 ], [ 83.0234925, 25.3444163 ], [ 83.0231895, 25.3436896 ], [ 83.0229844, 25.3432167 ], [ 83.0229722, 25.3430976 ], [ 83.0229601, 25.3429546 ], [ 83.0229655, 25.342717 ], [ 83.0230071, 25.3423789 ], [ 83.0229908, 25.3422745 ] ] } },
{ "type": "Feature", "properties": { "highway": "trunk" }, "geometry": { "type": "LineString", "coordinates": [ [ 83.0238871, 25.3469351 ], [ 83.023875, 25.3467279 ] ] } },
{ "type": "Feature", "properties": { "highway": "trunk" }, "geometry": { "type": "LineString", "coordinates": [ [ 83.0229914, 25.34204 ], [ 83.022997, 25.3422286 ], [ 83.0229908, 25.3422745 ] ] } },
{ "type": "Feature", "properties": { "highway": "trunk" }, "geometry": { "type": "LineString", "coordinates": [ [ 83.0257939, 25.3604018 ], [ 83.0257469, 25.360008 ], [ 83.025696, 25.3591815 ], [ 83.0256329, 25.3584216 ], [ 83.0256021, 25.3579478 ], [ 83.0255163, 25.3569456 ], [ 83.0254935, 25.3564814 ], [ 83.0254776, 25.3562774 ], [ 83.025413, 25.3557203 ], [ 83.0253425, 25.354756 ], [ 83.0253178, 25.3542066 ], [ 83.0252504, 25.3536018 ], [ 83.0251461, 25.3531111 ], [ 83.0250174, 25.352556 ], [ 83.0249652, 25.3523479 ], [ 83.0247344, 25.3515379 ], [ 83.0245346, 25.3508726 ], [ 83.0243294, 25.3502406 ], [ 83.0241577, 25.3495297 ], [ 83.0240987, 25.3492667 ], [ 83.0240384, 25.3489 ], [ 83.024025, 25.3488183 ], [ 83.0239834, 25.3484511 ], [ 83.0239601, 25.348054 ], [ 83.0238871, 25.3469351 ] ] } },
{ "type": "Feature", "properties": { "highway": "trunk" }, "geometry": { "type": "LineString", "coordinates": [ [ 82.9735485, 25.3175064 ], [ 82.9732762, 25.3173742 ] ] } },
{ "type": "Feature", "properties": { "highway": "trunk" }, "geometry": { "type": "LineString", "coordinates": [ [ 82.9682782, 25.3160911 ], [ 82.9685783, 25.3160698 ], [ 82.9687554, 25.3160419 ], [ 82.9689686, 25.3160128 ], [ 82.969202, 25.3159946 ], [ 82.9694863, 25.3159789 ], [ 82.9697049, 25.3159886 ], [ 82.9699275, 25.3160298 ], [ 82.9700804, 25.3160807 ], [ 82.9703137, 25.3161947 ], [ 82.9705363, 25.3163232 ], [ 82.9707965, 25.3164699 ], [ 82.9709601, 25.3165377 ], [ 82.9711144, 25.3165838 ], [ 82.9714416, 25.3166735 ], [ 82.9718949, 25.3168032 ], [ 82.9721175, 25.3168881 ], [ 82.9723816, 25.3169941 ], [ 82.9728323, 25.3172021 ], [ 82.9731596, 25.3173548 ], [ 82.9732762, 25.3173742 ] ] } },
{ "type": "Feature", "properties": { "highway": "trunk" }, "geometry": { "type": "LineString", "coordinates": [ [ 83.0318599, 25.3279662 ], [ 83.0320273, 25.3280771 ] ] } },
{ "type": "Feature", "properties": { "highway": "trunk" }, "geometry": { "type": "LineString", "coordinates": [ [ 83.0346767, 25.3266417 ], [ 83.0346492, 25.3265667 ], [ 83.0345996, 25.3264843 ], [ 83.0344708, 25.3262976 ], [ 83.0343515, 25.3261327 ], [ 83.0342222, 25.3259978 ] ] } },
{ "type": "Feature", "properties": { "highway": "trunk" }, "geometry": { "type": "LineString", "coordinates": [ [ 83.0346767, 25.3266417 ], [ 83.0346706, 25.3267673 ], [ 83.0346653, 25.3269449 ], [ 83.0346505, 25.3270419 ], [ 83.034617, 25.3271534 ], [ 83.0345567, 25.3272904 ], [ 83.0343743, 25.327625 ], [ 83.0342589, 25.3277438 ], [ 83.0341543, 25.3278286 ], [ 83.0340269, 25.327888 ], [ 83.033874, 25.3279413 ], [ 83.0336212, 25.3280247 ], [ 83.03295, 25.328208 ], [ 83.0327891, 25.3282371 ], [ 83.0326509, 25.3282408 ], [ 83.0325209, 25.3282286 ], [ 83.0324149, 25.3282044 ], [ 83.0322808, 25.3281595 ], [ 83.0321601, 25.3281074 ], [ 83.0320273, 25.3280771 ] ] } },
{ "type": "Feature", "properties": { "highway": "trunk" }, "geometry": { "type": "LineString", "coordinates": [ [ 83.0312061, 25.3276257 ], [ 83.031083, 25.3275664 ] ] } },
{ "type": "Feature", "properties": { "highway": "trunk" }, "geometry": { "type": "LineString", "coordinates": [ [ 83.0279933, 25.3276274 ], [ 83.027839, 25.3277518 ], [ 83.0276647, 25.3279001 ], [ 83.0275199, 25.3280456 ], [ 83.0272342, 25.3283765 ], [ 83.0269901, 25.3286359 ] ] } },
{ "type": "Feature", "properties": { "highway": "trunk" }, "geometry": { "type": "LineString", "coordinates": [ [ 83.0279933, 25.3276274 ], [ 83.0282454, 25.3275122 ], [ 83.0287296, 25.3272007 ], [ 83.0289978, 25.327031 ], [ 83.0291748, 25.3269376 ], [ 83.0292915, 25.3268867 ], [ 83.0294189, 25.3268516 ], [ 83.0295852, 25.3268504 ], [ 83.0296198, 25.326859 ], [ 83.0296821, 25.3268745 ], [ 83.0300666, 25.3270831 ], [ 83.0301137, 25.3271072 ], [ 83.0305765, 25.3273434 ], [ 83.0309413, 25.3275287 ], [ 83.031083, 25.3275664 ] ] } },
{ "type": "Feature", "properties": { "highway": "trunk" }, "geometry": { "type": "LineString", "coordinates": [ [ 83.0269901, 25.3286359 ], [ 83.0267997, 25.3287874 ], [ 83.0266267, 25.328962 ], [ 83.0263719, 25.3292129 ], [ 83.0261372, 25.3294202 ], [ 83.0254841, 25.3299754 ], [ 83.0252548, 25.3301596 ], [ 83.0250268, 25.3303633 ], [ 83.0249329, 25.3304463 ], [ 83.0248591, 25.3304978 ], [ 83.0247532, 25.3305366 ] ] } },
{ "type": "Feature", "properties": { "highway": "trunk_link" }, "geometry": { "type": "LineString", "coordinates": [ [ 83.010795, 25.3361949 ], [ 83.0108113, 25.3362614 ] ] } },
{ "type": "Feature", "properties": { "highway": "trunk_link" }, "geometry": { "type": "LineString", "coordinates": [ [ 83.0083206, 25.3366349 ], [ 83.0083406, 25.3366938 ] ] } },
{ "type": "Feature", "properties": { "highway": "trunk_link" }, "geometry": { "type": "LineString", "coordinates": [ [ 83.0061655, 25.3362288 ], [ 83.0062016, 25.3361771 ] ] } },
{ "type": "Feature", "properties": { "highway": "trunk_link" }, "geometry": { "type": "LineString", "coordinates": [ [ 83.0052602, 25.3356615 ], [ 83.0053005, 25.3355958 ] ] } },
{ "type": "Feature", "properties": { "highway": "trunk_link" }, "geometry": { "type": "LineString", "coordinates": [ [ 83.0037115, 25.3349569 ], [ 83.0037512, 25.3348948 ] ] } },
{ "type": "Feature", "properties": { "highway": "trunk" }, "geometry": { "type": "LineString", "coordinates": [ [ 82.9995895, 25.3335519 ], [ 82.9997709, 25.3336183 ], [ 83.0001573, 25.3337306 ], [ 83.0008574, 25.3339373 ], [ 83.0018804, 25.3342143 ], [ 83.0023396, 25.3343775 ], [ 83.0025485, 25.3344518 ], [ 83.0028551, 25.3345771 ], [ 83.00306, 25.3346641 ], [ 83.0037115, 25.3349569 ], [ 83.0042249, 25.3351876 ], [ 83.0050654, 25.3355731 ], [ 83.0052602, 25.3356615 ], [ 83.0055392, 25.3358276 ], [ 83.0061655, 25.3362288 ], [ 83.0066872, 25.3365827 ], [ 83.0068964, 25.3367052 ], [ 83.0070088, 25.3367602 ], [ 83.007123, 25.3367985 ], [ 83.0072679, 25.3368373 ], [ 83.0074335, 25.3368512 ], [ 83.0081262, 25.3367318 ], [ 83.0083406, 25.3366938 ], [ 83.0094406, 25.3364988 ], [ 83.0104986, 25.3363185 ], [ 83.0108113, 25.3362614 ], [ 83.0111289, 25.3362033 ], [ 83.0113059, 25.3361549 ], [ 83.0114964, 25.33607 ], [ 83.0116801, 25.3359767 ], [ 83.0118215, 25.3358826 ], [ 83.0118477, 25.3358652 ], [ 83.0119684, 25.3357621 ], [ 83.0120811, 25.3356385 ], [ 83.0122782, 25.3353937 ], [ 83.0126175, 25.3349803 ], [ 83.0129904, 25.3345391 ], [ 83.0132438, 25.3342652 ], [ 83.0134623, 25.3340454 ], [ 83.0136703, 25.3338567 ], [ 83.0140123, 25.3335815 ], [ 83.014648, 25.3331864 ], [ 83.0155331, 25.3326167 ], [ 83.0164941, 25.3320022 ], [ 83.0171156, 25.3316082 ], [ 83.0178062, 25.331166 ], [ 83.0178991, 25.3311065 ] ] } },
{ "type": "Feature", "properties": { "highway": "trunk" }, "geometry": { "type": "LineString", "coordinates": [ [ 83.044618, 25.3143635 ], [ 83.0390569, 25.316102 ] ] } },
{ "type": "Feature", "properties": { "highway": "trunk" }, "geometry": { "type": "LineString", "coordinates": [ [ 82.991348, 25.3420186 ], [ 82.9915474, 25.3418322 ], [ 82.9918131, 25.3415768 ], [ 82.9923734, 25.3410502 ], [ 82.9924351, 25.3409875 ] ] } },
{ "type": "Feature", "properties": { "highway": "trunk_link" }, "geometry": { "type": "LineString", "coordinates": [ [ 82.9945609, 25.3388603 ], [ 82.9945028, 25.3388175 ] ] } },
{ "type": "Feature", "properties": { "highway": "trunk" }, "geometry": { "type": "LineString", "coordinates": [ [ 82.9963312, 25.334184 ], [ 82.996299, 25.3352955 ] ] } },
{ "type": "Feature", "properties": { "highway": "trunk" }, "geometry": { "type": "LineString", "coordinates": [ [ 82.9964064, 25.3329922 ], [ 82.9963465, 25.3333328 ], [ 82.9963312, 25.334184 ] ] } },
{ "type": "Feature", "properties": { "highway": "trunk" }, "geometry": { "type": "LineString", "coordinates": [ [ 82.996299, 25.3352955 ], [ 82.9962681, 25.3357282 ], [ 82.9962172, 25.3363779 ], [ 82.9961903, 25.3367464 ], [ 82.9961675, 25.3368142 ], [ 82.9961327, 25.3368809 ], [ 82.9960931, 25.3369348 ], [ 82.9960154, 25.3370215 ], [ 82.9953745, 25.3377615 ], [ 82.9950234, 25.3381995 ], [ 82.9946695, 25.3386151 ], [ 82.9945028, 25.3388175 ], [ 82.9942109, 25.3391718 ], [ 82.993885, 25.3395136 ], [ 82.9937818, 25.3396093 ], [ 82.993367, 25.3400151 ], [ 82.9925154, 25.3408581 ], [ 82.9924351, 25.3409875 ] ] } },
{ "type": "Feature", "properties": { "highway": "trunk" }, "geometry": { "type": "LineString", "coordinates": [ [ 82.9936192, 25.3494437 ], [ 82.993722, 25.349115 ], [ 82.9937611, 25.3489998 ], [ 82.9938897, 25.3485976 ], [ 82.9940789, 25.3480061 ], [ 82.9941871, 25.3476679 ], [ 82.9942636, 25.3474286 ] ] } },
{ "type": "Feature", "properties": { "highway": "trunk" }, "geometry": { "type": "LineString", "coordinates": [ [ 82.9965444, 25.3425498 ], [ 82.9964317, 25.3426807 ], [ 82.9963338, 25.3428104 ], [ 82.9962333, 25.3429219 ], [ 82.9960307, 25.3431497 ], [ 82.9958437, 25.3433745 ], [ 82.9956526, 25.3436042 ], [ 82.9954541, 25.3438467 ], [ 82.9951966, 25.3441012 ], [ 82.9950035, 25.3442769 ], [ 82.9948331, 25.3444115 ], [ 82.994585, 25.3445908 ], [ 82.9942612, 25.3448205 ], [ 82.9941391, 25.344932 ], [ 82.9940848, 25.3449999 ], [ 82.9940395, 25.3450867 ], [ 82.9940204, 25.3451593 ], [ 82.9940177, 25.3452417 ], [ 82.9940218, 25.3453738 ], [ 82.9940432, 25.3455653 ], [ 82.9940768, 25.3457762 ], [ 82.9941103, 25.3459701 ], [ 82.9942028, 25.3464028 ], [ 82.9942659, 25.3467397 ], [ 82.9942687, 25.3468751 ], [ 82.9942712, 25.3470003 ], [ 82.9942457, 25.3472779 ], [ 82.9942636, 25.3474286 ] ] } },
{ "type": "Feature", "properties": { "highway": "trunk" }, "geometry": { "type": "LineString", "coordinates": [ [ 82.9965444, 25.3425498 ], [ 82.9966007, 25.3423401 ], [ 82.9966691, 25.3420371 ], [ 82.9967174, 25.3416856 ], [ 82.9967482, 25.341465 ], [ 82.9967818, 25.3411511 ], [ 82.9967938, 25.3410577 ] ] } },
{ "type": "Feature", "properties": { "highway": "trunk" }, "geometry": { "type": "LineString", "coordinates": [ [ 82.9967938, 25.3410577 ], [ 82.996818, 25.3409571 ], [ 82.9968408, 25.3406941 ], [ 82.9968756, 25.3402384 ], [ 82.9968743, 25.3398408 ], [ 82.9968636, 25.3395257 ], [ 82.9968636, 25.3394118 ], [ 82.9968515, 25.3393099 ], [ 82.996826, 25.3391936 ], [ 82.996708, 25.3387997 ], [ 82.9965511, 25.3383415 ], [ 82.9964612, 25.3380736 ], [ 82.99637, 25.33779 ], [ 82.9963164, 25.3375573 ], [ 82.9962748, 25.3373136 ], [ 82.9962198, 25.336847 ] ] } },
{ "type": "Feature", "properties": { "highway": "trunk" }, "geometry": { "type": "LineString", "coordinates": [ [ 82.9961436, 25.3369663 ], [ 82.9962091, 25.3373924 ], [ 82.9962721, 25.3377209 ], [ 82.9963526, 25.3380045 ], [ 82.9964532, 25.3382954 ], [ 82.9966624, 25.3388578 ], [ 82.9967603, 25.3391996 ], [ 82.9967831, 25.3393136 ], [ 82.9967992, 25.3394869 ], [ 82.9968072, 25.3397039 ], [ 82.9968139, 25.340236 ], [ 82.9967898, 25.3406165 ], [ 82.996763, 25.340939 ], [ 82.9967938, 25.3410577 ] ] } },
{ "type": "Feature", "properties": { "highway": "primary" }, "geometry": { "type": "LineString", "coordinates": [ [ 82.9692397, 25.3021036 ], [ 82.969031, 25.3020302 ], [ 82.9685912, 25.3019247 ] ] } },
{ "type": "Feature", "properties": { "highway": "primary" }, "geometry": { "type": "LineString", "coordinates": [ [ 82.9498725, 25.3004094 ], [ 82.9499598, 25.300373 ], [ 82.9500939, 25.3003318 ], [ 82.950228, 25.3003063 ], [ 82.9504962, 25.3003124 ], [ 82.9511788, 25.3003706 ], [ 82.9521149, 25.300487 ], [ 82.952925, 25.3006179 ], [ 82.9539402, 25.3007634 ], [ 82.9540841, 25.3007771 ], [ 82.9547314, 25.3008386 ], [ 82.9552813, 25.3008762 ], [ 82.9558194, 25.3008921 ], [ 82.9558982, 25.3008944 ], [ 82.956313, 25.300918 ], [ 82.9571851, 25.3009678 ], [ 82.9575558, 25.3009889 ], [ 82.9583752, 25.3010168 ], [ 82.959259, 25.3010629 ], [ 82.9596921, 25.3010876 ], [ 82.960453, 25.301131 ], [ 82.9618312, 25.3012496 ], [ 82.96288, 25.301349 ], [ 82.964146, 25.3014994 ], [ 82.9645349, 25.3015588 ], [ 82.9648595, 25.3016243 ], [ 82.9651451, 25.3016861 ], [ 82.9653825, 25.3017273 ], [ 82.9658067, 25.301798 ], [ 82.9661228, 25.3018255 ], [ 82.9664299, 25.3018389 ], [ 82.9672144, 25.3018583 ], [ 82.9679534, 25.3018934 ], [ 82.9684721, 25.301974 ] ] } },
{ "type": "Feature", "properties": { "highway": "secondary" }, "geometry": { "type": "LineString", "coordinates": [ [ 83.0296821, 25.3268745 ], [ 83.0297059, 25.3268225 ] ] } },
{ "type": "Feature", "properties": { "highway": "secondary" }, "geometry": { "type": "LineString", "coordinates": [ [ 83.0297059, 25.3268225 ], [ 83.0297448, 25.3267491 ], [ 83.0297931, 25.3266491 ], [ 83.029844, 25.3265425 ], [ 83.02995, 25.3263146 ], [ 83.0300594, 25.3260834 ], [ 83.0300737, 25.3260017 ] ] } },
{ "type": "Feature", "properties": { "highway": "secondary" }, "geometry": { "type": "LineString", "coordinates": [ [ 83.0300737, 25.3260017 ], [ 83.03, 25.3260689 ], [ 83.0298091, 25.3264643 ], [ 83.0296458, 25.3268109 ], [ 83.0296198, 25.326859 ] ] } },
{ "type": "Feature", "properties": { "highway": "tertiary" }, "geometry": { "type": "LineString", "coordinates": [ [ 82.9919454, 25.3069962 ], [ 82.9917454, 25.3069145 ] ] } },
{ "type": "Feature", "properties": { "highway": "primary" }, "geometry": { "type": "LineString", "coordinates": [ [ 82.9753262, 25.3031785 ], [ 82.9754247, 25.3032059 ] ] } },
{ "type": "Feature", "properties": { "highway": "primary" }, "geometry": { "type": "LineString", "coordinates": [ [ 82.9916266, 25.3069735 ], [ 82.9917233, 25.3069908 ] ] } },
{ "type": "Feature", "properties": { "highway": "primary" }, "geometry": { "type": "LineString", "coordinates": [ [ 82.9916555, 25.3068921 ], [ 82.9912671, 25.3068595 ], [ 82.9902707, 25.3067331 ], [ 82.9897402, 25.3066729 ], [ 82.9894977, 25.3066646 ], [ 82.9892193, 25.3066243 ], [ 82.9889482, 25.3065503 ], [ 82.9886533, 25.3064631 ], [ 82.9884106, 25.3064122 ], [ 82.9881437, 25.3063733 ], [ 82.9878621, 25.3063404 ], [ 82.9877347, 25.3063237 ], [ 82.9875791, 25.3062958 ], [ 82.9872626, 25.3061988 ], [ 82.9866888, 25.306023 ], [ 82.9864901, 25.3059878 ], [ 82.9863574, 25.305983 ], [ 82.9860727, 25.3059854 ], [ 82.9854374, 25.3059902 ], [ 82.9851219, 25.3059913 ], [ 82.9843864, 25.3059939 ], [ 82.9838227, 25.3059721 ], [ 82.9836567, 25.3059535 ], [ 82.9836054, 25.3059478 ], [ 82.9834485, 25.3059078 ], [ 82.9832406, 25.3058351 ], [ 82.9824898, 25.3055709 ], [ 82.9822925, 25.3055283 ], [ 82.9821356, 25.3055041 ], [ 82.9819329, 25.3054811 ], [ 82.9812665, 25.3052667 ], [ 82.9808576, 25.3051402 ], [ 82.9806503, 25.3050761 ], [ 82.9801799, 25.3049139 ], [ 82.9795895, 25.3047051 ], [ 82.979167, 25.3045832 ], [ 82.9789227, 25.3045102 ], [ 82.9788183, 25.304479 ], [ 82.9785112, 25.3043765 ], [ 82.9779721, 25.3042272 ], [ 82.9777119, 25.3041455 ], [ 82.9774792, 25.3040492 ], [ 82.9773793, 25.3039873 ], [ 82.9771929, 25.3038508 ], [ 82.9768999, 25.3036442 ], [ 82.9767289, 25.3035618 ], [ 82.9765728, 25.3035042 ], [ 82.9762086, 25.303397 ] ] } },
{ "type": "Feature", "properties": { "highway": "tertiary" }, "geometry": { "type": "LineString", "coordinates": [ [ 82.9917233, 25.3069908 ], [ 82.9919454, 25.3069962 ] ] } },
{ "type": "Feature", "properties": { "highway": "primary" }, "geometry": { "type": "LineString", "coordinates": [ [ 82.9917454, 25.3069145 ], [ 82.9916555, 25.3068921 ] ] } },
{ "type": "Feature", "properties": { "highway": "tertiary" }, "geometry": { "type": "LineString", "coordinates": [ [ 82.9964371, 25.3047693 ], [ 82.9964586, 25.3046632 ], [ 82.9964615, 25.3044802 ], [ 82.9964471, 25.304153 ], [ 82.9964331, 25.3039589 ], [ 82.9963646, 25.303376 ], [ 82.9963158, 25.3029538 ], [ 82.996283, 25.3026698 ], [ 82.9962743, 25.3025018 ], [ 82.9962675, 25.3023691 ], [ 82.9962641, 25.302222 ], [ 82.9962655, 25.3021819 ], [ 82.9962687, 25.3020897 ], [ 82.9962775, 25.3019456 ], [ 82.9963016, 25.3017989 ], [ 82.9963446, 25.3017055 ], [ 82.9964276, 25.3016207 ] ] } },
{ "type": "Feature", "properties": { "highway": "primary" }, "geometry": { "type": "LineString", "coordinates": [ [ 83.0012287, 25.2971499 ], [ 83.0014256, 25.2973166 ] ] } },
{ "type": "Feature", "properties": { "highway": "primary" }, "geometry": { "type": "LineString", "coordinates": [ [ 83.0014256, 25.2973166 ], [ 83.0014077, 25.2970945 ] ] } },
{ "type": "Feature", "properties": { "highway": "primary" }, "geometry": { "type": "LineString", "coordinates": [ [ 83.0014077, 25.2970945 ], [ 83.0014113, 25.2970889 ] ] } },
{ "type": "Feature", "properties": { "highway": "tertiary" }, "geometry": { "type": "LineString", "coordinates": [ [ 83.0006347, 25.296078 ], [ 83.0008882, 25.2966458 ], [ 83.0009352, 25.2968107 ], [ 83.0009781, 25.2969368 ], [ 83.0010374, 25.2970326 ], [ 83.0011715, 25.2971147 ] ] } },
{ "type": "Feature", "properties": { "highway": "tertiary" }, "geometry": { "type": "LineString", "coordinates": [ [ 83.0006128, 25.2960621 ], [ 83.0006347, 25.296078 ], [ 83.0006732, 25.2960844 ], [ 83.0007092, 25.2960706 ], [ 83.0007273, 25.2960496 ], [ 83.0007339, 25.2960237 ], [ 83.0007278, 25.2959977 ], [ 83.0007052, 25.2959729 ], [ 83.0006719, 25.2959618 ], [ 83.0006369, 25.2959673 ], [ 83.0006097, 25.2959881 ], [ 83.0005985, 25.2960128 ], [ 83.0006, 25.2960395 ], [ 83.0006128, 25.2960621 ] ] } },
{ "type": "Feature", "properties": { "highway": "tertiary" }, "geometry": { "type": "LineString", "coordinates": [ [ 83.0012245, 25.2969011 ], [ 83.001179, 25.2968595 ], [ 83.0010478, 25.2967271 ], [ 83.0009588, 25.296609 ], [ 83.0007894, 25.2962642 ], [ 83.0007461, 25.2961584 ], [ 83.0007092, 25.2960706 ] ] } },
{ "type": "Feature", "properties": { "highway": "tertiary" }, "geometry": { "type": "LineString", "coordinates": [ [ 82.9998389, 25.2926359 ], [ 82.9998675, 25.2926638 ], [ 82.9998996, 25.292666 ], [ 82.999928, 25.2926519 ], [ 82.9999412, 25.2926328 ], [ 82.9999442, 25.2926104 ], [ 82.9999362, 25.292589 ], [ 82.9999154, 25.2925708 ], [ 82.9998874, 25.2925642 ], [ 82.9998594, 25.2925709 ], [ 82.9998423, 25.2925844 ], [ 82.9998324, 25.2926029 ], [ 82.9998317, 25.2926256 ], [ 82.9998389, 25.2926359 ] ] } },
{ "type": "Feature", "properties": { "highway": "tertiary" }, "geometry": { "type": "LineString", "coordinates": [ [ 83.0021713, 25.2928806 ], [ 83.0019401, 25.2928041 ], [ 83.0013874, 25.2926212 ], [ 83.0010851, 25.2925211 ], [ 83.0010178, 25.2925046 ], [ 83.0009248, 25.2924914 ], [ 83.0008126, 25.2924844 ], [ 83.0006741, 25.2924887 ], [ 83.0005151, 25.2924997 ], [ 83.0003278, 25.2925256 ], [ 83.0000143, 25.2925761 ], [ 82.9999362, 25.292589 ] ] } },
{ "type": "Feature", "properties": { "highway": "tertiary" }, "geometry": { "type": "LineString", "coordinates": [ [ 82.999928, 25.2926519 ], [ 82.9999883, 25.2926397 ], [ 83.0002846, 25.2925945 ], [ 83.0003273, 25.2925867 ], [ 83.0005805, 25.2925543 ], [ 83.0006964, 25.2925442 ], [ 83.0008073, 25.2925402 ], [ 83.0008785, 25.2925382 ], [ 83.0009576, 25.2925463 ], [ 83.0010011, 25.2925514 ], [ 83.0011076, 25.2925865 ], [ 83.0016629, 25.2927652 ], [ 83.0021697, 25.2929501 ] ] } },
{ "type": "Feature", "properties": { "highway": "tertiary" }, "geometry": { "type": "LineString", "coordinates": [ [ 82.9998594, 25.2925709 ], [ 82.9998386, 25.2924936 ], [ 82.9997432, 25.2921732 ], [ 82.9996463, 25.2918803 ], [ 82.9993852, 25.2909666 ], [ 82.9993131, 25.2906083 ], [ 82.9992458, 25.2902667 ], [ 82.9992312, 25.2899504 ], [ 82.9991985, 25.2897298 ], [ 82.9991534, 25.2895817 ] ] } },
{ "type": "Feature", "properties": { "highway": "primary" }, "geometry": { "type": "LineString", "coordinates": [ [ 83.0022494, 25.2930223 ], [ 83.0023756, 25.2942722 ], [ 83.0024198, 25.2947095 ], [ 83.0024693, 25.2953315 ], [ 83.0025217, 25.2961014 ], [ 83.0025328, 25.2962131 ], [ 83.0025894, 25.2967851 ], [ 83.0025992, 25.2968437 ] ] } },
{ "type": "Feature", "properties": { "highway": "primary" }, "geometry": { "type": "LineString", "coordinates": [ [ 83.00268, 25.2967664 ], [ 83.0025894, 25.2967851 ], [ 83.0017036, 25.2969684 ], [ 83.0015735, 25.2969744 ], [ 83.0014125, 25.2969626 ] ] } },
{ "type": "Feature", "properties": { "highway": "tertiary" }, "geometry": { "type": "LineString", "coordinates": [ [ 82.9917454, 25.3069145 ], [ 82.9918359, 25.3065942 ], [ 82.9918115, 25.3064605 ] ] } },
{ "type": "Feature", "properties": { "highway": "tertiary" }, "geometry": { "type": "LineString", "coordinates": [ [ 82.9918115, 25.3064605 ], [ 82.9917155, 25.3065858 ], [ 82.9916555, 25.3068921 ] ] } },
{ "type": "Feature", "properties": { "highway": "primary" }, "geometry": { "type": "LineString", "coordinates": [ [ 82.9916266, 25.3069735 ], [ 82.9916555, 25.3068921 ] ] } },
{ "type": "Feature", "properties": { "highway": "trunk_link" }, "geometry": { "type": "LineString", "coordinates": [ [ 82.9484718, 25.2993957 ], [ 82.9485197, 25.2993473 ] ] } },
{ "type": "Feature", "properties": { "highway": "tertiary" }, "geometry": { "type": "LineString", "coordinates": [ [ 82.9964505, 25.304911 ], [ 82.9964371, 25.3047693 ] ] } },
{ "type": "Feature", "properties": { "highway": "tertiary" }, "geometry": { "type": "LineString", "coordinates": [ [ 83.0013833, 25.2999391 ], [ 83.0009879, 25.3000053 ], [ 83.0008286, 25.3000318 ], [ 83.0005257, 25.3000441 ], [ 83.0001954, 25.3000347 ], [ 82.9996735, 25.300034 ], [ 82.9995512, 25.3000461 ], [ 82.9994379, 25.3000562 ], [ 82.9992166, 25.3000907 ], [ 82.9991468, 25.3000788 ], [ 82.9991062, 25.3000917 ], [ 82.9990538, 25.3001073 ] ] } },
{ "type": "Feature", "properties": { "highway": "tertiary" }, "geometry": { "type": "LineString", "coordinates": [ [ 82.9962958, 25.3016467 ], [ 82.9962346, 25.301788 ], [ 82.9962078, 25.3019771 ], [ 82.9961994, 25.3021821 ], [ 82.9961984, 25.3022063 ], [ 82.9962051, 25.302433 ], [ 82.9962126, 25.302503 ], [ 82.9962413, 25.30277 ], [ 82.9962611, 25.30296 ], [ 82.9962923, 25.3032586 ], [ 82.9963707, 25.3039648 ], [ 82.9964063, 25.3046566 ], [ 82.9964371, 25.3047693 ] ] } },
{ "type": "Feature", "properties": { "highway": "primary" }, "geometry": { "type": "LineString", "coordinates": [ [ 82.9904912, 25.3323446 ], [ 82.9906909, 25.3321433 ], [ 82.9908286, 25.332003 ], [ 82.9914233, 25.331397 ], [ 82.9918513, 25.3309464 ], [ 82.9921626, 25.3305952 ] ] } },
{ "type": "Feature", "properties": { "highway": "primary" }, "geometry": { "type": "LineString", "coordinates": [ [ 82.9888918, 25.3334013 ], [ 82.9899102, 25.3327095 ], [ 82.9904912, 25.3323446 ] ] } },
{ "type": "Feature", "properties": { "highway": "tertiary" }, "geometry": { "type": "LineString", "coordinates": [ [ 82.9868241, 25.2822845 ], [ 82.986856, 25.2823426 ], [ 82.9869027, 25.2824276 ], [ 82.9870333, 25.2827084 ], [ 82.9871017, 25.2828925 ], [ 82.987127, 25.2830095 ], [ 82.9871466, 25.2831067 ], [ 82.9871615, 25.2833171 ], [ 82.9873018, 25.2838262 ], [ 82.987315, 25.2839023 ], [ 82.9873175, 25.2839689 ], [ 82.9872624, 25.2840284 ] ] } },
{ "type": "Feature", "properties": { "highway": "tertiary" }, "geometry": { "type": "LineString", "coordinates": [ [ 82.9701098, 25.3874775 ], [ 82.9701329, 25.3870975 ], [ 82.9701356, 25.3870526 ], [ 82.9701886, 25.3861564 ], [ 82.9702001, 25.3859187 ], [ 82.9702744, 25.3843807 ], [ 82.9703058, 25.3836638 ], [ 82.9703279, 25.3832344 ], [ 82.9703379, 25.3830406 ], [ 82.9703575, 25.3826584 ], [ 82.970361, 25.3825784 ], [ 82.9704167, 25.3818291 ], [ 82.9704239, 25.3815926 ], [ 82.9704173, 25.3814081 ], [ 82.9704282, 25.3807672 ], [ 82.9705319, 25.3793169 ], [ 82.970549, 25.3790484 ], [ 82.9706526, 25.3777039 ], [ 82.9706817, 25.3774012 ], [ 82.9707134, 25.3769751 ], [ 82.9707633, 25.3763255 ], [ 82.9707732, 25.3762286 ], [ 82.9708265, 25.3758089 ], [ 82.9708895, 25.375294 ], [ 82.9709733, 25.3745457 ], [ 82.9712354, 25.373588 ], [ 82.9714041, 25.3730763 ], [ 82.9714757, 25.372859 ], [ 82.9715062, 25.3727704 ], [ 82.9716731, 25.3722852 ], [ 82.9717105, 25.3722046 ], [ 82.9718033, 25.3720042 ], [ 82.9719202, 25.3717455 ], [ 82.9721354, 25.3713046 ], [ 82.9722725, 25.3710237 ], [ 82.972302, 25.3709633 ], [ 82.9726259, 25.3702738 ], [ 82.9726967, 25.370123 ], [ 82.9729151, 25.3696151 ], [ 82.9729695, 25.3694886 ], [ 82.9730888, 25.369211 ], [ 82.9731307, 25.3691238 ], [ 82.9733389, 25.3686722 ], [ 82.9733555, 25.3686361 ], [ 82.9734615, 25.368408 ], [ 82.9735735, 25.3681671 ], [ 82.9736396, 25.368025 ], [ 82.9737605, 25.367765 ], [ 82.9740574, 25.3671263 ], [ 82.9741052, 25.3670235 ], [ 82.9741398, 25.3669479 ], [ 82.9742961, 25.3666063 ], [ 82.9743164, 25.3665581 ], [ 82.9744378, 25.3662693 ], [ 82.9744971, 25.3660849 ], [ 82.97451, 25.3660449 ], [ 82.9746536, 25.3655987 ], [ 82.9746856, 25.3654795 ], [ 82.9747616, 25.3651962 ], [ 82.9748561, 25.3647949 ], [ 82.9749106, 25.3645553 ], [ 82.9750205, 25.3640877 ], [ 82.9750575, 25.3639186 ], [ 82.9751023, 25.3637134 ] ] } },
{ "type": "Feature", "properties": { "highway": "primary" }, "geometry": { "type": "LineString", "coordinates": [ [ 83.0054929, 25.3563645 ], [ 83.0054824, 25.3565085 ], [ 83.0054295, 25.3570468 ], [ 83.0053989, 25.3572242 ], [ 83.0053607, 25.3573779 ], [ 83.0053135, 25.3575071 ], [ 83.0051553, 25.3578456 ], [ 83.0051141, 25.3579604 ], [ 83.0050939, 25.358056 ], [ 83.0050919, 25.3581813 ], [ 83.005103, 25.358334 ], [ 83.0051139, 25.3585029 ], [ 83.0051441, 25.3587195 ], [ 83.005166, 25.3589392 ], [ 83.0051956, 25.3591691 ], [ 83.0052123, 25.3594081 ], [ 83.0052174, 25.3594802 ], [ 83.0052253, 25.3599151 ], [ 83.0052255, 25.360531 ], [ 83.0052256, 25.3609491 ], [ 83.0052257, 25.3609674 ], [ 83.0052274, 25.3611807 ] ] } },
{ "type": "Feature", "properties": { "highway": "tertiary" }, "geometry": { "type": "LineString", "coordinates": [ [ 82.9718198, 25.3256151 ], [ 82.9718347, 25.3257954 ], [ 82.9721516, 25.3268526 ], [ 82.9722858, 25.3275493 ], [ 82.9724093, 25.3278601 ], [ 82.9725817, 25.328171 ], [ 82.9728489, 25.3285208 ], [ 82.9732227, 25.3290102 ], [ 82.9733499, 25.3291767 ], [ 82.9738021, 25.3295584 ], [ 82.9738787, 25.3296064 ] ] } },
{ "type": "Feature", "properties": { "highway": "tertiary" }, "geometry": { "type": "LineString", "coordinates": [ [ 82.9673412, 25.2708592 ], [ 82.9679848, 25.2710421 ], [ 82.9681386, 25.2710595 ], [ 82.9683788, 25.2710866 ], [ 82.9685566, 25.2711087 ], [ 82.9691261, 25.2711305 ], [ 82.9691897, 25.2711385 ], [ 82.9692477, 25.2711565 ], [ 82.9693043, 25.2712032 ], [ 82.969347, 25.2712549 ], [ 82.9694844, 25.2717163 ], [ 82.9695191, 25.2719203 ], [ 82.9695649, 25.2719703 ], [ 82.9696302, 25.2720103 ], [ 82.9697719, 25.2720776 ], [ 82.9698589, 25.2721237 ], [ 82.9700957, 25.2721932 ], [ 82.9702516, 25.2722265 ], [ 82.9703885, 25.2722401 ], [ 82.9704103, 25.2722423 ], [ 82.9707719, 25.2722312 ], [ 82.9708619, 25.2722292 ], [ 82.9709879, 25.2722361 ], [ 82.9712525, 25.2722668 ], [ 82.9713321, 25.2722864 ], [ 82.971618, 25.2723566 ], [ 82.9719581, 25.2724787 ], [ 82.9721025, 25.2725338 ], [ 82.972343, 25.2726513 ], [ 82.9724595, 25.2726906 ], [ 82.9725843, 25.2727073 ], [ 82.9728279, 25.2726973 ], [ 82.9728871, 25.2726953 ], [ 82.9730976, 25.2726836 ], [ 82.9736941, 25.2725735 ], [ 82.9738903, 25.2725563 ], [ 82.9739829, 25.272559 ], [ 82.9740671, 25.2725693 ], [ 82.9744347, 25.272681 ], [ 82.9750045, 25.2727973 ], [ 82.9752802, 25.2728511 ], [ 82.9754151, 25.2728827 ], [ 82.9758805, 25.2730026 ], [ 82.9763471, 25.2731255 ], [ 82.9765473, 25.273184 ], [ 82.9769082, 25.2733122 ], [ 82.9769943, 25.2733919 ], [ 82.9770586, 25.273465 ], [ 82.9773043, 25.2737937 ], [ 82.977707, 25.2742465 ], [ 82.9779443, 25.2745453 ], [ 82.9779803, 25.2746116 ], [ 82.9781678, 25.2750318 ], [ 82.9781843, 25.2750688 ], [ 82.9783041, 25.2753717 ], [ 82.9783589, 25.2754901 ], [ 82.9784021, 25.2756422 ], [ 82.9785156, 25.2758369 ], [ 82.9786432, 25.2760215 ], [ 82.9787333, 25.2761006 ], [ 82.9792059, 25.2765642 ], [ 82.9794105, 25.2768011 ], [ 82.9796593, 25.2770531 ], [ 82.979799, 25.2771946 ], [ 82.9798729, 25.2772892 ], [ 82.9800125, 25.2774084 ], [ 82.980315, 25.2776242 ], [ 82.9806894, 25.2781077 ], [ 82.9810037, 25.2785915 ] ] } },
{ "type": "Feature", "properties": { "highway": "primary" }, "geometry": { "type": "LineString", "coordinates": [ [ 82.9685327, 25.2840558 ], [ 82.9683168, 25.2835161 ], [ 82.9682055, 25.283213 ], [ 82.9680161, 25.2827173 ], [ 82.9678877, 25.2824357 ], [ 82.9677629, 25.2821604 ], [ 82.9676972, 25.2819737 ], [ 82.9676557, 25.2817736 ], [ 82.9676127, 25.281548 ], [ 82.9675631, 25.281069 ], [ 82.9674891, 25.2802843 ], [ 82.9674505, 25.2799522 ], [ 82.9673821, 25.2794416 ], [ 82.9673369, 25.2788429 ], [ 82.9673298, 25.2786425 ], [ 82.9673298, 25.2783478 ], [ 82.9673474, 25.2781427 ], [ 82.9673754, 25.2779913 ], [ 82.9674116, 25.2778191 ], [ 82.9675095, 25.2774298 ], [ 82.967611, 25.2770238 ], [ 82.967653, 25.2766488 ], [ 82.967659, 25.2762845 ], [ 82.967653, 25.2757538 ], [ 82.9676341, 25.2755064 ], [ 82.9676034, 25.275105 ], [ 82.9675496, 25.2745539 ], [ 82.9675203, 25.2740561 ], [ 82.9674717, 25.2732329 ], [ 82.9674423, 25.2726815 ], [ 82.9673928, 25.2720235 ], [ 82.9673412, 25.2708592 ] ] } },
{ "type": "Feature", "properties": { "highway": "tertiary" }, "geometry": { "type": "LineString", "coordinates": [ [ 83.0046067, 25.3025378 ], [ 83.0046029, 25.3031797 ], [ 83.0046016, 25.3033905 ], [ 83.004595, 25.3035513 ], [ 83.0046002, 25.3036295 ], [ 83.0046248, 25.303857 ], [ 83.0046424, 25.3040193 ], [ 83.0046603, 25.3040931 ], [ 83.0047317, 25.304387 ], [ 83.0047803, 25.3045868 ], [ 83.0048023, 25.3046771 ], [ 83.0049436, 25.3051349 ], [ 83.0049984, 25.3053788 ], [ 83.0050295, 25.3055171 ], [ 83.0051154, 25.3057333 ], [ 83.0051465, 25.3058117 ], [ 83.005176, 25.3058859 ], [ 83.0053719, 25.3063788 ], [ 83.0056528, 25.3072017 ] ] } },
{ "type": "Feature", "properties": { "highway": "tertiary" }, "geometry": { "type": "LineString", "coordinates": [ [ 83.0109575, 25.3132729 ], [ 83.0110071, 25.3133303 ], [ 83.0110824, 25.3134078 ], [ 83.0111416, 25.3134602 ], [ 83.0112062, 25.3135157 ], [ 83.0112473, 25.313558 ], [ 83.0112674, 25.313591 ], [ 83.0112799, 25.3136394 ], [ 83.0112854, 25.3136952 ], [ 83.0112899, 25.3137515 ], [ 83.0112891, 25.3139947 ] ] } },
{ "type": "Feature", "properties": { "highway": "tertiary" }, "geometry": { "type": "LineString", "coordinates": [ [ 82.9892626, 25.2982091 ], [ 82.9892965, 25.2982447 ], [ 82.989344, 25.2982613 ], [ 82.9893905, 25.2982585 ], [ 82.9894934, 25.2982365 ], [ 82.9895756, 25.2982186 ], [ 82.9897529, 25.2981801 ], [ 82.9900861, 25.2981248 ], [ 82.9902764, 25.2980965 ], [ 82.9906306, 25.2980883 ], [ 82.9907125, 25.2980872 ], [ 82.9908836, 25.2980991 ], [ 82.9910535, 25.298111 ], [ 82.9912179, 25.2981225 ], [ 82.9914102, 25.2981014 ], [ 82.9916091, 25.2980646 ], [ 82.9918029, 25.2980088 ], [ 82.9919426, 25.2979556 ], [ 82.9920887, 25.2979023 ], [ 82.9922107, 25.2978463 ], [ 82.9922579, 25.2977641 ], [ 82.9929876, 25.2975552 ], [ 82.9930814, 25.2974988 ], [ 82.9931818, 25.2975257 ], [ 82.9932375, 25.2975498 ] ] } },
{ "type": "Feature", "properties": { "highway": "tertiary" }, "geometry": { "type": "LineString", "coordinates": [ [ 82.955954, 25.257602 ], [ 82.9560565, 25.2578292 ], [ 82.9567048, 25.2588481 ], [ 82.9570616, 25.2594163 ], [ 82.9571921, 25.2595805 ], [ 82.957259, 25.2596647 ], [ 82.957492, 25.2599292 ], [ 82.9576796, 25.2602547 ], [ 82.9577264, 25.2604486 ], [ 82.9577273, 25.2604968 ], [ 82.9577304, 25.2606624 ], [ 82.9577827, 25.260968 ], [ 82.9580026, 25.2616048 ], [ 82.9580944, 25.2617978 ], [ 82.9581173, 25.2618459 ], [ 82.9583638, 25.2627468 ], [ 82.9583941, 25.2631532 ], [ 82.9583852, 25.2633238 ], [ 82.9583667, 25.2634216 ], [ 82.9583652, 25.2635053 ], [ 82.9583697, 25.2636701 ], [ 82.9583739, 25.2638252 ], [ 82.9583956, 25.2642472 ], [ 82.9584601, 25.264601 ], [ 82.9585116, 25.2648891 ], [ 82.9586182, 25.2652412 ], [ 82.9586666, 25.2654631 ], [ 82.9587477, 25.2657985 ], [ 82.9587868, 25.2659599 ], [ 82.9587928, 25.2660015 ], [ 82.9588149, 25.2661544 ], [ 82.9588641, 25.2664954 ], [ 82.9589163, 25.2667503 ], [ 82.9589928, 25.2671242 ], [ 82.959038, 25.2673184 ], [ 82.9590958, 25.2675666 ], [ 82.9592004, 25.2678955 ], [ 82.959283, 25.2682559 ], [ 82.9593169, 25.2685858 ], [ 82.9593721, 25.2690003 ], [ 82.9593905, 25.2690792 ], [ 82.9600982, 25.2692434 ], [ 82.9604808, 25.269344 ], [ 82.9606823, 25.2694082 ], [ 82.9608229, 25.2694392 ], [ 82.9610855, 25.2695007 ], [ 82.9613026, 25.2695393 ], [ 82.9617213, 25.269581 ], [ 82.9618488, 25.2695928 ], [ 82.9619719, 25.2696036 ], [ 82.9625119, 25.2696157 ], [ 82.9626228, 25.2696157 ], [ 82.9630612, 25.2696157 ], [ 82.9631541, 25.2696318 ], [ 82.9636448, 25.2697699 ], [ 82.9640045, 25.2698659 ], [ 82.9642902, 25.2699882 ], [ 82.9645472, 25.2700624 ], [ 82.9647915, 25.2701267 ], [ 82.9650582, 25.2701894 ], [ 82.9663947, 25.2706033 ], [ 82.9667659, 25.2706931 ], [ 82.9672506, 25.2708422 ], [ 82.9673412, 25.2708592 ] ] } },
{ "type": "Feature", "properties": { "highway": "primary" }, "geometry": { "type": "LineString", "coordinates": [ [ 82.9271512, 25.2888603 ], [ 82.9275808, 25.2890751 ], [ 82.9285996, 25.2895141 ], [ 82.9298298, 25.2900375 ], [ 82.9302916, 25.2902358 ], [ 82.9309309, 25.2905104 ], [ 82.9321847, 25.2910506 ], [ 82.9327518, 25.2912995 ], [ 82.9333333, 25.2915601 ], [ 82.9338909, 25.2918067 ], [ 82.9348682, 25.2922687 ], [ 82.9358527, 25.2927439 ], [ 82.9365248, 25.2930652 ], [ 82.9369739, 25.2932799 ], [ 82.9376203, 25.2935936 ], [ 82.9387549, 25.2941723 ], [ 82.9394781, 25.2945368 ], [ 82.9408848, 25.2952468 ], [ 82.9412143, 25.2954123 ], [ 82.9422026, 25.2959089 ], [ 82.9425168, 25.2960734 ], [ 82.9436891, 25.296694 ], [ 82.9448249, 25.2972863 ], [ 82.9451044, 25.297432 ], [ 82.9455801, 25.2976717 ], [ 82.9460746, 25.2979351 ], [ 82.9462706, 25.298037 ], [ 82.9467538, 25.2982915 ], [ 82.9470456, 25.2984452 ], [ 82.9470592, 25.2984531 ], [ 82.9471268, 25.2984925 ], [ 82.9471891, 25.2985288 ], [ 82.9473245, 25.2986137 ], [ 82.9475458, 25.2987604 ], [ 82.9478739, 25.2989803 ], [ 82.9484718, 25.2993957 ], [ 82.948793, 25.2996189 ], [ 82.949375, 25.3000249 ], [ 82.9497707, 25.300316 ], [ 82.9498725, 25.3004094 ], [ 82.9499879, 25.3005088 ], [ 82.950173, 25.3007052 ], [ 82.9504198, 25.3010374 ], [ 82.9510765, 25.3019627 ], [ 82.9518521, 25.3030356 ], [ 82.9528357, 25.3043435 ], [ 82.9534665, 25.3051889 ], [ 82.953504, 25.3052404 ] ] } },
{ "type": "Feature", "properties": { "highway": "primary" }, "geometry": { "type": "LineString", "coordinates": [ [ 82.9535587, 25.3051674 ], [ 82.9528955, 25.3042941 ], [ 82.952292, 25.3035011 ], [ 82.9519245, 25.3030004 ], [ 82.951152, 25.3019347 ], [ 82.9503621, 25.3008241 ], [ 82.9501851, 25.3006022 ], [ 82.9500765, 25.3004882 ], [ 82.9499598, 25.300373 ], [ 82.9498587, 25.3002879 ], [ 82.9494207, 25.2999729 ], [ 82.9485197, 25.2993473 ], [ 82.9481981, 25.299124 ], [ 82.9479535, 25.2989605 ], [ 82.9476356, 25.2987398 ], [ 82.9474063, 25.2985834 ], [ 82.9471636, 25.2984355 ], [ 82.9465869, 25.2981227 ], [ 82.9462959, 25.2979759 ], [ 82.9461189, 25.2978802 ], [ 82.9456159, 25.2976122 ], [ 82.9452351, 25.2974134 ], [ 82.9451439, 25.2973624 ], [ 82.9443593, 25.2969538 ], [ 82.9437196, 25.296618 ], [ 82.9427889, 25.2961317 ], [ 82.9425086, 25.2959935 ], [ 82.9422162, 25.2958432 ], [ 82.9412507, 25.2953496 ], [ 82.9409298, 25.2951856 ], [ 82.9396293, 25.2945324 ], [ 82.9395126, 25.2944706 ], [ 82.9392189, 25.2943154 ], [ 82.9376873, 25.2935527 ], [ 82.9375371, 25.2934812 ], [ 82.9365635, 25.2930034 ], [ 82.9360133, 25.2927366 ], [ 82.9354276, 25.2924529 ], [ 82.9348938, 25.2921971 ], [ 82.9345854, 25.2920504 ], [ 82.9343171, 25.2919231 ], [ 82.9339068, 25.2917412 ], [ 82.9333529, 25.291495 ], [ 82.9330766, 25.2913738 ], [ 82.9327749, 25.2912331 ], [ 82.9321982, 25.2909857 ], [ 82.9316041, 25.2907287 ], [ 82.9303367, 25.2901794 ], [ 82.9299554, 25.2900174 ], [ 82.9293469, 25.289759 ], [ 82.9291979, 25.2896938 ], [ 82.9290177, 25.2896149 ], [ 82.9286341, 25.2894583 ], [ 82.9284856, 25.2893977 ], [ 82.9276384, 25.2890214 ], [ 82.9272923, 25.2888428 ], [ 82.9271919, 25.288791 ] ] } },
{ "type": "Feature", "properties": { "highway": "primary" }, "geometry": { "type": "LineString", "coordinates": [ [ 82.9997367, 25.3251466 ], [ 82.9997469, 25.3251181 ], [ 82.9997912, 25.3250575 ], [ 82.9998395, 25.3249472 ], [ 82.9998623, 25.3247751 ], [ 82.9999146, 25.3242877 ], [ 82.999928, 25.3241217 ], [ 82.9999481, 25.3239908 ], [ 82.9999776, 25.323861 ], [ 83.0000567, 25.3236562 ], [ 83.0000702, 25.3235895 ], [ 83.0000755, 25.3234986 ], [ 83.0000675, 25.3234283 ], [ 83.0000257, 25.323333 ], [ 82.9999736, 25.3232161 ] ] } },
{ "type": "Feature", "properties": { "highway": "tertiary_link" }, "geometry": { "type": "LineString", "coordinates": [ [ 83.0178991, 25.3311065 ], [ 83.0178599, 25.3310506 ] ] } },
{ "type": "Feature", "properties": { "highway": "trunk" }, "geometry": { "type": "LineString", "coordinates": [ [ 83.0178991, 25.3311065 ], [ 83.0183273, 25.3308472 ], [ 83.0188268, 25.3305536 ], [ 83.0189864, 25.330476 ], [ 83.0191621, 25.3304166 ], [ 83.0193499, 25.330379 ], [ 83.0196932, 25.3303621 ], [ 83.0204563, 25.3303499 ], [ 83.0211778, 25.330333 ], [ 83.0214472, 25.3303177 ], [ 83.0221514, 25.330259 ], [ 83.0225404, 25.3302142 ], [ 83.0229682, 25.3302008 ], [ 83.0231707, 25.330219 ], [ 83.0233705, 25.3302542 ], [ 83.0237192, 25.3303499 ] ] } },
{ "type": "Feature", "properties": { "highway": "trunk_link" }, "geometry": { "type": "LineString", "coordinates": [ [ 82.9994396, 25.333382 ], [ 82.9993912, 25.3333113 ], [ 82.9992746, 25.3332565 ], [ 82.9989634, 25.3331329 ], [ 82.9987006, 25.333082 ], [ 82.9981098, 25.3330836 ], [ 82.9975347, 25.3330452 ], [ 82.9968764, 25.3328229 ], [ 82.9965438, 25.3326902 ], [ 82.9964475, 25.3326118 ] ] } },
{ "type": "Feature", "properties": { "highway": "trunk" }, "geometry": { "type": "LineString", "coordinates": [ [ 82.9813565, 25.3214163 ], [ 82.9813884, 25.3213598 ] ] } },
{ "type": "Feature", "properties": { "highway": "trunk" }, "geometry": { "type": "LineString", "coordinates": [ [ 82.9769404, 25.3506245 ], [ 82.9768179, 25.3506446 ], [ 82.9765914, 25.3507829 ], [ 82.9764258, 25.3508853 ], [ 82.9762649, 25.3509653 ], [ 82.9761341, 25.3510126 ], [ 82.9758438, 25.3511023 ], [ 82.9754937, 25.3511956 ], [ 82.9752195, 25.351261 ] ] } },
{ "type": "Feature", "properties": { "highway": "tertiary" }, "geometry": { "type": "LineString", "coordinates": [ [ 82.9707134, 25.3209335 ], [ 82.9708974, 25.3211659 ], [ 82.9711151, 25.3215397 ], [ 82.9714386, 25.3222219 ], [ 82.9717262, 25.3231755 ], [ 82.9718671, 25.324109 ], [ 82.9718671, 25.3244651 ], [ 82.9718671, 25.3248228 ], [ 82.9718506, 25.3251502 ], [ 82.9718457, 25.3252459 ], [ 82.9718375, 25.325276 ], [ 82.9718298, 25.3253749 ], [ 82.9718215, 25.325408 ], [ 82.9718199, 25.3255128 ], [ 82.9718198, 25.325564 ], [ 82.9718198, 25.3256151 ] ] } },
{ "type": "Feature", "properties": { "highway": "tertiary" }, "geometry": { "type": "LineString", "coordinates": [ [ 82.9699459, 25.3203032 ], [ 82.9699391, 25.3203516 ], [ 82.9703081, 25.3205949 ], [ 82.9703678, 25.3206488 ], [ 82.9705725, 25.320829 ], [ 82.9707134, 25.3209335 ] ] } },
{ "type": "Feature", "properties": { "highway": "primary" }, "geometry": { "type": "LineString", "coordinates": [ [ 83.0011679, 25.2969386 ], [ 83.0011367, 25.2969955 ], [ 83.0011381, 25.2970589 ], [ 83.0011715, 25.2971147 ], [ 83.0012287, 25.2971499 ], [ 83.0012959, 25.297158 ], [ 83.0013601, 25.2971381 ], [ 83.0014077, 25.2970945 ] ] } },
{ "type": "Feature", "properties": { "highway": "primary" }, "geometry": { "type": "LineString", "coordinates": [ [ 83.0014113, 25.2970889 ], [ 83.0014294, 25.2970259 ], [ 83.0014125, 25.2969626 ], [ 83.0013642, 25.2969138 ], [ 83.0012961, 25.2968915 ], [ 83.0012245, 25.2969011 ], [ 83.0011679, 25.2969386 ] ] } },
{ "type": "Feature", "properties": { "highway": "tertiary" }, "geometry": { "type": "LineString", "coordinates": [ [ 82.9996331, 25.3086042 ], [ 82.999732, 25.30866 ], [ 83.0004764, 25.3087145 ], [ 83.0010123, 25.3088184 ], [ 83.0015337, 25.3089531 ], [ 83.0017751, 25.309013 ], [ 83.0022095, 25.3091216 ] ] } },
{ "type": "Feature", "properties": { "highway": "tertiary" }, "geometry": { "type": "LineString", "coordinates": [ [ 83.0052896, 25.3095428 ], [ 83.0050931, 25.3095799 ], [ 83.0048477, 25.3095704 ], [ 83.0041914, 25.3095235 ] ] } },
{ "type": "Feature", "properties": { "highway": "primary" }, "geometry": { "type": "LineString", "coordinates": [ [ 83.005478, 25.3096119 ], [ 83.0055072, 25.3096157 ], [ 83.0055364, 25.3096117 ], [ 83.005563, 25.3096001 ], [ 83.0055879, 25.3095784 ], [ 83.0056032, 25.3095503 ], [ 83.0056071, 25.3095193 ], [ 83.005599, 25.3094888 ], [ 83.005582, 25.3094646 ], [ 83.0055575, 25.3094464 ], [ 83.0055279, 25.309436 ], [ 83.0054961, 25.3094344 ], [ 83.0054655, 25.3094419 ], [ 83.0054419, 25.3094553 ], [ 83.0054233, 25.309474 ], [ 83.0054111, 25.3094967 ], [ 83.0054062, 25.3095214 ], [ 83.0054084, 25.309544 ], [ 83.0054168, 25.3095654 ], [ 83.0054314, 25.3095851 ], [ 83.0054512, 25.3096006 ], [ 83.005478, 25.3096119 ] ] } },
{ "type": "Feature", "properties": { "highway": "primary" }, "geometry": { "type": "LineString", "coordinates": [ [ 83.0055698, 25.3096431 ], [ 83.005563, 25.3096001 ] ] } },
{ "type": "Feature", "properties": { "highway": "tertiary" }, "geometry": { "type": "LineString", "coordinates": [ [ 83.0054062, 25.3095214 ], [ 83.0052896, 25.3095428 ] ] } },
{ "type": "Feature", "properties": { "highway": "tertiary" }, "geometry": { "type": "LineString", "coordinates": [ [ 83.0057603, 25.309439 ], [ 83.005599, 25.3094888 ] ] } },
{ "type": "Feature", "properties": { "highway": "primary" }, "geometry": { "type": "LineString", "coordinates": [ [ 83.0054512, 25.3096006 ], [ 83.0054647, 25.3096806 ] ] } },
{ "type": "Feature", "properties": { "highway": "tertiary" }, "geometry": { "type": "LineString", "coordinates": [ [ 83.0038109, 25.3094881 ], [ 83.0041906, 25.3095705 ], [ 83.0051253, 25.3096222 ], [ 83.0054168, 25.3095654 ] ] } },
{ "type": "Feature", "properties": { "highway": "tertiary" }, "geometry": { "type": "LineString", "coordinates": [ [ 82.9967324, 25.3077008 ], [ 82.9974885, 25.3078606 ], [ 82.9982205, 25.3080964 ], [ 82.9985386, 25.308241 ], [ 82.9988666, 25.3083835 ], [ 82.9990973, 25.3084632 ], [ 82.9993806, 25.3085514 ], [ 82.999472, 25.3085705 ], [ 82.9996331, 25.3086042 ] ] } },
{ "type": "Feature", "properties": { "highway": "primary_link" }, "geometry": { "type": "LineString", "coordinates": [ [ 82.964373, 25.2621932 ], [ 82.964436, 25.2621657 ] ] } },
{ "type": "Feature", "properties": { "highway": "primary_link" }, "geometry": { "type": "LineString", "coordinates": [ [ 82.9646908, 25.2627729 ], [ 82.9647519, 25.2627508 ] ] } },
{ "type": "Feature", "properties": { "highway": "primary_link" }, "geometry": { "type": "LineString", "coordinates": [ [ 82.9649231, 25.2632562 ], [ 82.9649893, 25.263228 ] ] } },
{ "type": "Feature", "properties": { "highway": "primary" }, "geometry": { "type": "LineString", "coordinates": [ [ 82.9868375, 25.3247678 ], [ 82.98658, 25.3244201 ], [ 82.9862581, 25.3239571 ], [ 82.9858585, 25.3233822 ], [ 82.985656, 25.3231725 ], [ 82.9854695, 25.3230404 ], [ 82.984056, 25.3221627 ], [ 82.9838482, 25.3220584 ], [ 82.9836296, 25.3219784 ], [ 82.9836076, 25.3219722 ], [ 82.9827874, 25.3217407 ], [ 82.9821506, 25.3215579 ], [ 82.9820074, 25.3215533 ] ] } },
{ "type": "Feature", "properties": { "highway": "primary" }, "geometry": { "type": "LineString", "coordinates": [ [ 82.9871578, 25.325266 ], [ 82.9868911, 25.3248512 ] ] } },
{ "type": "Feature", "properties": { "highway": "primary" }, "geometry": { "type": "LineString", "coordinates": [ [ 82.9868911, 25.3248512 ], [ 82.9868375, 25.3247678 ] ] } },
{ "type": "Feature", "properties": { "highway": "tertiary" }, "geometry": { "type": "LineString", "coordinates": [ [ 82.9731102, 25.3690087 ], [ 82.9730664, 25.3691036 ], [ 82.9728451, 25.3695826 ], [ 82.9719866, 25.3714409 ], [ 82.9718475, 25.3717311 ], [ 82.9717505, 25.3719256 ], [ 82.9715038, 25.372546 ], [ 82.9714099, 25.3728087 ], [ 82.9713608, 25.372946 ], [ 82.9712999, 25.3731334 ], [ 82.9711476, 25.3736019 ], [ 82.9709861, 25.374098 ], [ 82.9708516, 25.3748366 ], [ 82.9708233, 25.3752934 ], [ 82.9707879, 25.3755337 ], [ 82.9707066, 25.3762238 ], [ 82.9706569, 25.3766977 ], [ 82.9706074, 25.3773149 ], [ 82.9705331, 25.3781974 ], [ 82.9704658, 25.3791311 ], [ 82.9704375, 25.379582 ], [ 82.9703703, 25.3804645 ], [ 82.9703526, 25.3807683 ], [ 82.9703382, 25.3810172 ], [ 82.9703312, 25.3814309 ], [ 82.9703248, 25.3818148 ], [ 82.9703148, 25.3824095 ], [ 82.9702354, 25.3832787 ], [ 82.9702116, 25.3836606 ], [ 82.9701981, 25.3840001 ], [ 82.970114, 25.385557 ], [ 82.9700952, 25.3859401 ] ] } },
{ "type": "Feature", "properties": { "highway": "tertiary" }, "geometry": { "type": "LineString", "coordinates": [ [ 82.9757068, 25.3526956 ], [ 82.9756639, 25.3528117 ], [ 82.9756854, 25.3530356 ], [ 82.9757363, 25.3533068 ], [ 82.9759348, 25.35408 ], [ 82.9760957, 25.3548314 ], [ 82.9761735, 25.3551586 ], [ 82.9762781, 25.3556725 ], [ 82.9763157, 25.3558882 ], [ 82.976305, 25.3561136 ], [ 82.9762636, 25.3563622 ], [ 82.9762433, 25.3564845 ], [ 82.9761896, 25.3568068 ], [ 82.9761521, 25.357105 ], [ 82.9761139, 25.357316 ], [ 82.9760636, 25.3576527 ], [ 82.9759804, 25.3580139 ], [ 82.975886, 25.358482 ], [ 82.975857, 25.3585738 ], [ 82.9758061, 25.3588258 ], [ 82.9757578, 25.359044 ], [ 82.975672, 25.3594584 ], [ 82.9756621, 25.35953 ], [ 82.9756398, 25.3596935 ], [ 82.9755593, 25.3601371 ], [ 82.9755378, 25.3603213 ], [ 82.9754334, 25.3609481 ], [ 82.9753131, 25.3616038 ], [ 82.9752564, 25.3620099 ], [ 82.9751583, 25.3627822 ], [ 82.9751361, 25.3629565 ], [ 82.9750335, 25.3635802 ], [ 82.9750087, 25.3636953 ], [ 82.9748539, 25.3645567 ], [ 82.9746194, 25.3654862 ], [ 82.9745761, 25.3656059 ], [ 82.9744353, 25.3660365 ], [ 82.9743985, 25.3661689 ], [ 82.9740174, 25.3670684 ], [ 82.9737296, 25.367688 ], [ 82.9735826, 25.3680028 ], [ 82.9734116, 25.368367 ], [ 82.9731102, 25.3690087 ] ] } },
{ "type": "Feature", "properties": { "highway": "tertiary" }, "geometry": { "type": "LineString", "coordinates": [ [ 82.9752493, 25.3513095 ], [ 82.9753414, 25.3514407 ], [ 82.975398, 25.3515559 ], [ 82.9755457, 25.3519124 ], [ 82.9756196, 25.3521253 ], [ 82.9756821, 25.3523237 ], [ 82.9756979, 25.3524015 ], [ 82.9757024, 25.352419 ], [ 82.9757177, 25.3524788 ], [ 82.9757168, 25.3526131 ], [ 82.9757068, 25.3526956 ] ] } },
{ "type": "Feature", "properties": { "highway": "primary" }, "geometry": { "type": "LineString", "coordinates": [ [ 82.9873762, 25.3255922 ], [ 82.9871578, 25.325266 ] ] } },
{ "type": "Feature", "properties": { "highway": "primary" }, "geometry": { "type": "LineString", "coordinates": [ [ 82.987822, 25.3261645 ], [ 82.9874678, 25.3257291 ], [ 82.9873762, 25.3255922 ] ] } },
{ "type": "Feature", "properties": { "highway": "primary" }, "geometry": { "type": "LineString", "coordinates": [ [ 82.9879545, 25.3263415 ], [ 82.987822, 25.3261645 ] ] } },
{ "type": "Feature", "properties": { "highway": "primary" }, "geometry": { "type": "LineString", "coordinates": [ [ 82.9998393, 25.3241164 ], [ 82.9998255, 25.3242809 ], [ 82.9997734, 25.3247664 ], [ 82.9997413, 25.3249496 ], [ 82.9997114, 25.32502 ], [ 82.9996782, 25.3250655 ], [ 82.9996377, 25.3250995 ], [ 82.9995844, 25.3251262 ], [ 82.9993593, 25.3251806 ], [ 82.9991406, 25.3252556 ], [ 82.998888, 25.3253773 ], [ 82.9986554, 25.3255245 ] ] } },
{ "type": "Feature", "properties": { "highway": "primary" }, "geometry": { "type": "LineString", "coordinates": [ [ 83.0054647, 25.3096806 ], [ 83.0054677, 25.3096955 ], [ 83.0054886, 25.3099899 ], [ 83.0054873, 25.3102574 ], [ 83.005473, 25.3104546 ], [ 83.0054397, 25.3106304 ], [ 83.0053455, 25.3108913 ], [ 83.0050065, 25.3116453 ], [ 83.0049239, 25.3117945 ], [ 83.0047694, 25.3121083 ], [ 83.0046455, 25.3123597 ], [ 83.0043125, 25.3129658 ] ] } },
{ "type": "Feature", "properties": { "highway": "primary" }, "geometry": { "type": "LineString", "coordinates": [ [ 83.0024479, 25.2942291 ], [ 83.0024044, 25.29375 ], [ 83.0023603, 25.2931828 ], [ 83.0023604, 25.2930042 ] ] } },
{ "type": "Feature", "properties": { "highway": "tertiary" }, "geometry": { "type": "LineString", "coordinates": [ [ 82.99188, 25.3245066 ], [ 82.9919146, 25.3243878 ], [ 82.9919307, 25.3241273 ] ] } },
{ "type": "Feature", "properties": { "highway": "tertiary" }, "geometry": { "type": "LineString", "coordinates": [ [ 83.0022095, 25.3091216 ], [ 83.0031644, 25.309331 ], [ 83.0038109, 25.3094881 ] ] } },
{ "type": "Feature", "properties": { "highway": "tertiary" }, "geometry": { "type": "LineString", "coordinates": [ [ 82.9808427, 25.3051985 ], [ 82.9808576, 25.3051402 ] ] } },
{ "type": "Feature", "properties": { "highway": "primary" }, "geometry": { "type": "LineString", "coordinates": [ [ 82.9964703, 25.3328188 ], [ 82.9964475, 25.3326118 ] ] } },
{ "type": "Feature", "properties": { "highway": "primary" }, "geometry": { "type": "LineString", "coordinates": [ [ 82.9964475, 25.3326118 ], [ 82.9963784, 25.3325573 ] ] } },
{ "type": "Feature", "properties": { "highway": "primary" }, "geometry": { "type": "LineString", "coordinates": [ [ 82.9963784, 25.3325573 ], [ 82.9963772, 25.332776 ] ] } },
{ "type": "Feature", "properties": { "highway": "tertiary" }, "geometry": { "type": "LineString", "coordinates": [ [ 82.9990538, 25.3001073 ], [ 82.9989219, 25.3001112 ], [ 82.9988194, 25.3001516 ], [ 82.9981097, 25.3006877 ], [ 82.9976272, 25.3010374 ], [ 82.9973924, 25.3011945 ], [ 82.9972775, 25.3012453 ], [ 82.9970009, 25.301333 ], [ 82.9965401, 25.3014973 ], [ 82.9964566, 25.3015298 ], [ 82.996354, 25.3015867 ], [ 82.9962958, 25.3016467 ] ] } },
{ "type": "Feature", "properties": { "highway": "primary" }, "geometry": { "type": "LineString", "coordinates": [ [ 82.9854065, 25.3355754 ], [ 82.9853252, 25.3356215 ], [ 82.9850483, 25.3357922 ] ] } },
{ "type": "Feature", "properties": { "highway": "tertiary" }, "geometry": { "type": "LineString", "coordinates": [ [ 82.9860752, 25.280852 ], [ 82.9862876, 25.281157 ], [ 82.9863812, 25.2813318 ], [ 82.9864383, 25.2814846 ], [ 82.9864751, 25.28161 ], [ 82.986508, 25.2817908 ], [ 82.986601, 25.2819325 ], [ 82.986725, 25.2821168 ], [ 82.9867583, 25.2821663 ] ] } },
{ "type": "Feature", "properties": { "highway": "primary" }, "geometry": { "type": "LineString", "coordinates": [ [ 82.9860105, 25.2807681 ], [ 82.9854555, 25.2814714 ], [ 82.985152, 25.2817417 ], [ 82.9847945, 25.2820601 ] ] } },
{ "type": "Feature", "properties": { "highway": "tertiary" }, "geometry": { "type": "LineString", "coordinates": [ [ 82.9856621, 25.2800011 ], [ 82.9860105, 25.2807681 ] ] } },
{ "type": "Feature", "properties": { "highway": "secondary" }, "geometry": { "type": "LineString", "coordinates": [ [ 83.0202624, 25.3199919 ], [ 83.0201181, 25.3201202 ], [ 83.0200827, 25.3201986 ], [ 83.0200993, 25.3203489 ] ] } },
{ "type": "Feature", "properties": { "highway": "tertiary" }, "geometry": { "type": "LineString", "coordinates": [ [ 83.0044448, 25.3129675 ], [ 83.0043125, 25.3129658 ] ] } },
{ "type": "Feature", "properties": { "highway": "primary" }, "geometry": { "type": "LineString", "coordinates": [ [ 83.0040685, 25.3134065 ], [ 83.0039383, 25.313609 ], [ 83.0038494, 25.3137496 ], [ 83.0036922, 25.31403 ], [ 83.0036506, 25.3141173 ], [ 83.0036256, 25.3141609 ], [ 83.0035799, 25.3142414 ], [ 83.0034521, 25.3144666 ], [ 83.0033495, 25.3146322 ], [ 83.0032729, 25.314789 ], [ 83.003199, 25.3149116 ], [ 83.0031666, 25.3149926 ] ] } },
{ "type": "Feature", "properties": { "highway": "primary" }, "geometry": { "type": "LineString", "coordinates": [ [ 83.0006295, 25.3201623 ], [ 83.0004855, 25.3203882 ], [ 83.0004056, 25.3205465 ], [ 83.000281, 25.3208023 ], [ 83.000229, 25.3209297 ], [ 83.0001872, 25.3210321 ], [ 83.0000767, 25.3213146 ], [ 83.0000282, 25.3214389 ], [ 83.0000126, 25.321489 ], [ 82.9999572, 25.3216669 ], [ 82.9999255, 25.321782 ], [ 82.9999098, 25.3219048 ], [ 82.9998977, 25.3222968 ], [ 82.9998615, 25.3227393 ], [ 82.9998347, 25.3231569 ] ] } },
{ "type": "Feature", "properties": { "highway": "trunk" }, "geometry": { "type": "LineString", "coordinates": [ [ 83.0237192, 25.3303499 ], [ 83.0242784, 25.3305269 ], [ 83.0244327, 25.3305742 ], [ 83.0245815, 25.330596 ], [ 83.0246915, 25.3305996 ], [ 83.0247854, 25.3305912 ], [ 83.0248739, 25.3305621 ], [ 83.0249865, 25.330493 ], [ 83.0251381, 25.3303754 ], [ 83.0256732, 25.3299111 ], [ 83.0261734, 25.3294954 ], [ 83.02643, 25.3292577 ], [ 83.0268721, 25.3288214 ], [ 83.0269901, 25.3286359 ] ] } },
{ "type": "Feature", "properties": { "highway": "tertiary" }, "geometry": { "type": "LineString", "coordinates": [ [ 82.9963761, 25.3311555 ], [ 82.9963875, 25.3312616 ], [ 82.9964051, 25.3314194 ], [ 82.996381, 25.3322175 ], [ 82.99638, 25.3322635 ], [ 82.9963784, 25.3325573 ] ] } },
{ "type": "Feature", "properties": { "highway": "primary" }, "geometry": { "type": "LineString", "coordinates": [ [ 83.0010814, 25.3194867 ], [ 83.0010166, 25.3195626 ], [ 83.000859, 25.319802 ], [ 83.0008438, 25.3198259 ] ] } },
{ "type": "Feature", "properties": { "highway": "trunk" }, "geometry": { "type": "LineString", "coordinates": [ [ 82.9969727, 25.3507871 ], [ 82.9972206, 25.350832 ] ] } },
{ "type": "Feature", "properties": { "highway": "trunk" }, "geometry": { "type": "LineString", "coordinates": [ [ 82.9972206, 25.350832 ], [ 82.997361, 25.3508561 ] ] } },
{ "type": "Feature", "properties": { "highway": "tertiary_link" }, "geometry": { "type": "LineString", "coordinates": [ [ 82.9627389, 25.3532998 ], [ 82.9627963, 25.3532998 ] ] } },
{ "type": "Feature", "properties": { "highway": "tertiary" }, "geometry": { "type": "LineString", "coordinates": [ [ 82.9697339, 25.3463417 ], [ 82.9695644, 25.3462075 ], [ 82.9691576, 25.3459583 ], [ 82.9684579, 25.3455629 ], [ 82.9681897, 25.3454307 ], [ 82.9681361, 25.3453844 ], [ 82.968097, 25.3453359 ], [ 82.9679654, 25.345142 ], [ 82.9678776, 25.345056 ], [ 82.9677483, 25.3449855 ], [ 82.9675557, 25.3448798 ], [ 82.9674042, 25.3448027 ], [ 82.9672012, 25.3446726 ], [ 82.9671259, 25.3445938 ], [ 82.967044, 25.3445029 ] ] } },
{ "type": "Feature", "properties": { "highway": "tertiary" }, "geometry": { "type": "LineString", "coordinates": [ [ 82.9659381, 25.3425092 ], [ 82.965945, 25.3426819 ], [ 82.9659543, 25.3427431 ], [ 82.9660074, 25.3429348 ], [ 82.966161, 25.3432455 ], [ 82.9663756, 25.3436223 ], [ 82.9666316, 25.3440477 ], [ 82.9667316, 25.3442284 ], [ 82.9668193, 25.3443761 ], [ 82.9669747, 25.3446004 ], [ 82.9670131, 25.3446477 ], [ 82.9671236, 25.3447427 ], [ 82.9675458, 25.3449916 ], [ 82.9677231, 25.3451037 ], [ 82.9678277, 25.345163 ], [ 82.9678795, 25.3452266 ] ] } },
{ "type": "Feature", "properties": { "highway": "tertiary" }, "geometry": { "type": "LineString", "coordinates": [ [ 82.9678795, 25.3452266 ], [ 82.9679068, 25.3452646 ], [ 82.9679904, 25.3454398 ], [ 82.9680426, 25.3454927 ], [ 82.9680866, 25.3455326 ], [ 82.9687121, 25.3458454 ], [ 82.9690966, 25.3460663 ], [ 82.9696476, 25.3463939 ] ] } },
{ "type": "Feature", "properties": { "highway": "tertiary" }, "geometry": { "type": "LineString", "coordinates": [ [ 82.9659881, 25.3318298 ], [ 82.9659979, 25.3321137 ], [ 82.9660281, 25.3325583 ], [ 82.9660557, 25.3329709 ], [ 82.9660726, 25.3333303 ], [ 82.9660949, 25.3339961 ], [ 82.966094, 25.3340653 ], [ 82.9661198, 25.334399 ], [ 82.9661429, 25.334678 ], [ 82.9661669, 25.3349876 ], [ 82.9661936, 25.3352522 ], [ 82.9662283, 25.3356671 ], [ 82.9662541, 25.3359863 ], [ 82.9662755, 25.336226 ], [ 82.9663004, 25.3365878 ], [ 82.9663182, 25.3368958 ], [ 82.9663475, 25.3374635 ], [ 82.9663796, 25.3378189 ], [ 82.9664178, 25.3381582 ], [ 82.9664739, 25.3386029 ], [ 82.966513, 25.339013 ], [ 82.9665379, 25.3394319 ], [ 82.9665415, 25.3396506 ], [ 82.9665286, 25.3397942 ] ] } },
{ "type": "Feature", "properties": { "highway": "tertiary" }, "geometry": { "type": "LineString", "coordinates": [ [ 82.9664673, 25.3401275 ], [ 82.9664141, 25.3403144 ], [ 82.9662955, 25.3408289 ] ] } },
{ "type": "Feature", "properties": { "highway": "tertiary" }, "geometry": { "type": "LineString", "coordinates": [ [ 82.9665286, 25.3397942 ], [ 82.9665181, 25.3398731 ], [ 82.9665104, 25.3399114 ], [ 82.9664673, 25.3401275 ] ] } },
{ "type": "Feature", "properties": { "highway": "tertiary" }, "geometry": { "type": "LineString", "coordinates": [ [ 82.967044, 25.3445029 ], [ 82.9669311, 25.3443577 ], [ 82.9668696, 25.3442779 ], [ 82.9667559, 25.3440944 ], [ 82.9666048, 25.3438441 ], [ 82.9665048, 25.3436532 ], [ 82.9664523, 25.3435696 ], [ 82.9662675, 25.3432155 ], [ 82.9660555, 25.342821 ], [ 82.9660277, 25.3427163 ], [ 82.9660284, 25.3426116 ], [ 82.9660354, 25.342539 ] ] } },
{ "type": "Feature", "properties": { "highway": "tertiary" }, "geometry": { "type": "LineString", "coordinates": [ [ 82.9660354, 25.342539 ], [ 82.9662544, 25.3414453 ] ] } },
{ "type": "Feature", "properties": { "highway": "tertiary" }, "geometry": { "type": "LineString", "coordinates": [ [ 82.9660584, 25.3318258 ], [ 82.9659881, 25.3318298 ] ] } },
{ "type": "Feature", "properties": { "highway": "tertiary" }, "geometry": { "type": "LineString", "coordinates": [ [ 82.9680324, 25.3206454 ], [ 82.9679832, 25.3206334 ], [ 82.9678136, 25.3205978 ], [ 82.9676976, 25.3205878 ], [ 82.9675997, 25.3205896 ], [ 82.9674756, 25.3206024 ], [ 82.9670376, 25.3207018 ], [ 82.9662131, 25.3208788 ], [ 82.9656017, 25.3210042 ], [ 82.965346, 25.3210554 ], [ 82.9652776, 25.3210768 ], [ 82.9652412, 25.3210914 ], [ 82.965219, 25.3211123 ], [ 82.9651968, 25.3211497 ], [ 82.9651877, 25.3211798 ], [ 82.9651766, 25.3212455 ], [ 82.9651861, 25.3217056 ], [ 82.9652436, 25.3224246 ], [ 82.9653378, 25.3235562 ], [ 82.9654129, 25.3243297 ], [ 82.9654468, 25.3249049 ], [ 82.9655573, 25.3258009 ], [ 82.9656515, 25.3259534 ], [ 82.9658187, 25.3261801 ] ] } },
{ "type": "Feature", "properties": { "highway": "tertiary" }, "geometry": { "type": "LineString", "coordinates": [ [ 82.9659, 25.3261627 ], [ 82.965723, 25.3259022 ], [ 82.9656374, 25.3257624 ], [ 82.9656143, 25.3256135 ], [ 82.9655362, 25.3249851 ], [ 82.9655008, 25.3244166 ], [ 82.9654655, 25.3238082 ], [ 82.9654154, 25.3233156 ], [ 82.9653653, 25.3227192 ], [ 82.9653035, 25.3220868 ], [ 82.9652534, 25.321437 ], [ 82.9652573, 25.3213345 ], [ 82.9652617, 25.3212854 ], [ 82.9652635, 25.3212557 ], [ 82.9652689, 25.3212364 ], [ 82.9652893, 25.3212042 ], [ 82.9653222, 25.3211801 ], [ 82.9653712, 25.3211551 ], [ 82.9654753, 25.3211214 ], [ 82.9657546, 25.3210554 ], [ 82.9663721, 25.3209276 ], [ 82.967107, 25.3207514 ], [ 82.9675135, 25.320663 ], [ 82.9676159, 25.3206533 ], [ 82.9677431, 25.3206614 ], [ 82.9680096, 25.3207186 ] ] } },
{ "type": "Feature", "properties": { "highway": "tertiary" }, "geometry": { "type": "LineString", "coordinates": [ [ 82.9660584, 25.3318258 ], [ 82.966057, 25.3310176 ], [ 82.9660888, 25.3305495 ], [ 82.9660895, 25.3305073 ] ] } },
{ "type": "Feature", "properties": { "highway": "tertiary" }, "geometry": { "type": "LineString", "coordinates": [ [ 82.9660097, 25.3305925 ], [ 82.9659985, 25.3309753 ], [ 82.9659881, 25.3318298 ] ] } },
{ "type": "Feature", "properties": { "highway": "tertiary" }, "geometry": { "type": "LineString", "coordinates": [ [ 82.9658187, 25.3261801 ], [ 82.965843, 25.3262443 ], [ 82.9658474, 25.3263614 ], [ 82.9658474, 25.3264985 ], [ 82.965846, 25.3266769 ], [ 82.9658415, 25.3267128 ], [ 82.9658283, 25.326818 ], [ 82.9657947, 25.327039 ], [ 82.9657828, 25.3271722 ], [ 82.9658983, 25.3277951 ], [ 82.9659451, 25.3280684 ], [ 82.9659551, 25.3281832 ], [ 82.9659434, 25.3285229 ], [ 82.9659718, 25.3293837 ], [ 82.9660002, 25.3301644 ], [ 82.9660097, 25.3305925 ] ] } },
{ "type": "Feature", "properties": { "highway": "tertiary" }, "geometry": { "type": "LineString", "coordinates": [ [ 82.9660905, 25.3284214 ], [ 82.9660871, 25.3283357 ], [ 82.9660564, 25.3281602 ], [ 82.9659825, 25.3278244 ], [ 82.9658935, 25.3274082 ], [ 82.9658707, 25.3272643 ], [ 82.9659086, 25.3266956 ], [ 82.9659133, 25.3263484 ], [ 82.9659074, 25.3262246 ], [ 82.9659, 25.3261627 ] ] } },
{ "type": "Feature", "properties": { "highway": "tertiary" }, "geometry": { "type": "LineString", "coordinates": [ [ 82.9660895, 25.3305073 ], [ 82.9661021, 25.3298171 ], [ 82.9661238, 25.3292523 ], [ 82.9660975, 25.3285949 ] ] } },
{ "type": "Feature", "properties": { "highway": "tertiary" }, "geometry": { "type": "LineString", "coordinates": [ [ 82.9660975, 25.3285949 ], [ 82.9660905, 25.3284214 ] ] } },
{ "type": "Feature", "properties": { "highway": "tertiary" }, "geometry": { "type": "LineString", "coordinates": [ [ 82.9680096, 25.3207186 ], [ 82.9681176, 25.3207418 ], [ 82.9684539, 25.3208447 ], [ 82.9688134, 25.3209444 ], [ 82.9689673, 25.3209919 ], [ 82.9690518, 25.321016 ], [ 82.9691034, 25.3210241 ], [ 82.9691479, 25.3210241 ], [ 82.969212, 25.3210192 ], [ 82.9692902, 25.3210048 ], [ 82.9693596, 25.3209847 ], [ 82.9694139, 25.3209493 ], [ 82.9695245, 25.3208039 ], [ 82.9695394, 25.3207844 ], [ 82.9696018, 25.3206374 ], [ 82.9696546, 25.3203877 ], [ 82.9697468, 25.3200717 ] ] } },
{ "type": "Feature", "properties": { "highway": "tertiary" }, "geometry": { "type": "LineString", "coordinates": [ [ 82.9696115, 25.320003 ], [ 82.9695911, 25.320077 ], [ 82.9695578, 25.320179 ], [ 82.9695011, 25.3203751 ], [ 82.9694162, 25.320728 ], [ 82.9693917, 25.3207882 ], [ 82.9693577, 25.3208223 ], [ 82.9693002, 25.3208679 ], [ 82.9692467, 25.3208898 ], [ 82.9691882, 25.3209034 ], [ 82.9691357, 25.3209053 ], [ 82.969064, 25.3209034 ], [ 82.968949, 25.3208843 ], [ 82.9688016, 25.3208487 ], [ 82.9685786, 25.3207849 ], [ 82.9683626, 25.3207256 ], [ 82.9680324, 25.3206454 ] ] } },
{ "type": "Feature", "properties": { "highway": "tertiary" }, "geometry": { "type": "LineString", "coordinates": [ [ 82.9697391, 25.320168 ], [ 82.9695627, 25.320042 ], [ 82.9694906, 25.3199905 ], [ 82.9692463, 25.319818 ], [ 82.9688823, 25.3195609 ], [ 82.9686666, 25.3194055 ], [ 82.9684885, 25.3192772 ], [ 82.9681761, 25.3190257 ], [ 82.9679371, 25.3188285 ], [ 82.9677338, 25.3186607 ], [ 82.9675876, 25.3185255 ], [ 82.9674567, 25.318327 ] ] } },
{ "type": "Feature", "properties": { "highway": "tertiary" }, "geometry": { "type": "LineString", "coordinates": [ [ 82.9697468, 25.3200717 ], [ 82.9697635, 25.3200159 ], [ 82.9697669, 25.3199899 ], [ 82.9697641, 25.319979 ] ] } },
{ "type": "Feature", "properties": { "highway": "tertiary" }, "geometry": { "type": "LineString", "coordinates": [ [ 82.9697641, 25.319979 ], [ 82.9697499, 25.3199299 ], [ 82.9696101, 25.3196785 ], [ 82.9695085, 25.3195137 ], [ 82.9694337, 25.3193489 ], [ 82.969291, 25.318997 ] ] } },
{ "type": "Feature", "properties": { "highway": "tertiary" }, "geometry": { "type": "LineString", "coordinates": [ [ 82.9695836, 25.3199666 ], [ 82.9696047, 25.3199837 ], [ 82.9696115, 25.320003 ] ] } },
{ "type": "Feature", "properties": { "highway": "tertiary" }, "geometry": { "type": "LineString", "coordinates": [ [ 82.9676705, 25.3184593 ], [ 82.9685594, 25.3192173 ], [ 82.9687225, 25.319339 ], [ 82.9687857, 25.3193861 ] ] } },
{ "type": "Feature", "properties": { "highway": "tertiary" }, "geometry": { "type": "LineString", "coordinates": [ [ 82.9681379, 25.3162974 ], [ 82.9682423, 25.3165084 ], [ 82.9683188, 25.3166632 ], [ 82.9684955, 25.3169674 ], [ 82.9685393, 25.3170446 ], [ 82.9686617, 25.3172512 ], [ 82.9687744, 25.3174881 ], [ 82.9688494, 25.3176599 ], [ 82.9689049, 25.3178076 ], [ 82.9689854, 25.318068 ] ] } },
{ "type": "Feature", "properties": { "highway": "tertiary" }, "geometry": { "type": "LineString", "coordinates": [ [ 82.9697641, 25.319979 ], [ 82.9697196, 25.3199523 ], [ 82.9695031, 25.3195843 ] ] } },
{ "type": "Feature", "properties": { "highway": "tertiary" }, "geometry": { "type": "LineString", "coordinates": [ [ 82.9694772, 25.3196207 ], [ 82.9696115, 25.320003 ] ] } },
{ "type": "Feature", "properties": { "highway": "tertiary" }, "geometry": { "type": "LineString", "coordinates": [ [ 82.9695031, 25.3195843 ], [ 82.9694739, 25.3195429 ] ] } },
{ "type": "Feature", "properties": { "highway": "tertiary" }, "geometry": { "type": "LineString", "coordinates": [ [ 82.9694739, 25.3195429 ], [ 82.9694667, 25.3195909 ], [ 82.9694772, 25.3196207 ] ] } },
{ "type": "Feature", "properties": { "highway": "tertiary" }, "geometry": { "type": "LineString", "coordinates": [ [ 82.9694739, 25.3195429 ], [ 82.9693418, 25.3192513 ], [ 82.9692582, 25.3190504 ], [ 82.969166, 25.3187467 ], [ 82.9691173, 25.3185282 ], [ 82.9690614, 25.3182993 ], [ 82.9690211, 25.318172 ], [ 82.968999, 25.3181028 ] ] } },
{ "type": "Feature", "properties": { "highway": "tertiary" }, "geometry": { "type": "LineString", "coordinates": [ [ 82.9679633, 25.3160984 ], [ 82.9680636, 25.316309 ], [ 82.9681912, 25.3165727 ], [ 82.9684737, 25.3170422 ], [ 82.9684921, 25.3170727 ], [ 82.9688036, 25.3176715 ], [ 82.9689609, 25.3181719 ], [ 82.969069, 25.3186203 ], [ 82.9691765, 25.3189694 ], [ 82.9692734, 25.3192206 ], [ 82.9693727, 25.3194588 ], [ 82.9694475, 25.3196285 ], [ 82.9694895, 25.3197431 ], [ 82.9695113, 25.3197992 ] ] } },
{ "type": "Feature", "properties": { "highway": "tertiary" }, "geometry": { "type": "LineString", "coordinates": [ [ 82.968074, 25.3161689 ], [ 82.9681379, 25.3162974 ] ] } },
{ "type": "Feature", "properties": { "highway": "primary" }, "geometry": { "type": "LineString", "coordinates": [ [ 82.9675764, 25.3141354 ], [ 82.9675517, 25.3146157 ], [ 82.9675404, 25.3147604 ], [ 82.9675512, 25.3149296 ], [ 82.9675758, 25.3150301 ], [ 82.9676168, 25.3152224 ], [ 82.967625, 25.3152497 ], [ 82.9676973, 25.3154903 ], [ 82.9678052, 25.3157417 ], [ 82.9679329, 25.3160441 ], [ 82.9679633, 25.3160984 ] ] } },
{ "type": "Feature", "properties": { "highway": "tertiary" }, "geometry": { "type": "LineString", "coordinates": [ [ 82.9676092, 25.3145614 ], [ 82.9676099, 25.3146521 ], [ 82.9676086, 25.3148096 ], [ 82.9676161, 25.3149283 ], [ 82.9676744, 25.3152115 ], [ 82.9676787, 25.3152284 ], [ 82.9677241, 25.3154079 ], [ 82.9677589, 25.3155194 ], [ 82.9678193, 25.3156649 ], [ 82.9679051, 25.3158407 ], [ 82.9680083, 25.3160454 ], [ 82.968074, 25.3161689 ] ] } },
{ "type": "Feature", "properties": { "highway": "tertiary" }, "geometry": { "type": "LineString", "coordinates": [ [ 82.968999, 25.3181028 ], [ 82.9689854, 25.318068 ] ] } },
{ "type": "Feature", "properties": { "highway": "tertiary" }, "geometry": { "type": "LineString", "coordinates": [ [ 82.9695113, 25.3197992 ], [ 82.9695291, 25.3198596 ], [ 82.969532, 25.3198762 ], [ 82.9695627, 25.320042 ] ] } },
{ "type": "Feature", "properties": { "highway": "tertiary" }, "geometry": { "type": "LineString", "coordinates": [ [ 82.967619, 25.314042 ], [ 82.9676092, 25.3145614 ] ] } },
{ "type": "Feature", "properties": { "highway": "tertiary" }, "geometry": { "type": "LineString", "coordinates": [ [ 82.967619, 25.314042 ], [ 82.967665, 25.3140307 ] ] } },
{ "type": "Feature", "properties": { "highway": "primary" }, "geometry": { "type": "LineString", "coordinates": [ [ 82.967573, 25.3140381 ], [ 82.9675764, 25.3141354 ] ] } },
{ "type": "Feature", "properties": { "highway": "tertiary" }, "geometry": { "type": "LineString", "coordinates": [ [ 82.967573, 25.3140381 ], [ 82.967619, 25.314042 ] ] } },
{ "type": "Feature", "properties": { "highway": "tertiary_link" }, "geometry": { "type": "LineString", "coordinates": [ [ 82.9656515, 25.3259534 ], [ 82.965723, 25.3259022 ] ] } },
{ "type": "Feature", "properties": { "highway": "tertiary" }, "geometry": { "type": "LineString", "coordinates": [ [ 83.0167146, 25.3204815 ], [ 83.0167775, 25.3203629 ], [ 83.0168054, 25.3202341 ], [ 83.0169009, 25.3198546 ], [ 83.0169105, 25.3197977 ] ] } },
{ "type": "Feature", "properties": { "highway": "tertiary" }, "geometry": { "type": "LineString", "coordinates": [ [ 83.0168422, 25.3197865 ], [ 83.0168289, 25.3198409 ], [ 83.0167727, 25.3200987 ], [ 83.0167378, 25.3202357 ], [ 83.0167118, 25.3203597 ], [ 83.0167146, 25.3204815 ] ] } },
{ "type": "Feature", "properties": { "highway": "tertiary" }, "geometry": { "type": "LineString", "coordinates": [ [ 83.0167146, 25.3204815 ], [ 83.0167155, 25.3206167 ], [ 83.0167972, 25.3210118 ], [ 83.016813, 25.3211141 ], [ 83.0168224, 25.3212364 ], [ 83.0168412, 25.3213461 ] ] } },
{ "type": "Feature", "properties": { "highway": "primary" }, "geometry": { "type": "LineString", "coordinates": [ [ 82.9696362, 25.3021553 ], [ 82.9696692, 25.3021596 ], [ 82.9697283, 25.3021686 ], [ 82.9697792, 25.3021764 ] ] } },
{ "type": "Feature", "properties": { "highway": "primary" }, "geometry": { "type": "LineString", "coordinates": [ [ 82.9754247, 25.3032059 ], [ 82.9754797, 25.3032417 ] ] } },
{ "type": "Feature", "properties": { "highway": "primary" }, "geometry": { "type": "LineString", "coordinates": [ [ 82.9755098, 25.3031992 ], [ 82.9754247, 25.3032059 ] ] } },
{ "type": "Feature", "properties": { "highway": "primary" }, "geometry": { "type": "LineString", "coordinates": [ [ 82.9698863, 25.2893989 ], [ 82.9699087, 25.2895294 ] ] } },
{ "type": "Feature", "properties": { "highway": "primary" }, "geometry": { "type": "LineString", "coordinates": [ [ 82.9701407, 25.2964991 ], [ 82.9701273, 25.2965674 ] ] } },
{ "type": "Feature", "properties": { "highway": "trunk" }, "geometry": { "type": "LineString", "coordinates": [ [ 82.9783258, 25.3201912 ], [ 82.9785186, 25.3202667 ] ] } },
{ "type": "Feature", "properties": { "highway": "trunk" }, "geometry": { "type": "LineString", "coordinates": [ [ 82.9819835, 25.3216304 ], [ 82.9821122, 25.3216635 ] ] } },
{ "type": "Feature", "properties": { "highway": "trunk" }, "geometry": { "type": "LineString", "coordinates": [ [ 82.9821314, 25.3215954 ], [ 82.9820074, 25.3215533 ] ] } },
{ "type": "Feature", "properties": { "highway": "trunk" }, "geometry": { "type": "LineString", "coordinates": [ [ 82.9943491, 25.331697 ], [ 82.9944775, 25.3317718 ] ] } },
{ "type": "Feature", "properties": { "highway": "trunk" }, "geometry": { "type": "LineString", "coordinates": [ [ 82.9967658, 25.3507281 ], [ 82.9968441, 25.3507505 ], [ 82.9969727, 25.3507871 ] ] } },
{ "type": "Feature", "properties": { "highway": "trunk" }, "geometry": { "type": "LineString", "coordinates": [ [ 82.9885957, 25.3479067 ], [ 82.988715, 25.3479711 ] ] } },
{ "type": "Feature", "properties": { "highway": "trunk" }, "geometry": { "type": "LineString", "coordinates": [ [ 82.9500477, 25.361533 ], [ 82.9502602, 25.3614792 ], [ 82.9509146, 25.3613495 ], [ 82.9512218, 25.3613107 ], [ 82.951604, 25.3612853 ], [ 82.9520479, 25.3612756 ], [ 82.9521274, 25.3612743 ] ] } },
{ "type": "Feature", "properties": { "highway": "trunk" }, "geometry": { "type": "LineString", "coordinates": [ [ 82.9521274, 25.3612743 ], [ 82.9523188, 25.3612712 ] ] } },
{ "type": "Feature", "properties": { "highway": "trunk" }, "geometry": { "type": "LineString", "coordinates": [ [ 82.9520988, 25.3612046 ], [ 82.9516456, 25.3612126 ], [ 82.95127, 25.3612308 ], [ 82.9510649, 25.3612453 ], [ 82.9506665, 25.3613192 ], [ 82.9502723, 25.3614028 ], [ 82.9499617, 25.3614679 ] ] } },
{ "type": "Feature", "properties": { "highway": "trunk" }, "geometry": { "type": "LineString", "coordinates": [ [ 82.9522642, 25.3612017 ], [ 82.9520988, 25.3612046 ] ] } },
{ "type": "Feature", "properties": { "highway": "tertiary" }, "geometry": { "type": "LineString", "coordinates": [ [ 82.9486747, 25.3606378 ], [ 82.9482574, 25.3611004 ], [ 82.9478923, 25.361522 ], [ 82.9476727, 25.3617957 ], [ 82.9474854, 25.3620645 ] ] } },
{ "type": "Feature", "properties": { "highway": "tertiary" }, "geometry": { "type": "LineString", "coordinates": [ [ 82.9474854, 25.3620645 ], [ 82.9473312, 25.3623474 ] ] } },
{ "type": "Feature", "properties": { "highway": "trunk" }, "geometry": { "type": "LineString", "coordinates": [ [ 83.0467184, 25.3136689 ], [ 83.0465788, 25.3137124 ], [ 83.0453307, 25.3141281 ], [ 83.044618, 25.3143635 ] ] } },
{ "type": "Feature", "properties": { "highway": "trunk" }, "geometry": { "type": "LineString", "coordinates": [ [ 83.0342222, 25.3259978 ], [ 83.0341538, 25.325921 ], [ 83.0340734, 25.3258393 ], [ 83.0339882, 25.3257595 ] ] } },
{ "type": "Feature", "properties": { "highway": "tertiary" }, "geometry": { "type": "LineString", "coordinates": [ [ 82.9856345, 25.2799329 ], [ 82.9856621, 25.2800011 ] ] } },
{ "type": "Feature", "properties": { "highway": "trunk_link" }, "geometry": { "type": "LineString", "coordinates": [ [ 82.993722, 25.349115 ], [ 82.9936329, 25.3491654 ], [ 82.9935846, 25.3492672 ], [ 82.993547, 25.3493181 ], [ 82.9935037, 25.3493466 ], [ 82.993488, 25.3493569 ], [ 82.9933906, 25.3494133 ] ] } },
{ "type": "Feature", "properties": { "highway": "tertiary" }, "geometry": { "type": "LineString", "coordinates": [ [ 82.9888289, 25.3162095 ], [ 82.9889224, 25.3162198 ], [ 82.9892677, 25.3162509 ], [ 82.9896457, 25.3162844 ], [ 82.989973, 25.3163486 ], [ 82.9901688, 25.316402 ], [ 82.9903552, 25.3164832 ], [ 82.9904947, 25.3165717 ], [ 82.9906248, 25.3166869 ], [ 82.9907025, 25.3167996 ], [ 82.9907361, 25.3168954 ], [ 82.9907629, 25.3170021 ], [ 82.9907915, 25.3171364 ], [ 82.9908071, 25.317226 ], [ 82.9908178, 25.3174372 ], [ 82.9908202, 25.3175183 ], [ 82.9908416, 25.3180706 ], [ 82.990859, 25.3186239 ] ] } },
{ "type": "Feature", "properties": { "highway": "tertiary" }, "geometry": { "type": "LineString", "coordinates": [ [ 82.9909466, 25.3186168 ], [ 82.9909144, 25.3180567 ], [ 82.9909158, 25.3175185 ], [ 82.990897, 25.3174288 ], [ 82.9908863, 25.3172178 ], [ 82.9908702, 25.3171378 ], [ 82.9908541, 25.3169705 ], [ 82.9907817, 25.3167402 ], [ 82.9906878, 25.3166141 ], [ 82.9905698, 25.3165074 ], [ 82.9904518, 25.3164153 ], [ 82.9901165, 25.3162674 ], [ 82.9896364, 25.3161947 ], [ 82.9892136, 25.3161731 ], [ 82.9889371, 25.3161476 ], [ 82.9888424, 25.3161389 ] ] } },
{ "type": "Feature", "properties": { "highway": "tertiary" }, "geometry": { "type": "LineString", "coordinates": [ [ 82.9969672, 25.2929917 ], [ 82.9968152, 25.2929788 ], [ 82.9964671, 25.2930426 ], [ 82.9960898, 25.2931175 ], [ 82.9957124, 25.2931956 ], [ 82.9955797, 25.2932419 ] ] } },
{ "type": "Feature", "properties": { "highway": "tertiary" }, "geometry": { "type": "LineString", "coordinates": [ [ 82.9955797, 25.2932419 ], [ 82.9957317, 25.2932661 ], [ 82.9960716, 25.2932076 ], [ 82.9965639, 25.2931103 ], [ 82.9968422, 25.2930577 ], [ 82.9969672, 25.2929917 ] ] } },
{ "type": "Feature", "properties": { "highway": "tertiary" }, "geometry": { "type": "LineString", "coordinates": [ [ 82.9969672, 25.2929917 ], [ 82.9970085, 25.2929866 ], [ 82.9975117, 25.2929125 ] ] } },
{ "type": "Feature", "properties": { "highway": "primary" }, "geometry": { "type": "LineString", "coordinates": [ [ 82.9685727, 25.3019896 ], [ 82.9690569, 25.3020993 ], [ 82.9692397, 25.3021036 ] ] } },
{ "type": "Feature", "properties": { "highway": "primary" }, "geometry": { "type": "LineString", "coordinates": [ [ 82.9685006, 25.3019128 ], [ 82.9684721, 25.301974 ] ] } },
{ "type": "Feature", "properties": { "highway": "tertiary" }, "geometry": { "type": "LineString", "coordinates": [ [ 82.9785186, 25.3202667 ], [ 82.9784676, 25.3202122 ], [ 82.9784167, 25.3201576 ], [ 82.9783657, 25.3201297 ], [ 82.9778786, 25.3199346 ], [ 82.9777877, 25.3198982 ], [ 82.977575, 25.3198091 ], [ 82.9770327, 25.3195818 ], [ 82.9769721, 25.3195532 ], [ 82.9769093, 25.3195236 ] ] } },
{ "type": "Feature", "properties": { "highway": "trunk_link" }, "geometry": { "type": "LineString", "coordinates": [ [ 82.9994396, 25.333382 ], [ 82.9994007, 25.3334701 ] ] } },
{ "type": "Feature", "properties": { "highway": "tertiary" }, "geometry": { "type": "LineString", "coordinates": [ [ 83.0219583, 25.341917 ], [ 83.0223258, 25.342028 ], [ 83.022413, 25.3420656 ], [ 83.0224565, 25.3420874 ], [ 83.0225182, 25.3421286 ], [ 83.0225923, 25.342184 ], [ 83.0226252, 25.3422022 ], [ 83.0226624, 25.3422098 ], [ 83.0227164, 25.3422152 ], [ 83.022997, 25.3422286 ] ] } },
{ "type": "Feature", "properties": { "highway": "tertiary" }, "geometry": { "type": "LineString", "coordinates": [ [ 83.0020392, 25.3435898 ], [ 83.0021462, 25.3435958 ], [ 83.0023836, 25.3435752 ], [ 83.0025727, 25.3435449 ], [ 83.0028462, 25.3434721 ], [ 83.0035584, 25.3432285 ], [ 83.0041189, 25.3430285 ], [ 83.0043805, 25.3429279 ], [ 83.0047184, 25.3427728 ], [ 83.004941, 25.3426673 ], [ 83.0051757, 25.3425437 ], [ 83.0054145, 25.342408 ], [ 83.0060381, 25.3420686 ], [ 83.006262, 25.341985 ], [ 83.0064887, 25.3419159 ], [ 83.0066778, 25.3418747 ], [ 83.0068816, 25.3418395 ], [ 83.0072152, 25.3418314 ], [ 83.0076817, 25.3418152 ], [ 83.0092446, 25.3417365 ], [ 83.0095974, 25.3417262 ], [ 83.0103149, 25.3416977 ], [ 83.0106438, 25.3416846 ], [ 83.0108991, 25.3416604 ], [ 83.0111316, 25.3416274 ], [ 83.011896, 25.3414904 ], [ 83.012704, 25.3413614 ], [ 83.0128428, 25.3413504 ], [ 83.01305, 25.3413456 ], [ 83.0134383, 25.3413408 ], [ 83.0137695, 25.3413438 ], [ 83.0141806, 25.3413644 ], [ 83.0150684, 25.3414232 ], [ 83.0157517, 25.3414589 ], [ 83.016154, 25.3414577 ], [ 83.0163605, 25.3414468 ], [ 83.0166113, 25.3414056 ], [ 83.0169493, 25.3413365 ], [ 83.0171706, 25.3412662 ], [ 83.0174012, 25.3411668 ], [ 83.0179793, 25.3409002 ], [ 83.018332, 25.3407584 ], [ 83.0184808, 25.3407208 ], [ 83.0186082, 25.340705 ], [ 83.0187558, 25.340705 ], [ 83.0189328, 25.3407268 ], [ 83.0191769, 25.3407874 ], [ 83.0195899, 25.3409353 ], [ 83.0203222, 25.3412589 ], [ 83.0208077, 25.3414747 ], [ 83.0214407, 25.3417244 ], [ 83.0219583, 25.341917 ] ] } },
{ "type": "Feature", "properties": { "highway": "primary" }, "geometry": { "type": "LineString", "coordinates": [ [ 82.9762086, 25.303397 ], [ 82.9758327, 25.3032905 ], [ 82.9755098, 25.3031992 ] ] } },
{ "type": "Feature", "properties": { "highway": "primary" }, "geometry": { "type": "LineString", "coordinates": [ [ 83.0043125, 25.3129658 ], [ 83.0040685, 25.3134065 ] ] } },
{ "type": "Feature", "properties": { "highway": "primary" }, "geometry": { "type": "LineString", "coordinates": [ [ 83.0042115, 25.3133857 ], [ 83.0044448, 25.3129675 ], [ 83.0047506, 25.3124061 ], [ 83.0050403, 25.3118036 ], [ 83.0051516, 25.3115999 ], [ 83.0054533, 25.3109319 ], [ 83.0055472, 25.3106858 ], [ 83.0055861, 25.3104761 ], [ 83.0056009, 25.3102724 ], [ 83.0056022, 25.3099996 ], [ 83.0055808, 25.3096977 ], [ 83.0055698, 25.3096431 ] ] } },
{ "type": "Feature", "properties": { "highway": "tertiary" }, "geometry": { "type": "LineString", "coordinates": [ [ 82.9967218, 25.35078 ], [ 82.9968326, 25.3508069 ], [ 82.9969727, 25.3507871 ] ] } },
{ "type": "Feature", "properties": { "highway": "tertiary" }, "geometry": { "type": "LineString", "coordinates": [ [ 82.9969727, 25.3507871 ], [ 82.9968578, 25.3507055 ], [ 82.9967877, 25.3506893 ] ] } },
{ "type": "Feature", "properties": { "highway": "primary" }, "geometry": { "type": "LineString", "coordinates": [ [ 83.0008438, 25.3198259 ], [ 83.0006295, 25.3201623 ] ] } },
{ "type": "Feature", "properties": { "highway": "tertiary" }, "geometry": { "type": "LineString", "coordinates": [ [ 82.9974619, 25.2968326 ], [ 82.9975415, 25.2969462 ], [ 82.9976405, 25.2970444 ], [ 82.9977361, 25.2971289 ], [ 82.9978057, 25.2971785 ], [ 82.9979131, 25.297234 ], [ 82.9980356, 25.2972964 ], [ 82.9981724, 25.2973518 ], [ 82.9982695, 25.2973826 ], [ 82.998342, 25.297411 ], [ 82.9984689, 25.2974598 ], [ 82.9984973, 25.2975202 ], [ 82.9985427, 25.297658 ], [ 82.9985631, 25.2977279 ], [ 82.998594, 25.297826 ], [ 82.9988412, 25.2986094 ], [ 82.9989253, 25.2989301 ], [ 82.9990062, 25.2991742 ], [ 82.999071, 25.2993732 ], [ 82.9989936, 25.2994688 ], [ 82.9989321, 25.2995467 ], [ 82.9988828, 25.2996284 ], [ 82.9989184, 25.2996723 ], [ 82.9989552, 25.2997264 ], [ 82.9991037, 25.2998828 ], [ 82.9991767, 25.3000101 ], [ 82.9992166, 25.3000907 ] ] } },
{ "type": "Feature", "properties": { "highway": "tertiary" }, "geometry": { "type": "LineString", "coordinates": [ [ 82.9975782, 25.2966834 ], [ 82.9973263, 25.2967157 ] ] } },
{ "type": "Feature", "properties": { "highway": "trunk" }, "geometry": { "type": "LineString", "coordinates": [ [ 82.9535587, 25.3051674 ], [ 82.9534665, 25.3051889 ], [ 82.9528936, 25.3053226 ], [ 82.9520776, 25.3055108 ], [ 82.9519882, 25.3055428 ], [ 82.9518429, 25.3055898 ], [ 82.951676, 25.3056635 ], [ 82.9512881, 25.3058286 ], [ 82.9508306, 25.3060568 ], [ 82.9505517, 25.3062059 ], [ 82.9501501, 25.3063941 ], [ 82.9499527, 25.3064509 ], [ 82.9498241, 25.3064846 ], [ 82.94905, 25.306583 ], [ 82.9488309, 25.3066048 ] ] } },
{ "type": "Feature", "properties": { "highway": "trunk" }, "geometry": { "type": "LineString", "coordinates": [ [ 82.9457557, 25.3068486 ], [ 82.9447763, 25.3069506 ], [ 82.9442591, 25.3070493 ] ] } },
{ "type": "Feature", "properties": { "highway": "trunk" }, "geometry": { "type": "LineString", "coordinates": [ [ 82.9485361, 25.3066273 ], [ 82.9471175, 25.3067421 ], [ 82.9457557, 25.3068486 ] ] } },
{ "type": "Feature", "properties": { "highway": "trunk" }, "geometry": { "type": "LineString", "coordinates": [ [ 82.9488309, 25.3066048 ], [ 82.9485361, 25.3066273 ] ] } },
{ "type": "Feature", "properties": { "highway": "tertiary" }, "geometry": { "type": "LineString", "coordinates": [ [ 82.9536342, 25.3051724 ], [ 82.9535587, 25.3051674 ] ] } },
{ "type": "Feature", "properties": { "highway": "primary" }, "geometry": { "type": "LineString", "coordinates": [ [ 82.9535933, 25.3052128 ], [ 82.9535587, 25.3051674 ] ] } },
{ "type": "Feature", "properties": { "highway": "tertiary" }, "geometry": { "type": "LineString", "coordinates": [ [ 82.9535933, 25.3052128 ], [ 82.9536342, 25.3051724 ] ] } },
{ "type": "Feature", "properties": { "highway": "primary_link" }, "geometry": { "type": "LineString", "coordinates": [ [ 83.0035799, 25.3142414 ], [ 83.0036978, 25.314284 ] ] } },
{ "type": "Feature", "properties": { "highway": "primary" }, "geometry": { "type": "LineString", "coordinates": [ [ 83.0021192, 25.3181354 ], [ 83.0019678, 25.3183961 ], [ 83.0018611, 25.3185758 ], [ 83.0018407, 25.3185878 ], [ 83.0017633, 25.318688 ], [ 83.0016676, 25.318786 ], [ 83.0016067, 25.3188423 ], [ 83.0015368, 25.3189162 ], [ 83.0014219, 25.3190141 ], [ 83.0013424, 25.3190835 ], [ 83.0012783, 25.3191556 ], [ 83.0012173, 25.3192619 ], [ 83.001109, 25.3194339 ], [ 83.0010814, 25.3194867 ] ] } },
{ "type": "Feature", "properties": { "highway": "secondary" }, "geometry": { "type": "LineString", "coordinates": [ [ 83.0130139, 25.318812 ], [ 83.012995, 25.3187893 ], [ 83.0129692, 25.3187729 ], [ 83.0129391, 25.3187646 ], [ 83.0129076, 25.3187651 ], [ 83.0128778, 25.3187743 ], [ 83.0128526, 25.3187915 ] ] } },
{ "type": "Feature", "properties": { "highway": "secondary" }, "geometry": { "type": "LineString", "coordinates": [ [ 83.0129986, 25.3189163 ], [ 83.0130155, 25.3188946 ], [ 83.0130247, 25.3188674 ], [ 83.0130242, 25.318839 ], [ 83.0130139, 25.318812 ] ] } },
{ "type": "Feature", "properties": { "highway": "primary" }, "geometry": { "type": "LineString", "coordinates": [ [ 82.9685912, 25.3019247 ], [ 82.9685006, 25.3019128 ] ] } },
{ "type": "Feature", "properties": { "highway": "primary" }, "geometry": { "type": "LineString", "coordinates": [ [ 83.0031666, 25.3149926 ], [ 83.0031233, 25.3151349 ], [ 83.003083, 25.315316 ], [ 83.0030599, 25.3154262 ], [ 83.0030438, 25.3155031 ], [ 83.0030355, 25.3155507 ], [ 83.003026, 25.3156067 ], [ 83.0029716, 25.3159316 ], [ 83.0029082, 25.3161654 ] ] } },
{ "type": "Feature", "properties": { "highway": "primary" }, "geometry": { "type": "LineString", "coordinates": [ [ 82.9984629, 25.2788413 ], [ 82.997959, 25.2788197 ], [ 82.99768, 25.2788271 ], [ 82.9971747, 25.2788655 ], [ 82.9967182, 25.278936 ], [ 82.9962422, 25.2790058 ], [ 82.9959537, 25.2790289 ], [ 82.9955373, 25.2789766 ], [ 82.9949391, 25.2788407 ], [ 82.9946441, 25.2787792 ] ] } },
{ "type": "Feature", "properties": { "highway": "tertiary" }, "geometry": { "type": "LineString", "coordinates": [ [ 83.0127152, 25.3187865 ], [ 83.0127137, 25.318836 ] ] } },
{ "type": "Feature", "properties": { "highway": "secondary" }, "geometry": { "type": "LineString", "coordinates": [ [ 83.0128526, 25.3187915 ], [ 83.0127152, 25.3187865 ] ] } },
{ "type": "Feature", "properties": { "highway": "tertiary" }, "geometry": { "type": "LineString", "coordinates": [ [ 82.9967324, 25.3077008 ], [ 82.9967695, 25.3073735 ], [ 82.9967723, 25.3073298 ], [ 82.9967783, 25.3072341 ], [ 82.9967674, 25.3071085 ], [ 82.9967476, 25.3070227 ], [ 82.996742, 25.3069985 ], [ 82.9966849, 25.3068712 ], [ 82.9966278, 25.3067439 ], [ 82.9965733, 25.3065964 ], [ 82.9965459, 25.306471 ] ] } },
{ "type": "Feature", "properties": { "highway": "primary" }, "geometry": { "type": "LineString", "coordinates": [ [ 82.9847965, 25.2821757 ], [ 82.9848971, 25.2820884 ], [ 82.9852772, 25.2817741 ], [ 82.9854662, 25.281583 ], [ 82.9856288, 25.2813992 ], [ 82.9858565, 25.281118 ], [ 82.9860752, 25.280852 ] ] } },
{ "type": "Feature", "properties": { "highway": "tertiary" }, "geometry": { "type": "LineString", "coordinates": [ [ 82.9860105, 25.2807681 ], [ 82.9860752, 25.280852 ] ] } },
{ "type": "Feature", "properties": { "highway": "tertiary" }, "geometry": { "type": "LineString", "coordinates": [ [ 82.995433, 25.291979 ], [ 82.9954273, 25.2919287 ], [ 82.9954324, 25.2916995 ], [ 82.9954345, 25.2916036 ], [ 82.9954365, 25.2914159 ], [ 82.9954271, 25.2912795 ], [ 82.9953987, 25.291117 ], [ 82.9953478, 25.2908977 ], [ 82.99532, 25.2907785 ], [ 82.9952971, 25.2907076 ] ] } },
{ "type": "Feature", "properties": { "highway": "tertiary" }, "geometry": { "type": "LineString", "coordinates": [ [ 82.9954633, 25.2920624 ], [ 82.995455, 25.2920472 ], [ 82.9954425, 25.2920244 ], [ 82.995433, 25.291979 ] ] } },
{ "type": "Feature", "properties": { "highway": "trunk" }, "geometry": { "type": "LineString", "coordinates": [ [ 83.0369621, 25.3185076 ], [ 83.0382131, 25.3164915 ], [ 83.0382471, 25.3164427 ], [ 83.0382846, 25.3164004 ], [ 83.0383389, 25.3163604 ], [ 83.0384021, 25.3163239 ], [ 83.0384844, 25.3162883 ], [ 83.0385848, 25.3162548 ], [ 83.0390569, 25.316102 ] ] } },
{ "type": "Feature", "properties": { "highway": "primary" }, "geometry": { "type": "LineString", "coordinates": [ [ 83.0024726, 25.3174121 ], [ 83.0024149, 25.3175276 ], [ 83.0022164, 25.3179419 ], [ 83.0021192, 25.3181354 ] ] } }
]
}
